0 verbose cli C:\Program Files\nodejs\node.exe C:\Program Files\nodejs\node_modules\npm\bin\npm-cli.js
1 info using npm@10.9.3
2 info using node@v22.19.0
3 silly config load:file:C:\Program Files\nodejs\node_modules\npm\npmrc
4 silly config load:file:C:\Users\sh87k\Documents\Codex\2026-08-05\build-phase-1-of-my-e\frontend\.npmrc
5 silly config load:file:C:\Users\sh87k\.npmrc
6 silly config load:file:C:\Users\sh87k\AppData\Roaming\npm\etc\npmrc
7 verbose title npm install
8 verbose argv "install" "--cache" "..\\work\\npm-cache"
9 verbose logfile logs-max:10 dir:C:\Users\sh87k\Documents\Codex\2026-08-05\build-phase-1-of-my-e\work\npm-cache\_logs\2026-08-04T18_41_38_646Z-
10 verbose logfile C:\Users\sh87k\Documents\Codex\2026-08-05\build-phase-1-of-my-e\work\npm-cache\_logs\2026-08-04T18_41_38_646Z-debug-0.log
11 silly logfile done cleaning log files
12 silly packumentCache heap:4345298944 maxSize:1086324736 maxEntrySize:543162368
13 silly idealTree buildDeps
14 silly fetch manifest @radix-ui/react-slot@^1.1.2
15 silly packumentCache full:https://registry.npmjs.org/@radix-ui%2freact-slot cache-miss
16 http fetch GET 200 https://registry.npmjs.org/@radix-ui%2freact-slot 2965ms (cache miss)
17 silly packumentCache full:https://registry.npmjs.org/@radix-ui%2freact-slot set size:undefined disposed:false
18 silly fetch manifest @types/react@^19.0.2
19 silly packumentCache full:https://registry.npmjs.org/@types%2freact cache-miss
20 http fetch GET 200 https://registry.npmjs.org/npm 3247ms
21 http fetch GET 200 https://registry.npmjs.org/@types%2freact 847ms (cache miss)
22 silly packumentCache full:https://registry.npmjs.org/@types%2freact set size:undefined disposed:false
23 silly fetch manifest react@^19.0.0
24 silly packumentCache full:https://registry.npmjs.org/react cache-miss
25 http fetch GET 200 https://registry.npmjs.org/react 1497ms (cache miss)
26 silly packumentCache full:https://registry.npmjs.org/react set size:undefined disposed:false
27 silly fetch manifest axios@^1.7.9
28 silly packumentCache full:https://registry.npmjs.org/axios cache-miss
29 http fetch GET 200 https://registry.npmjs.org/axios 743ms (cache miss)
30 silly packumentCache full:https://registry.npmjs.org/axios set size:undefined disposed:false
31 silly fetch manifest class-variance-authority@^0.7.1
32 silly packumentCache full:https://registry.npmjs.org/class-variance-authority cache-miss
33 http fetch GET 200 https://registry.npmjs.org/class-variance-authority 282ms (cache miss)
34 silly packumentCache full:https://registry.npmjs.org/class-variance-authority set size:undefined disposed:false
35 silly fetch manifest clsx@^2.1.1
36 silly packumentCache full:https://registry.npmjs.org/clsx cache-miss
37 http fetch GET 200 https://registry.npmjs.org/clsx 1003ms (cache miss)
38 silly packumentCache full:https://registry.npmjs.org/clsx set size:undefined disposed:false
39 silly fetch manifest lucide-react@^0.468.0
40 silly packumentCache full:https://registry.npmjs.org/lucide-react cache-miss
41 http fetch GET 200 https://registry.npmjs.org/lucide-react 1408ms (cache miss)
42 silly packumentCache full:https://registry.npmjs.org/lucide-react set size:undefined disposed:false
43 silly fetch manifest next@^15.1.3
44 silly packumentCache full:https://registry.npmjs.org/next cache-miss
45 http fetch GET 200 https://registry.npmjs.org/next 1321ms (cache miss)
46 silly packumentCache full:https://registry.npmjs.org/next set size:undefined disposed:false
47 silly fetch manifest @opentelemetry/api@^1.1.0
48 silly packumentCache full:https://registry.npmjs.org/@opentelemetry%2fapi cache-miss
49 http fetch GET 200 https://registry.npmjs.org/@opentelemetry%2fapi 351ms (cache miss)
50 silly packumentCache full:https://registry.npmjs.org/@opentelemetry%2fapi set size:undefined disposed:false
51 silly fetch manifest @playwright/test@^1.51.1
52 silly packumentCache full:https://registry.npmjs.org/@playwright%2ftest cache-miss
53 http fetch GET 200 https://registry.npmjs.org/@playwright%2ftest 335ms (cache miss)
54 silly packumentCache full:https://registry.npmjs.org/@playwright%2ftest set size:undefined disposed:false
55 silly fetch manifest babel-plugin-react-compiler@*
56 silly packumentCache full:https://registry.npmjs.org/babel-plugin-react-compiler cache-miss
57 http fetch GET 200 https://registry.npmjs.org/babel-plugin-react-compiler 112ms (cache miss)
58 silly packumentCache full:https://registry.npmjs.org/babel-plugin-react-compiler set size:undefined disposed:false
59 silly fetch manifest react-dom@^19.0.0
60 silly packumentCache full:https://registry.npmjs.org/react-dom cache-miss
61 http fetch GET 200 https://registry.npmjs.org/react-dom 233ms (cache miss)
62 silly packumentCache full:https://registry.npmjs.org/react-dom set size:undefined disposed:false
63 silly fetch manifest sass@^1.3.0
64 silly packumentCache full:https://registry.npmjs.org/sass cache-miss
65 http fetch GET 200 https://registry.npmjs.org/sass 169ms (cache miss)
66 silly packumentCache full:https://registry.npmjs.org/sass set size:undefined disposed:false
67 silly fetch manifest tailwind-merge@^2.6.0
68 silly packumentCache full:https://registry.npmjs.org/tailwind-merge cache-miss
69 http fetch GET 200 https://registry.npmjs.org/tailwind-merge 92ms (cache miss)
70 silly packumentCache full:https://registry.npmjs.org/tailwind-merge set size:undefined disposed:false
71 silly fetch manifest @eslint/eslintrc@^3.2.0
72 silly packumentCache full:https://registry.npmjs.org/@eslint%2feslintrc cache-miss
73 http fetch GET 200 https://registry.npmjs.org/@eslint%2feslintrc 101ms (cache miss)
74 silly packumentCache full:https://registry.npmjs.org/@eslint%2feslintrc set size:undefined disposed:false
75 silly fetch manifest @types/node@^22.10.2
76 silly packumentCache full:https://registry.npmjs.org/@types%2fnode cache-miss
77 http fetch GET 200 https://registry.npmjs.org/@types%2fnode 343ms (cache miss)
78 silly packumentCache full:https://registry.npmjs.org/@types%2fnode set size:undefined disposed:false
79 silly fetch manifest @types/react-dom@^19.0.2
80 silly packumentCache full:https://registry.npmjs.org/@types%2freact-dom cache-miss
81 http fetch GET 200 https://registry.npmjs.org/@types%2freact-dom 115ms (cache miss)
82 silly packumentCache full:https://registry.npmjs.org/@types%2freact-dom set size:undefined disposed:false
83 silly fetch manifest autoprefixer@^10.4.20
84 silly packumentCache full:https://registry.npmjs.org/autoprefixer cache-miss
85 http fetch GET 200 https://registry.npmjs.org/autoprefixer 113ms (cache miss)
86 silly packumentCache full:https://registry.npmjs.org/autoprefixer set size:undefined disposed:false
87 silly fetch manifest postcss@^8.4.49
88 silly packumentCache full:https://registry.npmjs.org/postcss cache-miss
89 http fetch GET 200 https://registry.npmjs.org/postcss 84ms (cache miss)
90 silly packumentCache full:https://registry.npmjs.org/postcss set size:undefined disposed:false
91 silly fetch manifest eslint@^9.17.0
92 silly packumentCache full:https://registry.npmjs.org/eslint cache-miss
93 http fetch GET 200 https://registry.npmjs.org/eslint 100ms (cache miss)
94 silly packumentCache full:https://registry.npmjs.org/eslint set size:undefined disposed:false
95 silly fetch manifest jiti@*
96 silly packumentCache full:https://registry.npmjs.org/jiti cache-miss
97 http fetch GET 200 https://registry.npmjs.org/jiti 159ms (cache miss)
98 silly packumentCache full:https://registry.npmjs.org/jiti set size:undefined disposed:false
99 silly fetch manifest eslint-config-next@^15.1.3
100 silly packumentCache full:https://registry.npmjs.org/eslint-config-next cache-miss
101 http fetch GET 200 https://registry.npmjs.org/eslint-config-next 284ms (cache miss)
102 silly packumentCache full:https://registry.npmjs.org/eslint-config-next set size:undefined disposed:false
103 silly fetch manifest typescript@^5.7.2
104 silly packumentCache full:https://registry.npmjs.org/typescript cache-miss
105 http fetch GET 200 https://registry.npmjs.org/typescript 507ms (cache miss)
106 silly packumentCache full:https://registry.npmjs.org/typescript set size:undefined disposed:false
107 silly fetch manifest tailwindcss@^3.4.17
108 silly packumentCache full:https://registry.npmjs.org/tailwindcss cache-miss
109 http fetch GET 200 https://registry.npmjs.org/tailwindcss 277ms (cache miss)
110 silly packumentCache full:https://registry.npmjs.org/tailwindcss set size:undefined disposed:false
111 silly placeDep ROOT @eslint/eslintrc@3.3.6 OK for: ecommerce-management-frontend@0.1.0 want: ^3.2.0
112 silly placeDep ROOT @radix-ui/react-slot@1.3.3 OK for: ecommerce-management-frontend@0.1.0 want: ^1.1.2
113 silly placeDep ROOT react@19.2.8 OK for: @radix-ui/react-slot@1.3.3 want: ^16.8 || ^17.0 || ^18.0 || ^19.0 || ^19.0.0-rc
114 silly placeDep ROOT @types/node@22.20.1 OK for: ecommerce-management-frontend@0.1.0 want: ^22.10.2
115 silly placeDep ROOT @types/react@19.2.18 OK for: ecommerce-management-frontend@0.1.0 want: ^19.0.2
116 silly placeDep ROOT @types/react-dom@19.2.4 OK for: ecommerce-management-frontend@0.1.0 want: ^19.0.2
117 silly placeDep ROOT autoprefixer@10.5.4 OK for: ecommerce-management-frontend@0.1.0 want: ^10.4.20
118 silly placeDep ROOT postcss@8.5.25 OK for: autoprefixer@10.5.4 want: ^8.1.0
119 silly placeDep ROOT axios@1.19.0 OK for: ecommerce-management-frontend@0.1.0 want: ^1.7.9
120 silly placeDep ROOT class-variance-authority@0.7.1 OK for: ecommerce-management-frontend@0.1.0 want: ^0.7.1
121 silly placeDep ROOT clsx@2.1.1 OK for: ecommerce-management-frontend@0.1.0 want: ^2.1.1
122 silly placeDep ROOT eslint@9.39.5 OK for: ecommerce-management-frontend@0.1.0 want: ^9.17.0
123 silly placeDep ROOT eslint-config-next@15.5.22 OK for: ecommerce-management-frontend@0.1.0 want: ^15.1.3
124 silly placeDep ROOT lucide-react@0.468.0 OK for: ecommerce-management-frontend@0.1.0 want: ^0.468.0
125 silly placeDep ROOT next@15.5.22 OK for: ecommerce-management-frontend@0.1.0 want: ^15.1.3
126 silly placeDep ROOT react-dom@19.2.8 OK for: next@15.5.22 want: ^18.2.0 || 19.0.0-rc-de68d2f4-20241204 || ^19.0.0
127 silly placeDep ROOT tailwind-merge@2.6.1 OK for: ecommerce-management-frontend@0.1.0 want: ^2.6.0
128 silly placeDep ROOT tailwindcss@3.4.19 OK for: ecommerce-management-frontend@0.1.0 want: ^3.4.17
129 silly placeDep ROOT typescript@5.9.3 OK for: ecommerce-management-frontend@0.1.0 want: ^5.7.2
130 silly fetch manifest ajv@^6.14.0
131 silly packumentCache full:https://registry.npmjs.org/ajv cache-miss
132 silly fetch manifest debug@^4.3.2
133 silly packumentCache full:https://registry.npmjs.org/debug cache-miss
134 silly fetch manifest espree@^10.0.1
135 silly packumentCache full:https://registry.npmjs.org/espree cache-miss
136 silly fetch manifest globals@^14.0.0
137 silly packumentCache full:https://registry.npmjs.org/globals cache-miss
138 silly fetch manifest ignore@^5.2.0
139 silly packumentCache full:https://registry.npmjs.org/ignore cache-miss
140 silly fetch manifest import-fresh@^3.2.1
141 silly packumentCache full:https://registry.npmjs.org/import-fresh cache-miss
142 silly fetch manifest js-yaml@^4.3.0
143 silly packumentCache full:https://registry.npmjs.org/js-yaml cache-miss
144 silly fetch manifest minimatch@^3.1.5
145 silly packumentCache full:https://registry.npmjs.org/minimatch cache-miss
146 silly fetch manifest strip-json-comments@^3.1.1
147 silly packumentCache full:https://registry.npmjs.org/strip-json-comments cache-miss
148 silly fetch manifest @radix-ui/react-compose-refs@1.1.5
149 silly packumentCache full:https://registry.npmjs.org/@radix-ui%2freact-compose-refs cache-miss
150 silly fetch manifest undici-types@~6.21.0
151 silly packumentCache full:https://registry.npmjs.org/undici-types cache-miss
152 http fetch GET 200 https://registry.npmjs.org/debug 169ms (cache miss)
153 silly packumentCache full:https://registry.npmjs.org/debug set size:undefined disposed:false
154 silly fetch manifest csstype@^3.2.2
155 silly packumentCache full:https://registry.npmjs.org/csstype cache-miss
156 http fetch GET 200 https://registry.npmjs.org/ajv 188ms (cache miss)
157 silly packumentCache full:https://registry.npmjs.org/ajv set size:undefined disposed:false
158 silly fetch manifest picocolors@^1.1.1
159 silly packumentCache full:https://registry.npmjs.org/picocolors cache-miss
160 http fetch GET 200 https://registry.npmjs.org/picocolors 279ms (cache miss)
161 silly packumentCache full:https://registry.npmjs.org/picocolors set size:undefined disposed:false
162 silly fetch manifest fraction.js@^5.3.4
163 silly packumentCache full:https://registry.npmjs.org/fraction.js cache-miss
164 http fetch GET 200 https://registry.npmjs.org/csstype 310ms (cache miss)
165 silly packumentCache full:https://registry.npmjs.org/csstype set size:undefined disposed:false
166 silly fetch manifest browserslist@^4.28.6
167 silly packumentCache full:https://registry.npmjs.org/browserslist cache-miss
168 http fetch GET 200 https://registry.npmjs.org/import-fresh 538ms (cache miss)
169 silly packumentCache full:https://registry.npmjs.org/import-fresh set size:undefined disposed:false
170 silly fetch manifest caniuse-lite@^1.0.30001806
171 silly packumentCache full:https://registry.npmjs.org/caniuse-lite cache-miss
172 http fetch GET 200 https://registry.npmjs.org/js-yaml 540ms (cache miss)
173 silly packumentCache full:https://registry.npmjs.org/js-yaml set size:undefined disposed:false
174 silly fetch manifest postcss-value-parser@^4.2.0
175 silly packumentCache full:https://registry.npmjs.org/postcss-value-parser cache-miss
176 http fetch GET 200 https://registry.npmjs.org/strip-json-comments 547ms (cache miss)
177 silly packumentCache full:https://registry.npmjs.org/strip-json-comments set size:undefined disposed:false
178 silly fetch manifest nanoid@^3.3.16
179 silly packumentCache full:https://registry.npmjs.org/nanoid cache-miss
180 http fetch GET 200 https://registry.npmjs.org/espree 553ms (cache miss)
181 silly packumentCache full:https://registry.npmjs.org/espree set size:undefined disposed:false
182 silly fetch manifest source-map-js@^1.2.1
183 silly packumentCache full:https://registry.npmjs.org/source-map-js cache-miss
184 http fetch GET 200 https://registry.npmjs.org/ignore 558ms (cache miss)
185 silly packumentCache full:https://registry.npmjs.org/ignore set size:undefined disposed:false
186 silly fetch manifest form-data@^4.0.6
187 silly packumentCache full:https://registry.npmjs.org/form-data cache-miss
188 http fetch GET 200 https://registry.npmjs.org/undici-types 565ms (cache miss)
189 silly packumentCache full:https://registry.npmjs.org/undici-types set size:undefined disposed:false
190 silly fetch manifest proxy-from-env@^2.1.0
191 silly packumentCache full:https://registry.npmjs.org/proxy-from-env cache-miss
192 http fetch GET 200 https://registry.npmjs.org/globals 635ms (cache miss)
193 silly packumentCache full:https://registry.npmjs.org/globals set size:undefined disposed:false
194 silly fetch manifest follow-redirects@^1.16.0
195 silly packumentCache full:https://registry.npmjs.org/follow-redirects cache-miss
196 http fetch GET 200 https://registry.npmjs.org/@radix-ui%2freact-compose-refs 647ms (cache miss)
197 silly packumentCache full:https://registry.npmjs.org/@radix-ui%2freact-compose-refs set size:undefined disposed:false
198 silly fetch manifest https-proxy-agent@^5.0.1
199 silly packumentCache full:https://registry.npmjs.org/https-proxy-agent cache-miss
200 http fetch GET 200 https://registry.npmjs.org/form-data 182ms (cache miss)
201 silly packumentCache full:https://registry.npmjs.org/form-data set size:undefined disposed:false
202 silly fetch manifest chalk@^4.0.0
203 silly packumentCache full:https://registry.npmjs.org/chalk cache-miss
204 http fetch GET 200 https://registry.npmjs.org/proxy-from-env 178ms (cache miss)
205 silly packumentCache full:https://registry.npmjs.org/proxy-from-env set size:undefined disposed:false
206 silly fetch manifest espree@^10.4.0
207 silly packumentCache full:https://registry.npmjs.org/espree cache-miss
208 http fetch GET 200 https://registry.npmjs.org/minimatch 749ms (cache miss)
209 silly packumentCache full:https://registry.npmjs.org/minimatch set size:undefined disposed:false
210 silly fetch manifest esquery@^1.5.0
211 silly packumentCache full:https://registry.npmjs.org/esquery cache-miss
212 http fetch GET 200 https://registry.npmjs.org/source-map-js 206ms (cache miss)
213 silly packumentCache full:https://registry.npmjs.org/source-map-js set size:undefined disposed:false
214 silly fetch manifest esutils@^2.0.2
215 silly packumentCache full:https://registry.npmjs.org/esutils cache-miss
216 http fetch GET 200 https://registry.npmjs.org/postcss-value-parser 221ms (cache miss)
217 silly packumentCache full:https://registry.npmjs.org/postcss-value-parser set size:undefined disposed:false
218 silly fetch manifest find-up@^5.0.0
219 silly packumentCache full:https://registry.npmjs.org/find-up cache-miss
220 http fetch GET 200 https://registry.npmjs.org/browserslist 291ms (cache miss)
221 silly packumentCache full:https://registry.npmjs.org/browserslist set size:undefined disposed:false
222 silly fetch manifest is-glob@^4.0.0
223 silly packumentCache full:https://registry.npmjs.org/is-glob cache-miss
224 http cache https://registry.npmjs.org/espree 44ms (cache hit)
225 silly packumentCache full:https://registry.npmjs.org/espree set size:326080 disposed:false
226 silly fetch manifest @eslint/js@9.39.5
227 silly packumentCache full:https://registry.npmjs.org/@eslint%2fjs cache-miss
228 http fetch GET 200 https://registry.npmjs.org/follow-redirects 176ms (cache miss)
229 silly packumentCache full:https://registry.npmjs.org/follow-redirects set size:undefined disposed:false
230 silly fetch manifest optionator@^0.9.3
231 silly packumentCache full:https://registry.npmjs.org/optionator cache-miss
232 http fetch GET 200 https://registry.npmjs.org/nanoid 269ms (cache miss)
233 silly packumentCache full:https://registry.npmjs.org/nanoid set size:undefined disposed:false
234 silly fetch manifest cross-spawn@^7.0.6
235 silly packumentCache full:https://registry.npmjs.org/cross-spawn cache-miss
236 http fetch GET 200 https://registry.npmjs.org/https-proxy-agent 177ms (cache miss)
237 silly packumentCache full:https://registry.npmjs.org/https-proxy-agent set size:undefined disposed:false
238 silly fetch manifest glob-parent@^6.0.2
239 silly packumentCache full:https://registry.npmjs.org/glob-parent cache-miss
240 http fetch GET 200 https://registry.npmjs.org/esquery 108ms (cache miss)
241 silly packumentCache full:https://registry.npmjs.org/esquery set size:undefined disposed:false
242 silly fetch manifest imurmurhash@^0.1.4
243 silly packumentCache full:https://registry.npmjs.org/imurmurhash cache-miss
244 http fetch GET 200 https://registry.npmjs.org/esutils 118ms (cache miss)
245 silly packumentCache full:https://registry.npmjs.org/esutils set size:undefined disposed:false
246 silly fetch manifest @eslint/core@^0.17.0
247 silly packumentCache full:https://registry.npmjs.org/@eslint%2fcore cache-miss
248 http fetch GET 200 https://registry.npmjs.org/fraction.js 420ms (cache miss)
249 silly packumentCache full:https://registry.npmjs.org/fraction.js set size:undefined disposed:false
250 silly fetch manifest eslint-scope@^8.4.0
251 silly packumentCache full:https://registry.npmjs.org/eslint-scope cache-miss
252 http fetch GET 200 https://registry.npmjs.org/chalk 158ms (cache miss)
253 silly packumentCache full:https://registry.npmjs.org/chalk set size:undefined disposed:false
254 silly fetch manifest lodash.merge@^4.6.2
255 silly packumentCache full:https://registry.npmjs.org/lodash.merge cache-miss
256 http fetch GET 200 https://registry.npmjs.org/find-up 143ms (cache miss)
257 silly packumentCache full:https://registry.npmjs.org/find-up set size:undefined disposed:false
258 silly fetch manifest @humanfs/node@^0.16.6
259 silly packumentCache full:https://registry.npmjs.org/@humanfs%2fnode cache-miss
260 http fetch GET 200 https://registry.npmjs.org/optionator 98ms (cache miss)
261 silly packumentCache full:https://registry.npmjs.org/optionator set size:undefined disposed:false
262 silly fetch manifest @types/estree@^1.0.6
263 silly packumentCache full:https://registry.npmjs.org/@types%2festree cache-miss
264 http fetch GET 200 https://registry.npmjs.org/is-glob 139ms (cache miss)
265 silly packumentCache full:https://registry.npmjs.org/is-glob set size:undefined disposed:false
266 silly fetch manifest fast-deep-equal@^3.1.3
267 silly packumentCache full:https://registry.npmjs.org/fast-deep-equal cache-miss
268 http fetch GET 200 https://registry.npmjs.org/glob-parent 96ms (cache miss)
269 silly packumentCache full:https://registry.npmjs.org/glob-parent set size:undefined disposed:false
270 silly fetch manifest natural-compare@^1.4.0
271 silly packumentCache full:https://registry.npmjs.org/natural-compare cache-miss
272 http fetch GET 200 https://registry.npmjs.org/cross-spawn 107ms (cache miss)
273 silly packumentCache full:https://registry.npmjs.org/cross-spawn set size:undefined disposed:false
274 silly fetch manifest file-entry-cache@^8.0.0
275 silly packumentCache full:https://registry.npmjs.org/file-entry-cache cache-miss
276 http fetch GET 200 https://registry.npmjs.org/@eslint%2fjs 143ms (cache miss)
277 silly packumentCache full:https://registry.npmjs.org/@eslint%2fjs set size:undefined disposed:false
278 silly fetch manifest @eslint/plugin-kit@^0.4.1
279 silly packumentCache full:https://registry.npmjs.org/@eslint%2fplugin-kit cache-miss
280 http fetch GET 200 https://registry.npmjs.org/imurmurhash 80ms (cache miss)
281 silly packumentCache full:https://registry.npmjs.org/imurmurhash set size:undefined disposed:false
282 silly fetch manifest eslint-visitor-keys@^4.2.1
283 silly packumentCache full:https://registry.npmjs.org/eslint-visitor-keys cache-miss
284 http fetch GET 200 https://registry.npmjs.org/caniuse-lite 424ms (cache miss)
285 silly packumentCache full:https://registry.npmjs.org/caniuse-lite set size:undefined disposed:false
286 silly fetch manifest @eslint/config-array@^0.21.2
287 silly packumentCache full:https://registry.npmjs.org/@eslint%2fconfig-array cache-miss
288 http fetch GET 200 https://registry.npmjs.org/@eslint%2fcore 107ms (cache miss)
289 silly packumentCache full:https://registry.npmjs.org/@eslint%2fcore set size:undefined disposed:false
290 silly fetch manifest @humanwhocodes/retry@^0.4.2
291 silly packumentCache full:https://registry.npmjs.org/@humanwhocodes%2fretry cache-miss
292 http fetch GET 200 https://registry.npmjs.org/natural-compare 79ms (cache miss)
293 silly packumentCache full:https://registry.npmjs.org/natural-compare set size:undefined disposed:false
294 silly fetch manifest escape-string-regexp@^4.0.0
295 silly packumentCache full:https://registry.npmjs.org/escape-string-regexp cache-miss
296 http fetch GET 200 https://registry.npmjs.org/@humanfs%2fnode 100ms (cache miss)
297 silly packumentCache full:https://registry.npmjs.org/@humanfs%2fnode set size:undefined disposed:false
298 silly fetch manifest @eslint/config-helpers@^0.4.2
299 silly packumentCache full:https://registry.npmjs.org/@eslint%2fconfig-helpers cache-miss
300 http fetch GET 200 https://registry.npmjs.org/fast-deep-equal 92ms (cache miss)
301 silly packumentCache full:https://registry.npmjs.org/fast-deep-equal set size:undefined disposed:false
302 silly fetch manifest @eslint-community/regexpp@^4.12.1
303 silly packumentCache full:https://registry.npmjs.org/@eslint-community%2fregexpp cache-miss
304 http fetch GET 200 https://registry.npmjs.org/eslint-scope 120ms (cache miss)
305 silly packumentCache full:https://registry.npmjs.org/eslint-scope set size:undefined disposed:false
306 silly fetch manifest @eslint-community/eslint-utils@^4.8.0
307 silly packumentCache full:https://registry.npmjs.org/@eslint-community%2feslint-utils cache-miss
308 http fetch GET 200 https://registry.npmjs.org/file-entry-cache 88ms (cache miss)
309 silly packumentCache full:https://registry.npmjs.org/file-entry-cache set size:undefined disposed:false
310 silly fetch manifest @humanwhocodes/module-importer@^1.0.1
311 silly packumentCache full:https://registry.npmjs.org/@humanwhocodes%2fmodule-importer cache-miss
312 http fetch GET 200 https://registry.npmjs.org/@types%2festree 117ms (cache miss)
313 silly packumentCache full:https://registry.npmjs.org/@types%2festree set size:undefined disposed:false
314 silly fetch manifest json-stable-stringify-without-jsonify@^1.0.1
315 silly packumentCache full:https://registry.npmjs.org/json-stable-stringify-without-jsonify cache-miss
316 http fetch GET 200 https://registry.npmjs.org/@eslint%2fplugin-kit 123ms (cache miss)
317 silly packumentCache full:https://registry.npmjs.org/@eslint%2fplugin-kit set size:undefined disposed:false
318 silly fetch manifest eslint-plugin-react@^7.37.0
319 silly packumentCache full:https://registry.npmjs.org/eslint-plugin-react cache-miss
320 http fetch GET 200 https://registry.npmjs.org/json-stable-stringify-without-jsonify 85ms (cache miss)
321 silly packumentCache full:https://registry.npmjs.org/json-stable-stringify-without-jsonify set size:undefined disposed:false
322 silly fetch manifest eslint-plugin-import@^2.31.0
323 silly packumentCache full:https://registry.npmjs.org/eslint-plugin-import cache-miss
324 http fetch GET 200 https://registry.npmjs.org/@humanwhocodes%2fretry 130ms (cache miss)
325 silly packumentCache full:https://registry.npmjs.org/@humanwhocodes%2fretry set size:undefined disposed:false
326 silly fetch manifest eslint-plugin-jsx-a11y@^6.10.0
327 silly packumentCache full:https://registry.npmjs.org/eslint-plugin-jsx-a11y cache-miss
328 http fetch GET 200 https://registry.npmjs.org/eslint-visitor-keys 177ms (cache miss)
329 silly packumentCache full:https://registry.npmjs.org/eslint-visitor-keys set size:undefined disposed:false
330 silly fetch manifest @rushstack/eslint-patch@^1.10.3
331 silly packumentCache full:https://registry.npmjs.org/@rushstack%2feslint-patch cache-miss
332 http fetch GET 200 https://registry.npmjs.org/escape-string-regexp 118ms (cache miss)
333 silly packumentCache full:https://registry.npmjs.org/escape-string-regexp set size:undefined disposed:false
334 silly fetch manifest @next/eslint-plugin-next@15.5.22
335 silly packumentCache full:https://registry.npmjs.org/@next%2feslint-plugin-next cache-miss
336 http fetch GET 200 https://registry.npmjs.org/@humanwhocodes%2fmodule-importer 104ms (cache miss)
337 silly packumentCache full:https://registry.npmjs.org/@humanwhocodes%2fmodule-importer set size:undefined disposed:false
338 silly fetch manifest @typescript-eslint/parser@^5.4.2 || ^6.0.0 || ^7.0.0 || ^8.0.0
339 silly packumentCache full:https://registry.npmjs.org/@typescript-eslint%2fparser cache-miss
340 http fetch GET 200 https://registry.npmjs.org/@eslint%2fconfig-array 156ms (cache miss)
341 silly packumentCache full:https://registry.npmjs.org/@eslint%2fconfig-array set size:undefined disposed:false
342 silly fetch manifest eslint-plugin-react-hooks@^5.0.0
343 silly packumentCache full:https://registry.npmjs.org/eslint-plugin-react-hooks cache-miss
344 http fetch GET 200 https://registry.npmjs.org/@eslint%2fconfig-helpers 125ms (cache miss)
345 silly packumentCache full:https://registry.npmjs.org/@eslint%2fconfig-helpers set size:undefined disposed:false
346 silly fetch manifest eslint-import-resolver-node@^0.3.6
347 silly packumentCache full:https://registry.npmjs.org/eslint-import-resolver-node cache-miss
348 http fetch GET 200 https://registry.npmjs.org/@eslint-community%2fregexpp 131ms (cache miss)
349 silly packumentCache full:https://registry.npmjs.org/@eslint-community%2fregexpp set size:undefined disposed:false
350 silly fetch manifest @typescript-eslint/eslint-plugin@^5.4.2 || ^6.0.0 || ^7.0.0 || ^8.0.0
351 silly packumentCache full:https://registry.npmjs.org/@typescript-eslint%2feslint-plugin cache-miss
352 http fetch GET 200 https://registry.npmjs.org/@eslint-community%2feslint-utils 136ms (cache miss)
353 silly packumentCache full:https://registry.npmjs.org/@eslint-community%2feslint-utils set size:undefined disposed:false
354 silly fetch manifest eslint-import-resolver-typescript@^3.5.2
355 silly packumentCache full:https://registry.npmjs.org/eslint-import-resolver-typescript cache-miss
356 http fetch GET 200 https://registry.npmjs.org/eslint-plugin-react 188ms (cache miss)
357 silly packumentCache full:https://registry.npmjs.org/eslint-plugin-react set size:undefined disposed:false
358 silly fetch manifest postcss@8.4.31
359 silly packumentCache full:https://registry.npmjs.org/postcss cache-miss
360 http fetch GET 200 https://registry.npmjs.org/eslint-import-resolver-node 126ms (cache miss)
361 silly packumentCache full:https://registry.npmjs.org/eslint-import-resolver-node set size:undefined disposed:false
362 silly fetch manifest @next/env@15.5.22
363 silly packumentCache full:https://registry.npmjs.org/@next%2fenv cache-miss
364 http fetch GET 200 https://registry.npmjs.org/eslint-plugin-import 152ms (cache miss)
365 silly packumentCache full:https://registry.npmjs.org/eslint-plugin-import set size:undefined disposed:false
366 silly fetch manifest styled-jsx@5.1.6
367 silly packumentCache full:https://registry.npmjs.org/styled-jsx cache-miss
368 http fetch GET 200 https://registry.npmjs.org/eslint-plugin-jsx-a11y 156ms (cache miss)
369 silly packumentCache full:https://registry.npmjs.org/eslint-plugin-jsx-a11y set size:undefined disposed:false
370 silly fetch manifest @swc/helpers@0.5.15
371 silly packumentCache full:https://registry.npmjs.org/@swc%2fhelpers cache-miss
372 http cache https://registry.npmjs.org/postcss 28ms (cache hit)
373 silly packumentCache full:https://registry.npmjs.org/postcss set size:756623 disposed:false
374 silly fetch manifest caniuse-lite@^1.0.30001579
375 silly packumentCache full:https://registry.npmjs.org/caniuse-lite cache-miss
376 http cache https://registry.npmjs.org/caniuse-lite 13ms (cache hit)
377 silly packumentCache full:https://registry.npmjs.org/caniuse-lite set size:2306880 disposed:false
378 silly fetch manifest sharp@^0.34.3
379 silly packumentCache full:https://registry.npmjs.org/sharp cache-miss
380 http fetch GET 200 https://registry.npmjs.org/styled-jsx 217ms (cache miss)
381 silly packumentCache full:https://registry.npmjs.org/styled-jsx set size:undefined disposed:false
382 silly fetch manifest @next/swc-darwin-x64@15.5.22
383 silly packumentCache full:https://registry.npmjs.org/@next%2fswc-darwin-x64 cache-miss
384 http fetch GET 200 https://registry.npmjs.org/@swc%2fhelpers 233ms (cache miss)
385 silly packumentCache full:https://registry.npmjs.org/@swc%2fhelpers set size:undefined disposed:false
386 silly fetch manifest @next/swc-darwin-arm64@15.5.22
387 silly packumentCache full:https://registry.npmjs.org/@next%2fswc-darwin-arm64 cache-miss
388 http fetch GET 200 https://registry.npmjs.org/lodash.merge 692ms (cache miss)
389 silly packumentCache full:https://registry.npmjs.org/lodash.merge set size:undefined disposed:false
390 silly fetch manifest @next/swc-linux-x64-gnu@15.5.22
391 silly packumentCache full:https://registry.npmjs.org/@next%2fswc-linux-x64-gnu cache-miss
392 http fetch GET 200 https://registry.npmjs.org/eslint-import-resolver-typescript 449ms (cache miss)
393 silly packumentCache full:https://registry.npmjs.org/eslint-import-resolver-typescript set size:undefined disposed:false
394 silly fetch manifest @next/swc-linux-x64-musl@15.5.22
395 silly packumentCache full:https://registry.npmjs.org/@next%2fswc-linux-x64-musl cache-miss
396 http fetch GET 200 https://registry.npmjs.org/sharp 441ms (cache miss)
397 silly packumentCache full:https://registry.npmjs.org/sharp set size:undefined disposed:false
398 silly fetch manifest @next/swc-win32-x64-msvc@15.5.22
399 silly packumentCache full:https://registry.npmjs.org/@next%2fswc-win32-x64-msvc cache-miss
400 http fetch GET 200 https://registry.npmjs.org/@next%2fenv 550ms (cache miss)
401 silly packumentCache full:https://registry.npmjs.org/@next%2fenv set size:undefined disposed:false
402 silly fetch manifest @next/swc-linux-arm64-gnu@15.5.22
403 silly packumentCache full:https://registry.npmjs.org/@next%2fswc-linux-arm64-gnu cache-miss
404 http fetch GET 200 https://registry.npmjs.org/@rushstack%2feslint-patch 769ms (cache miss)
405 silly packumentCache full:https://registry.npmjs.org/@rushstack%2feslint-patch set size:undefined disposed:false
406 silly fetch manifest @next/swc-linux-arm64-musl@15.5.22
407 silly packumentCache full:https://registry.npmjs.org/@next%2fswc-linux-arm64-musl cache-miss
408 http fetch GET 200 https://registry.npmjs.org/@next%2fswc-darwin-arm64 1138ms (cache miss)
409 silly packumentCache full:https://registry.npmjs.org/@next%2fswc-darwin-arm64 set size:undefined disposed:false
410 silly fetch manifest @next/swc-win32-arm64-msvc@15.5.22
411 silly packumentCache full:https://registry.npmjs.org/@next%2fswc-win32-arm64-msvc cache-miss
412 http fetch GET 200 https://registry.npmjs.org/eslint-plugin-react-hooks 1675ms (cache miss)
413 silly packumentCache full:https://registry.npmjs.org/eslint-plugin-react-hooks set size:undefined disposed:false
414 silly fetch manifest scheduler@^0.27.0
415 silly packumentCache full:https://registry.npmjs.org/scheduler cache-miss
416 http fetch GET 200 https://registry.npmjs.org/@next%2feslint-plugin-next 2358ms (cache miss)
417 silly packumentCache full:https://registry.npmjs.org/@next%2feslint-plugin-next set size:undefined disposed:false
418 silly fetch manifest arg@^5.0.2
419 silly packumentCache full:https://registry.npmjs.org/arg cache-miss
420 http fetch GET 200 https://registry.npmjs.org/@next%2fswc-darwin-x64 2511ms (cache miss)
421 silly packumentCache full:https://registry.npmjs.org/@next%2fswc-darwin-x64 set size:undefined disposed:false
422 silly fetch manifest dlv@^1.1.3
423 silly packumentCache full:https://registry.npmjs.org/dlv cache-miss
424 http fetch GET 200 https://registry.npmjs.org/arg 1124ms (cache miss)
425 silly packumentCache full:https://registry.npmjs.org/arg set size:undefined disposed:false
426 silly fetch manifest jiti@^1.21.7
427 silly packumentCache full:https://registry.npmjs.org/jiti cache-miss
428 http cache https://registry.npmjs.org/jiti 9ms (cache hit)
429 silly packumentCache full:https://registry.npmjs.org/jiti set size:387989 disposed:false
430 silly fetch manifest is-glob@^4.0.3
431 silly packumentCache full:https://registry.npmjs.org/is-glob cache-miss
432 http cache https://registry.npmjs.org/is-glob 8ms (cache hit)
433 silly packumentCache full:https://registry.npmjs.org/is-glob set size:40530 disposed:false
434 silly fetch manifest resolve@^1.22.8
435 silly packumentCache full:https://registry.npmjs.org/resolve cache-miss
436 http fetch GET 200 https://registry.npmjs.org/@next%2fswc-linux-arm64-musl 3693ms (cache miss)
437 silly packumentCache full:https://registry.npmjs.org/@next%2fswc-linux-arm64-musl set size:undefined disposed:false
438 silly fetch manifest sucrase@^3.35.0
439 silly packumentCache full:https://registry.npmjs.org/sucrase cache-miss
440 http fetch GET 200 https://registry.npmjs.org/@next%2fswc-linux-arm64-gnu 3756ms (cache miss)
441 silly packumentCache full:https://registry.npmjs.org/@next%2fswc-linux-arm64-gnu set size:undefined disposed:false
442 silly fetch manifest chokidar@^3.6.0
443 silly packumentCache full:https://registry.npmjs.org/chokidar cache-miss
444 http fetch GET 200 https://registry.npmjs.org/@next%2fswc-win32-arm64-msvc 3349ms (cache miss)
445 silly packumentCache full:https://registry.npmjs.org/@next%2fswc-win32-arm64-msvc set size:undefined disposed:false
446 silly fetch manifest fast-glob@^3.3.2
447 silly packumentCache full:https://registry.npmjs.org/fast-glob cache-miss
448 http fetch GET 200 https://registry.npmjs.org/scheduler 7685ms (cache miss)
449 silly packumentCache full:https://registry.npmjs.org/scheduler set size:undefined disposed:false
450 silly fetch manifest lilconfig@^3.1.3
451 silly packumentCache full:https://registry.npmjs.org/lilconfig cache-miss
452 http fetch GET 200 https://registry.npmjs.org/chokidar 6354ms (cache miss)
453 silly packumentCache full:https://registry.npmjs.org/chokidar set size:undefined disposed:false
454 silly fetch manifest didyoumean@^1.2.2
455 silly packumentCache full:https://registry.npmjs.org/didyoumean cache-miss
456 http fetch GET 200 https://registry.npmjs.org/lilconfig 1487ms (cache miss)
457 silly packumentCache full:https://registry.npmjs.org/lilconfig set size:undefined disposed:false
458 silly fetch manifest micromatch@^4.0.8
459 silly packumentCache full:https://registry.npmjs.org/micromatch cache-miss
460 http fetch GET 200 https://registry.npmjs.org/sucrase 6473ms (cache miss)
461 silly packumentCache full:https://registry.npmjs.org/sucrase set size:undefined disposed:false
462 silly fetch manifest postcss-js@^4.0.1
463 silly packumentCache full:https://registry.npmjs.org/postcss-js cache-miss
464 http fetch GET 200 https://registry.npmjs.org/fast-glob 6641ms (cache miss)
465 silly packumentCache full:https://registry.npmjs.org/fast-glob set size:undefined disposed:false
466 silly fetch manifest object-hash@^3.0.0
467 silly packumentCache full:https://registry.npmjs.org/object-hash cache-miss
468 http fetch GET 200 https://registry.npmjs.org/dlv 8706ms (cache miss)
469 silly packumentCache full:https://registry.npmjs.org/dlv set size:undefined disposed:false
470 silly fetch manifest normalize-path@^3.0.0
471 silly packumentCache full:https://registry.npmjs.org/normalize-path cache-miss
472 http fetch GET 200 https://registry.npmjs.org/@next%2fswc-win32-x64-msvc 11071ms (cache miss)
473 silly packumentCache full:https://registry.npmjs.org/@next%2fswc-win32-x64-msvc set size:undefined disposed:false
474 silly fetch manifest postcss-import@^15.1.0
475 silly packumentCache full:https://registry.npmjs.org/postcss-import cache-miss
476 http fetch GET 200 https://registry.npmjs.org/@next%2fswc-linux-x64-gnu 11410ms (cache miss)
477 silly packumentCache full:https://registry.npmjs.org/@next%2fswc-linux-x64-gnu set size:undefined disposed:false
478 silly fetch manifest postcss-nested@^6.2.0
479 silly packumentCache full:https://registry.npmjs.org/postcss-nested cache-miss
480 http fetch GET 200 https://registry.npmjs.org/didyoumean 1389ms (cache miss)
481 silly packumentCache full:https://registry.npmjs.org/didyoumean set size:undefined disposed:false
482 silly fetch manifest @alloc/quick-lru@^5.2.0
483 silly packumentCache full:https://registry.npmjs.org/@alloc%2fquick-lru cache-miss
484 http fetch GET 200 https://registry.npmjs.org/resolve 8802ms (cache miss)
485 silly packumentCache full:https://registry.npmjs.org/resolve set size:undefined disposed:false
486 silly fetch manifest postcss-load-config@^4.0.2 || ^5.0 || ^6.0
487 silly packumentCache full:https://registry.npmjs.org/postcss-load-config cache-miss
488 http fetch GET 200 https://registry.npmjs.org/postcss-js 1411ms (cache miss)
489 silly packumentCache full:https://registry.npmjs.org/postcss-js set size:undefined disposed:false
490 silly fetch manifest postcss-selector-parser@^6.1.2
491 silly packumentCache full:https://registry.npmjs.org/postcss-selector-parser cache-miss
492 http fetch GET 200 https://registry.npmjs.org/micromatch 1503ms (cache miss)
493 silly packumentCache full:https://registry.npmjs.org/micromatch set size:undefined disposed:false
494 http fetch GET 200 https://registry.npmjs.org/object-hash 994ms (cache miss)
495 silly packumentCache full:https://registry.npmjs.org/object-hash set size:undefined disposed:false
496 http fetch GET 200 https://registry.npmjs.org/normalize-path 1156ms (cache miss)
497 silly packumentCache full:https://registry.npmjs.org/normalize-path set size:undefined disposed:false
498 http fetch GET 200 https://registry.npmjs.org/postcss-import 1053ms (cache miss)
499 silly packumentCache full:https://registry.npmjs.org/postcss-import set size:undefined disposed:false
500 http fetch GET 200 https://registry.npmjs.org/@typescript-eslint%2feslint-plugin 12858ms (cache miss)
501 silly packumentCache full:https://registry.npmjs.org/@typescript-eslint%2feslint-plugin set size:undefined disposed:false
502 http fetch GET 200 https://registry.npmjs.org/postcss-nested 1072ms (cache miss)
503 silly packumentCache full:https://registry.npmjs.org/postcss-nested set size:undefined disposed:false
504 http fetch GET 200 https://registry.npmjs.org/@typescript-eslint%2fparser 13190ms (cache miss)
505 silly packumentCache full:https://registry.npmjs.org/@typescript-eslint%2fparser set size:undefined disposed:false
506 http fetch GET 200 https://registry.npmjs.org/@next%2fswc-linux-x64-musl 12824ms (cache miss)
507 silly packumentCache full:https://registry.npmjs.org/@next%2fswc-linux-x64-musl set size:undefined disposed:false
508 http fetch GET 200 https://registry.npmjs.org/@alloc%2fquick-lru 1507ms (cache miss)
509 silly packumentCache full:https://registry.npmjs.org/@alloc%2fquick-lru set size:undefined disposed:false
510 http fetch GET 200 https://registry.npmjs.org/postcss-load-config 1751ms (cache miss)
511 silly packumentCache full:https://registry.npmjs.org/postcss-load-config set size:undefined disposed:false
512 http fetch GET 200 https://registry.npmjs.org/postcss-selector-parser 1945ms (cache miss)
513 silly packumentCache full:https://registry.npmjs.org/postcss-selector-parser set size:undefined disposed:false
514 silly placeDep ROOT ajv@6.15.0 OK for: @eslint/eslintrc@3.3.6 want: ^6.14.0
515 silly placeDep ROOT debug@4.4.3 OK for: @eslint/eslintrc@3.3.6 want: ^4.3.2
516 silly placeDep ROOT espree@10.4.0 OK for: @eslint/eslintrc@3.3.6 want: ^10.0.1
517 silly placeDep ROOT globals@14.0.0 OK for: @eslint/eslintrc@3.3.6 want: ^14.0.0
518 silly placeDep ROOT ignore@5.3.2 OK for: @eslint/eslintrc@3.3.6 want: ^5.2.0
519 silly placeDep ROOT import-fresh@3.3.1 OK for: @eslint/eslintrc@3.3.6 want: ^3.2.1
520 silly placeDep ROOT js-yaml@4.3.1 OK for: @eslint/eslintrc@3.3.6 want: ^4.3.0
521 silly placeDep ROOT minimatch@3.1.5 OK for: @eslint/eslintrc@3.3.6 want: ^3.1.5
522 silly placeDep ROOT strip-json-comments@3.1.1 OK for: @eslint/eslintrc@3.3.6 want: ^3.1.1
523 silly fetch manifest uri-js@^4.2.2
524 silly packumentCache full:https://registry.npmjs.org/uri-js cache-miss
525 silly fetch manifest fast-deep-equal@^3.1.1
526 silly packumentCache full:https://registry.npmjs.org/fast-deep-equal cache-miss
527 silly fetch manifest json-schema-traverse@^0.4.1
528 silly packumentCache full:https://registry.npmjs.org/json-schema-traverse cache-miss
529 silly fetch manifest fast-json-stable-stringify@^2.0.0
530 silly packumentCache full:https://registry.npmjs.org/fast-json-stable-stringify cache-miss
531 silly fetch manifest ms@^2.1.3
532 silly packumentCache full:https://registry.npmjs.org/ms cache-miss
533 silly fetch manifest acorn@^8.15.0
534 silly packumentCache full:https://registry.npmjs.org/acorn cache-miss
535 silly fetch manifest acorn-jsx@^5.3.2
536 silly packumentCache full:https://registry.npmjs.org/acorn-jsx cache-miss
537 silly fetch manifest resolve-from@^4.0.0
538 silly packumentCache full:https://registry.npmjs.org/resolve-from cache-miss
539 silly fetch manifest parent-module@^1.0.0
540 silly packumentCache full:https://registry.npmjs.org/parent-module cache-miss
541 silly fetch manifest argparse@^2.0.1
542 silly packumentCache full:https://registry.npmjs.org/argparse cache-miss
543 silly fetch manifest brace-expansion@^1.1.7
544 silly packumentCache full:https://registry.npmjs.org/brace-expansion cache-miss
545 http cache https://registry.npmjs.org/fast-deep-equal 18ms (cache hit)
546 silly packumentCache full:https://registry.npmjs.org/fast-deep-equal set size:48634 disposed:false
547 http fetch GET 200 https://registry.npmjs.org/json-schema-traverse 1237ms (cache miss)
548 silly packumentCache full:https://registry.npmjs.org/json-schema-traverse set size:undefined disposed:false
549 http fetch GET 200 https://registry.npmjs.org/fast-json-stable-stringify 1270ms (cache miss)
550 silly packumentCache full:https://registry.npmjs.org/fast-json-stable-stringify set size:undefined disposed:false
551 http fetch GET 200 https://registry.npmjs.org/uri-js 1273ms (cache miss)
552 silly packumentCache full:https://registry.npmjs.org/uri-js set size:undefined disposed:false
553 http fetch GET 200 https://registry.npmjs.org/ms 1351ms (cache miss)
554 silly packumentCache full:https://registry.npmjs.org/ms set size:undefined disposed:false
555 http fetch GET 200 https://registry.npmjs.org/resolve-from 1355ms (cache miss)
556 silly packumentCache full:https://registry.npmjs.org/resolve-from set size:undefined disposed:false
557 http fetch GET 200 https://registry.npmjs.org/acorn-jsx 1358ms (cache miss)
558 silly packumentCache full:https://registry.npmjs.org/acorn-jsx set size:undefined disposed:false
559 http fetch GET 200 https://registry.npmjs.org/parent-module 1454ms (cache miss)
560 silly packumentCache full:https://registry.npmjs.org/parent-module set size:undefined disposed:false
561 http fetch GET 200 https://registry.npmjs.org/argparse 1456ms (cache miss)
562 silly packumentCache full:https://registry.npmjs.org/argparse set size:undefined disposed:false
563 http fetch GET 200 https://registry.npmjs.org/brace-expansion 1457ms (cache miss)
564 silly packumentCache full:https://registry.npmjs.org/brace-expansion set size:undefined disposed:false
565 http fetch GET 200 https://registry.npmjs.org/acorn 1891ms (cache miss)
566 silly packumentCache full:https://registry.npmjs.org/acorn set size:undefined disposed:false
567 silly fetch manifest @types/react@*
568 silly packumentCache full:https://registry.npmjs.org/@types%2freact cache-miss
569 http cache https://registry.npmjs.org/@types%2freact 13ms (cache hit)
570 silly packumentCache full:https://registry.npmjs.org/@types%2freact set size:2637439 disposed:false
571 silly fetch manifest react@^16.8 || ^17.0 || ^18.0 || ^19.0 || ^19.0.0-rc
572 silly packumentCache full:https://registry.npmjs.org/react cache-miss
573 http cache https://registry.npmjs.org/react 20ms (cache hit)
574 silly packumentCache full:https://registry.npmjs.org/react set size:6863945 disposed:false
575 silly placeDep ROOT @radix-ui/react-compose-refs@1.1.5 OK for: @radix-ui/react-slot@1.3.3 want: 1.1.5
576 silly placeDep ROOT undici-types@6.21.0 OK for: @types/node@22.20.1 want: ~6.21.0
577 silly placeDep ROOT csstype@3.2.3 OK for: @types/react@19.2.18 want: ^3.2.2
578 silly placeDep ROOT fast-deep-equal@3.1.3 OK for: ajv@6.15.0 want: ^3.1.1
579 silly placeDep ROOT fast-json-stable-stringify@2.1.0 OK for: ajv@6.15.0 want: ^2.0.0
580 silly placeDep ROOT json-schema-traverse@0.4.1 OK for: ajv@6.15.0 want: ^0.4.1
581 silly placeDep ROOT uri-js@4.4.1 OK for: ajv@6.15.0 want: ^4.2.2
582 silly fetch manifest punycode@^2.1.0
583 silly packumentCache full:https://registry.npmjs.org/punycode cache-miss
584 http fetch GET 200 https://registry.npmjs.org/punycode 1547ms (cache miss)
585 silly packumentCache full:https://registry.npmjs.org/punycode set size:undefined disposed:false
586 silly placeDep ROOT browserslist@4.28.7 OK for: autoprefixer@10.5.4 want: ^4.28.6
587 silly placeDep ROOT caniuse-lite@1.0.30001806 OK for: autoprefixer@10.5.4 want: ^1.0.30001806
588 silly placeDep ROOT fraction.js@5.3.4 OK for: autoprefixer@10.5.4 want: ^5.3.4
589 silly placeDep ROOT picocolors@1.1.1 OK for: autoprefixer@10.5.4 want: ^1.1.1
590 silly placeDep ROOT postcss-value-parser@4.2.0 OK for: autoprefixer@10.5.4 want: ^4.2.0
591 silly fetch manifest node-releases@^2.0.51
592 silly packumentCache full:https://registry.npmjs.org/node-releases cache-miss
593 silly fetch manifest electron-to-chromium@^1.5.393
594 silly packumentCache full:https://registry.npmjs.org/electron-to-chromium cache-miss
595 silly fetch manifest update-browserslist-db@^1.2.3
596 silly packumentCache full:https://registry.npmjs.org/update-browserslist-db cache-miss
597 silly fetch manifest baseline-browser-mapping@^2.10.44
598 silly packumentCache full:https://registry.npmjs.org/baseline-browser-mapping cache-miss
599 http fetch GET 200 https://registry.npmjs.org/node-releases 1548ms (cache miss)
600 silly packumentCache full:https://registry.npmjs.org/node-releases set size:undefined disposed:false
601 http fetch GET 200 https://registry.npmjs.org/update-browserslist-db 1578ms (cache miss)
602 silly packumentCache full:https://registry.npmjs.org/update-browserslist-db set size:undefined disposed:false
603 http fetch GET 200 https://registry.npmjs.org/baseline-browser-mapping 1747ms (cache miss)
604 silly packumentCache full:https://registry.npmjs.org/baseline-browser-mapping set size:undefined disposed:false
605 http fetch GET 200 https://registry.npmjs.org/electron-to-chromium 8557ms (cache miss)
606 silly packumentCache full:https://registry.npmjs.org/electron-to-chromium set size:undefined disposed:false
607 silly placeDep ROOT follow-redirects@1.16.0 OK for: axios@1.19.0 want: ^1.16.0
608 silly placeDep ROOT form-data@4.0.6 OK for: axios@1.19.0 want: ^4.0.6
609 silly placeDep ROOT https-proxy-agent@5.0.1 OK for: axios@1.19.0 want: ^5.0.1
610 silly placeDep ROOT proxy-from-env@2.1.0 OK for: axios@1.19.0 want: ^2.1.0
611 silly fetch manifest hasown@^2.0.4
612 silly packumentCache full:https://registry.npmjs.org/hasown cache-miss
613 silly fetch manifest asynckit@^0.4.0
614 silly packumentCache full:https://registry.npmjs.org/asynckit cache-miss
615 silly fetch manifest mime-types@^2.1.35
616 silly packumentCache full:https://registry.npmjs.org/mime-types cache-miss
617 silly fetch manifest combined-stream@^1.0.8
618 silly packumentCache full:https://registry.npmjs.org/combined-stream cache-miss
619 silly fetch manifest es-set-tostringtag@^2.1.0
620 silly packumentCache full:https://registry.npmjs.org/es-set-tostringtag cache-miss
621 silly fetch manifest agent-base@6
622 silly packumentCache full:https://registry.npmjs.org/agent-base cache-miss
623 http fetch GET 200 https://registry.npmjs.org/hasown 1814ms (cache miss)
624 silly packumentCache full:https://registry.npmjs.org/hasown set size:undefined disposed:false
625 http fetch GET 200 https://registry.npmjs.org/es-set-tostringtag 2537ms (cache miss)
626 silly packumentCache full:https://registry.npmjs.org/es-set-tostringtag set size:undefined disposed:false
627 http fetch GET 200 https://registry.npmjs.org/mime-types 2648ms (cache miss)
628 silly packumentCache full:https://registry.npmjs.org/mime-types set size:undefined disposed:false
629 http fetch GET 200 https://registry.npmjs.org/agent-base 2787ms (cache miss)
630 silly packumentCache full:https://registry.npmjs.org/agent-base set size:undefined disposed:false
631 http fetch GET 200 https://registry.npmjs.org/asynckit 3275ms (cache miss)
632 silly packumentCache full:https://registry.npmjs.org/asynckit set size:undefined disposed:false
633 http fetch GET 200 https://registry.npmjs.org/combined-stream 11388ms (cache miss)
634 silly packumentCache full:https://registry.npmjs.org/combined-stream set size:undefined disposed:false
635 silly fetch manifest browserslist@>= 4.21.0
636 silly packumentCache full:https://registry.npmjs.org/browserslist cache-miss
637 http cache https://registry.npmjs.org/browserslist 12ms (cache hit)
638 silly packumentCache full:https://registry.npmjs.org/browserslist set size:516369 disposed:false
639 silly placeDep ROOT baseline-browser-mapping@2.11.12 OK for: browserslist@4.28.7 want: ^2.10.44
640 silly placeDep ROOT electron-to-chromium@1.5.400 OK for: browserslist@4.28.7 want: ^1.5.393
641 silly placeDep ROOT node-releases@2.0.52 OK for: browserslist@4.28.7 want: ^2.0.51
642 silly placeDep ROOT update-browserslist-db@1.2.3 OK for: browserslist@4.28.7 want: ^1.2.3
643 silly fetch manifest escalade@^3.2.0
644 silly packumentCache full:https://registry.npmjs.org/escalade cache-miss
645 http fetch GET 200 https://registry.npmjs.org/escalade 440ms (cache miss)
646 silly packumentCache full:https://registry.npmjs.org/escalade set size:undefined disposed:false
647 silly placeDep ROOT ms@2.1.3 OK for: debug@4.4.3 want: ^2.1.3
648 silly fetch manifest eslint@^6.0.0 || ^7.0.0 || >=8.0.0
649 silly packumentCache full:https://registry.npmjs.org/eslint cache-miss
650 http cache https://registry.npmjs.org/eslint 13ms (cache hit)
651 silly packumentCache full:https://registry.npmjs.org/eslint set size:2040662 disposed:false
652 silly placeDep ROOT @eslint-community/eslint-utils@4.10.1 OK for: eslint@9.39.5 want: ^4.8.0
653 silly placeDep ROOT @eslint-community/regexpp@4.12.2 OK for: eslint@9.39.5 want: ^4.12.1
654 silly placeDep ROOT @eslint/config-array@0.21.2 OK for: eslint@9.39.5 want: ^0.21.2
655 silly placeDep ROOT @eslint/config-helpers@0.4.2 OK for: eslint@9.39.5 want: ^0.4.2
656 silly placeDep ROOT @eslint/core@0.17.0 OK for: eslint@9.39.5 want: ^0.17.0
657 silly placeDep ROOT @eslint/js@9.39.5 OK for: eslint@9.39.5 want: 9.39.5
658 silly placeDep ROOT @eslint/plugin-kit@0.4.1 OK for: eslint@9.39.5 want: ^0.4.1
659 silly placeDep ROOT @humanfs/node@0.16.8 OK for: eslint@9.39.5 want: ^0.16.6
660 silly placeDep ROOT @humanwhocodes/module-importer@1.0.1 OK for: eslint@9.39.5 want: ^1.0.1
661 silly placeDep ROOT @humanwhocodes/retry@0.4.3 OK for: eslint@9.39.5 want: ^0.4.2
662 silly placeDep ROOT @types/estree@1.0.9 OK for: eslint@9.39.5 want: ^1.0.6
663 silly placeDep ROOT chalk@4.1.2 OK for: eslint@9.39.5 want: ^4.0.0
664 silly placeDep ROOT cross-spawn@7.0.6 OK for: eslint@9.39.5 want: ^7.0.6
665 silly placeDep ROOT escape-string-regexp@4.0.0 OK for: eslint@9.39.5 want: ^4.0.0
666 silly placeDep ROOT eslint-scope@8.4.0 OK for: eslint@9.39.5 want: ^8.4.0
667 silly placeDep ROOT eslint-visitor-keys@4.2.1 OK for: eslint@9.39.5 want: ^4.2.1
668 silly placeDep ROOT esquery@1.7.0 OK for: eslint@9.39.5 want: ^1.5.0
669 silly placeDep ROOT esutils@2.0.3 OK for: eslint@9.39.5 want: ^2.0.2
670 silly placeDep ROOT file-entry-cache@8.0.0 OK for: eslint@9.39.5 want: ^8.0.0
671 silly placeDep ROOT find-up@5.0.0 OK for: eslint@9.39.5 want: ^5.0.0
672 silly placeDep ROOT glob-parent@6.0.2 OK for: eslint@9.39.5 want: ^6.0.2
673 silly placeDep ROOT imurmurhash@0.1.4 OK for: eslint@9.39.5 want: ^0.1.4
674 silly placeDep ROOT is-glob@4.0.3 OK for: eslint@9.39.5 want: ^4.0.0
675 silly placeDep ROOT json-stable-stringify-without-jsonify@1.0.1 OK for: eslint@9.39.5 want: ^1.0.1
676 silly placeDep ROOT lodash.merge@4.6.2 OK for: eslint@9.39.5 want: ^4.6.2
677 silly placeDep ROOT natural-compare@1.4.0 OK for: eslint@9.39.5 want: ^1.4.0
678 silly placeDep ROOT optionator@0.9.4 OK for: eslint@9.39.5 want: ^0.9.3
679 silly fetch manifest eslint-visitor-keys@^3.4.3
680 silly packumentCache full:https://registry.npmjs.org/eslint-visitor-keys cache-miss
681 silly fetch manifest @eslint/object-schema@^2.1.7
682 silly packumentCache full:https://registry.npmjs.org/@eslint%2fobject-schema cache-miss
683 silly fetch manifest @types/json-schema@^7.0.15
684 silly packumentCache full:https://registry.npmjs.org/@types%2fjson-schema cache-miss
685 silly fetch manifest levn@^0.4.1
686 silly packumentCache full:https://registry.npmjs.org/levn cache-miss
687 silly fetch manifest @humanwhocodes/retry@^0.4.0
688 silly packumentCache full:https://registry.npmjs.org/@humanwhocodes%2fretry cache-miss
689 silly fetch manifest @humanfs/core@^0.19.2
690 silly packumentCache full:https://registry.npmjs.org/@humanfs%2fcore cache-miss
691 silly fetch manifest @humanfs/types@^0.15.0
692 silly packumentCache full:https://registry.npmjs.org/@humanfs%2ftypes cache-miss
693 silly fetch manifest ansi-styles@^4.1.0
694 silly packumentCache full:https://registry.npmjs.org/ansi-styles cache-miss
695 silly fetch manifest supports-color@^7.1.0
696 silly packumentCache full:https://registry.npmjs.org/supports-color cache-miss
697 silly fetch manifest which@^2.0.1
698 silly packumentCache full:https://registry.npmjs.org/which cache-miss
699 silly fetch manifest path-key@^3.1.0
700 silly packumentCache full:https://registry.npmjs.org/path-key cache-miss
701 http cache https://registry.npmjs.org/@humanwhocodes%2fretry 18ms (cache hit)
702 silly packumentCache full:https://registry.npmjs.org/@humanwhocodes%2fretry set size:42348 disposed:false
703 silly fetch manifest shebang-command@^2.0.0
704 silly packumentCache full:https://registry.npmjs.org/shebang-command cache-miss
705 http cache https://registry.npmjs.org/eslint-visitor-keys 25ms (cache hit)
706 silly packumentCache full:https://registry.npmjs.org/eslint-visitor-keys set size:69949 disposed:false
707 silly fetch manifest esrecurse@^4.3.0
708 silly packumentCache full:https://registry.npmjs.org/esrecurse cache-miss
709 http fetch GET 200 https://registry.npmjs.org/@eslint%2fobject-schema 355ms (cache miss)
710 silly packumentCache full:https://registry.npmjs.org/@eslint%2fobject-schema set size:undefined disposed:false
711 silly fetch manifest estraverse@^5.2.0
712 silly packumentCache full:https://registry.npmjs.org/estraverse cache-miss
713 http fetch GET 200 https://registry.npmjs.org/@humanfs%2fcore 463ms (cache miss)
714 silly packumentCache full:https://registry.npmjs.org/@humanfs%2fcore set size:undefined disposed:false
715 silly fetch manifest estraverse@^5.1.0
716 silly packumentCache full:https://registry.npmjs.org/estraverse cache-miss
717 http fetch GET 200 https://registry.npmjs.org/@humanfs%2ftypes 465ms (cache miss)
718 silly packumentCache full:https://registry.npmjs.org/@humanfs%2ftypes set size:undefined disposed:false
719 silly fetch manifest flat-cache@^4.0.0
720 silly packumentCache full:https://registry.npmjs.org/flat-cache cache-miss
721 http fetch GET 200 https://registry.npmjs.org/levn 475ms (cache miss)
722 silly packumentCache full:https://registry.npmjs.org/levn set size:undefined disposed:false
723 silly fetch manifest locate-path@^6.0.0
724 silly packumentCache full:https://registry.npmjs.org/locate-path cache-miss
725 http fetch GET 200 https://registry.npmjs.org/@types%2fjson-schema 477ms (cache miss)
726 silly packumentCache full:https://registry.npmjs.org/@types%2fjson-schema set size:undefined disposed:false
727 silly fetch manifest path-exists@^4.0.0
728 silly packumentCache full:https://registry.npmjs.org/path-exists cache-miss
729 http fetch GET 200 https://registry.npmjs.org/which 480ms (cache miss)
730 silly packumentCache full:https://registry.npmjs.org/which set size:undefined disposed:false
731 silly fetch manifest is-extglob@^2.1.1
732 silly packumentCache full:https://registry.npmjs.org/is-extglob cache-miss
733 http fetch GET 200 https://registry.npmjs.org/path-key 495ms (cache miss)
734 silly packumentCache full:https://registry.npmjs.org/path-key set size:undefined disposed:false
735 silly fetch manifest prelude-ls@^1.2.1
736 silly packumentCache full:https://registry.npmjs.org/prelude-ls cache-miss
737 http fetch GET 200 https://registry.npmjs.org/ansi-styles 654ms (cache miss)
738 silly packumentCache full:https://registry.npmjs.org/ansi-styles set size:undefined disposed:false
739 silly fetch manifest deep-is@^0.1.3
740 silly packumentCache full:https://registry.npmjs.org/deep-is cache-miss
741 http fetch GET 200 https://registry.npmjs.org/supports-color 722ms (cache miss)
742 silly packumentCache full:https://registry.npmjs.org/supports-color set size:undefined disposed:false
743 silly fetch manifest word-wrap@^1.2.5
744 silly packumentCache full:https://registry.npmjs.org/word-wrap cache-miss
745 http fetch GET 200 https://registry.npmjs.org/estraverse 381ms (cache miss)
746 silly packumentCache full:https://registry.npmjs.org/estraverse set size:undefined disposed:false
747 silly fetch manifest type-check@^0.4.0
748 silly packumentCache full:https://registry.npmjs.org/type-check cache-miss
749 http fetch GET 200 https://registry.npmjs.org/estraverse 274ms (cache miss)
750 silly packumentCache full:https://registry.npmjs.org/estraverse set size:undefined disposed:false
751 silly fetch manifest fast-levenshtein@^2.0.6
752 silly packumentCache full:https://registry.npmjs.org/fast-levenshtein cache-miss
753 http fetch GET 200 https://registry.npmjs.org/is-extglob 375ms (cache miss)
754 silly packumentCache full:https://registry.npmjs.org/is-extglob set size:undefined disposed:false
755 http fetch GET 200 https://registry.npmjs.org/path-exists 382ms (cache miss)
756 silly packumentCache full:https://registry.npmjs.org/path-exists set size:undefined disposed:false
757 http fetch GET 200 https://registry.npmjs.org/locate-path 387ms (cache miss)
758 silly packumentCache full:https://registry.npmjs.org/locate-path set size:undefined disposed:false
759 http fetch GET 200 https://registry.npmjs.org/prelude-ls 364ms (cache miss)
760 silly packumentCache full:https://registry.npmjs.org/prelude-ls set size:undefined disposed:false
761 http fetch GET 200 https://registry.npmjs.org/flat-cache 399ms (cache miss)
762 silly packumentCache full:https://registry.npmjs.org/flat-cache set size:undefined disposed:false
763 http fetch GET 200 https://registry.npmjs.org/deep-is 698ms (cache miss)
764 silly packumentCache full:https://registry.npmjs.org/deep-is set size:undefined disposed:false
765 http fetch GET 200 https://registry.npmjs.org/type-check 799ms (cache miss)
766 silly packumentCache full:https://registry.npmjs.org/type-check set size:undefined disposed:false
767 http fetch GET 200 https://registry.npmjs.org/fast-levenshtein 798ms (cache miss)
768 silly packumentCache full:https://registry.npmjs.org/fast-levenshtein set size:undefined disposed:false
769 http fetch GET 200 https://registry.npmjs.org/word-wrap 807ms (cache miss)
770 silly packumentCache full:https://registry.npmjs.org/word-wrap set size:undefined disposed:false
771 http fetch GET 200 https://registry.npmjs.org/esrecurse 1678ms (cache miss)
772 silly packumentCache full:https://registry.npmjs.org/esrecurse set size:undefined disposed:false
773 http fetch GET 200 https://registry.npmjs.org/shebang-command 1696ms (cache miss)
774 silly packumentCache full:https://registry.npmjs.org/shebang-command set size:undefined disposed:false
775 silly placeDep node_modules/@eslint-community/eslint-utils eslint-visitor-keys@3.4.3 OK for: @eslint-community/eslint-utils@4.10.1 want: ^3.4.3
776 silly placeDep ROOT @eslint/object-schema@2.1.7 OK for: @eslint/config-array@0.21.2 want: ^2.1.7
777 silly placeDep ROOT @types/json-schema@7.0.15 OK for: @eslint/core@0.17.0 want: ^7.0.15
778 silly placeDep ROOT levn@0.4.1 OK for: @eslint/plugin-kit@0.4.1 want: ^0.4.1
779 silly fetch manifest type-check@~0.4.0
780 silly packumentCache full:https://registry.npmjs.org/type-check cache-miss
781 http cache https://registry.npmjs.org/type-check 9ms (cache hit)
782 silly packumentCache full:https://registry.npmjs.org/type-check set size:21221 disposed:false
783 silly placeDep ROOT @humanfs/core@0.19.2 OK for: @humanfs/node@0.16.8 want: ^0.19.2
784 silly placeDep ROOT @humanfs/types@0.15.0 OK for: @humanfs/node@0.16.8 want: ^0.15.0
785 silly placeDep ROOT ansi-styles@4.3.0 OK for: chalk@4.1.2 want: ^4.1.0
786 silly placeDep ROOT supports-color@7.2.0 OK for: chalk@4.1.2 want: ^7.1.0
787 silly fetch manifest color-convert@^2.0.1
788 silly packumentCache full:https://registry.npmjs.org/color-convert cache-miss
789 silly fetch manifest has-flag@^4.0.0
790 silly packumentCache full:https://registry.npmjs.org/has-flag cache-miss
791 http fetch GET 200 https://registry.npmjs.org/color-convert 345ms (cache miss)
792 silly packumentCache full:https://registry.npmjs.org/color-convert set size:undefined disposed:false
793 http fetch GET 200 https://registry.npmjs.org/has-flag 373ms (cache miss)
794 silly packumentCache full:https://registry.npmjs.org/has-flag set size:undefined disposed:false
795 silly placeDep ROOT color-convert@2.0.1 OK for: ansi-styles@4.3.0 want: ^2.0.1
796 silly fetch manifest color-name@~1.1.4
797 silly packumentCache full:https://registry.npmjs.org/color-name cache-miss
798 http fetch GET 200 https://registry.npmjs.org/color-name 259ms (cache miss)
799 silly packumentCache full:https://registry.npmjs.org/color-name set size:undefined disposed:false
800 silly placeDep ROOT color-name@1.1.4 OK for: color-convert@2.0.1 want: ~1.1.4
801 silly placeDep ROOT path-key@3.1.1 OK for: cross-spawn@7.0.6 want: ^3.1.0
802 silly placeDep ROOT shebang-command@2.0.0 OK for: cross-spawn@7.0.6 want: ^2.0.0
803 silly placeDep ROOT which@2.0.2 OK for: cross-spawn@7.0.6 want: ^2.0.1
804 silly fetch manifest shebang-regex@^3.0.0
805 silly packumentCache full:https://registry.npmjs.org/shebang-regex cache-miss
806 silly fetch manifest isexe@^2.0.0
807 silly packumentCache full:https://registry.npmjs.org/isexe cache-miss
808 http fetch GET 200 https://registry.npmjs.org/shebang-regex 139ms (cache miss)
809 silly packumentCache full:https://registry.npmjs.org/shebang-regex set size:undefined disposed:false
810 http fetch GET 200 https://registry.npmjs.org/isexe 141ms (cache miss)
811 silly packumentCache full:https://registry.npmjs.org/isexe set size:undefined disposed:false
812 silly fetch manifest eslint@^7.23.0 || ^8.0.0 || ^9.0.0
813 silly packumentCache full:https://registry.npmjs.org/eslint cache-miss
814 http cache https://registry.npmjs.org/eslint 12ms (cache hit)
815 silly packumentCache full:https://registry.npmjs.org/eslint set size:2040662 disposed:false
816 silly fetch manifest typescript@>=3.3.1
817 silly packumentCache full:https://registry.npmjs.org/typescript cache-miss
818 http cache https://registry.npmjs.org/typescript 61ms (cache hit)
819 silly packumentCache full:https://registry.npmjs.org/typescript set size:15513951 disposed:false
820 silly fetch manifest typescript@>=4.8.4 <6.1.0
821 silly packumentCache full:https://registry.npmjs.org/typescript cache-miss
822 http cache https://registry.npmjs.org/typescript 44ms (cache hit)
823 silly packumentCache full:https://registry.npmjs.org/typescript set size:15513951 disposed:false
824 silly fetch manifest eslint-plugin-import-x@*
825 silly packumentCache full:https://registry.npmjs.org/eslint-plugin-import-x cache-miss
826 http fetch GET 200 https://registry.npmjs.org/eslint-plugin-import-x 776ms (cache miss)
827 silly packumentCache full:https://registry.npmjs.org/eslint-plugin-import-x set size:undefined disposed:false
828 silly fetch manifest @typescript-eslint/utils@^8.56.0
829 silly packumentCache full:https://registry.npmjs.org/@typescript-eslint%2futils cache-miss
830 http fetch GET 200 https://registry.npmjs.org/@typescript-eslint%2futils 2963ms (cache miss)
831 silly packumentCache full:https://registry.npmjs.org/@typescript-eslint%2futils set size:undefined disposed:false
832 silly placeDep ROOT @next/eslint-plugin-next@15.5.22 OK for: eslint-config-next@15.5.22 want: 15.5.22
833 silly placeDep ROOT @rushstack/eslint-patch@1.16.1 OK for: eslint-config-next@15.5.22 want: ^1.10.3
834 silly placeDep ROOT @typescript-eslint/eslint-plugin@8.66.0 OK for: eslint-config-next@15.5.22 want: ^5.4.2 || ^6.0.0 || ^7.0.0 || ^8.0.0
835 silly placeDep ROOT @typescript-eslint/parser@8.66.0 OK for: @typescript-eslint/eslint-plugin@8.66.0 want: ^8.66.0
836 silly placeDep ROOT eslint-import-resolver-node@0.3.10 OK for: eslint-config-next@15.5.22 want: ^0.3.6
837 silly placeDep ROOT eslint-import-resolver-typescript@3.10.1 OK for: eslint-config-next@15.5.22 want: ^3.5.2
838 silly placeDep ROOT eslint-plugin-import@2.32.0 OK for: eslint-config-next@15.5.22 want: ^2.31.0
839 silly placeDep ROOT eslint-plugin-jsx-a11y@6.10.2 OK for: eslint-config-next@15.5.22 want: ^6.10.0
840 silly placeDep ROOT eslint-plugin-react@7.37.5 OK for: eslint-config-next@15.5.22 want: ^7.37.0
841 silly placeDep ROOT eslint-plugin-react-hooks@5.2.0 OK for: eslint-config-next@15.5.22 want: ^5.0.0
842 silly fetch manifest fast-glob@3.3.1
843 silly packumentCache full:https://registry.npmjs.org/fast-glob cache-miss
844 silly fetch manifest ignore@^7.0.5
845 silly packumentCache full:https://registry.npmjs.org/ignore cache-miss
846 silly fetch manifest ts-api-utils@^2.5.0
847 silly packumentCache full:https://registry.npmjs.org/ts-api-utils cache-miss
848 silly fetch manifest @typescript-eslint/utils@8.66.0
849 silly packumentCache full:https://registry.npmjs.org/@typescript-eslint%2futils cache-miss
850 silly fetch manifest @typescript-eslint/type-utils@8.66.0
851 silly packumentCache full:https://registry.npmjs.org/@typescript-eslint%2ftype-utils cache-miss
852 silly fetch manifest @typescript-eslint/visitor-keys@8.66.0
853 silly packumentCache full:https://registry.npmjs.org/@typescript-eslint%2fvisitor-keys cache-miss
854 silly fetch manifest @typescript-eslint/scope-manager@8.66.0
855 silly packumentCache full:https://registry.npmjs.org/@typescript-eslint%2fscope-manager cache-miss
856 silly fetch manifest @typescript-eslint/types@8.66.0
857 silly packumentCache full:https://registry.npmjs.org/@typescript-eslint%2ftypes cache-miss
858 silly fetch manifest @typescript-eslint/visitor-keys@8.66.0
859 silly packumentCache full:https://registry.npmjs.org/@typescript-eslint%2fvisitor-keys cache-miss
860 silly fetch manifest @typescript-eslint/scope-manager@8.66.0
861 silly packumentCache full:https://registry.npmjs.org/@typescript-eslint%2fscope-manager cache-miss
862 silly fetch manifest @typescript-eslint/typescript-estree@8.66.0
863 silly packumentCache full:https://registry.npmjs.org/@typescript-eslint%2ftypescript-estree cache-miss
864 http cache https://registry.npmjs.org/fast-glob 15ms (cache hit)
865 silly packumentCache full:https://registry.npmjs.org/fast-glob set size:220556 disposed:false
866 silly fetch manifest debug@^3.2.7
867 silly packumentCache full:https://registry.npmjs.org/debug cache-miss
868 http cache https://registry.npmjs.org/ignore 19ms (cache hit)
869 silly packumentCache full:https://registry.npmjs.org/ignore set size:240910 disposed:false
870 silly fetch manifest resolve@^2.0.0-next.6
871 silly packumentCache full:https://registry.npmjs.org/resolve cache-miss
872 http cache https://registry.npmjs.org/@typescript-eslint%2futils 39ms (cache hit)
873 silly packumentCache full:https://registry.npmjs.org/@typescript-eslint%2futils set size:10634447 disposed:false
874 silly fetch manifest is-core-module@^2.16.1
875 silly packumentCache full:https://registry.npmjs.org/is-core-module cache-miss
876 http cache https://registry.npmjs.org/resolve 96ms (cache hit)
877 silly packumentCache full:https://registry.npmjs.org/resolve set size:244568 disposed:false
878 silly fetch manifest tinyglobby@^0.2.13
879 silly packumentCache full:https://registry.npmjs.org/tinyglobby cache-miss
880 http cache https://registry.npmjs.org/debug 104ms (cache hit)
881 silly packumentCache full:https://registry.npmjs.org/debug set size:195840 disposed:false
882 silly fetch manifest stable-hash@^0.0.5
883 silly packumentCache full:https://registry.npmjs.org/stable-hash cache-miss
884 http fetch GET 200 https://registry.npmjs.org/ts-api-utils 181ms (cache miss)
885 silly packumentCache full:https://registry.npmjs.org/ts-api-utils set size:undefined disposed:false
886 silly fetch manifest get-tsconfig@^4.10.0
887 silly packumentCache full:https://registry.npmjs.org/get-tsconfig cache-miss
888 http fetch GET 200 https://registry.npmjs.org/is-core-module 89ms (cache miss)
889 silly packumentCache full:https://registry.npmjs.org/is-core-module set size:undefined disposed:false
890 silly fetch manifest is-bun-module@^2.0.0
891 silly packumentCache full:https://registry.npmjs.org/is-bun-module cache-miss
892 http fetch GET 200 https://registry.npmjs.org/tinyglobby 92ms (cache miss)
893 silly packumentCache full:https://registry.npmjs.org/tinyglobby set size:undefined disposed:false
894 silly fetch manifest unrs-resolver@^1.6.2
895 silly packumentCache full:https://registry.npmjs.org/unrs-resolver cache-miss
896 http fetch GET 200 https://registry.npmjs.org/is-bun-module 96ms (cache miss)
897 silly packumentCache full:https://registry.npmjs.org/is-bun-module set size:undefined disposed:false
898 silly fetch manifest @nolyfill/is-core-module@1.0.39
899 silly packumentCache full:https://registry.npmjs.org/@nolyfill%2fis-core-module cache-miss
900 http fetch GET 200 https://registry.npmjs.org/get-tsconfig 211ms (cache miss)
901 silly packumentCache full:https://registry.npmjs.org/get-tsconfig set size:undefined disposed:false
902 silly fetch manifest @rtsao/scc@^1.1.0
903 silly packumentCache full:https://registry.npmjs.org/@rtsao%2fscc cache-miss
904 http fetch GET 200 https://registry.npmjs.org/@nolyfill%2fis-core-module 196ms (cache miss)
905 silly packumentCache full:https://registry.npmjs.org/@nolyfill%2fis-core-module set size:undefined disposed:false
906 silly fetch manifest array-includes@^3.1.9
907 silly packumentCache full:https://registry.npmjs.org/array-includes cache-miss
908 http fetch GET 200 https://registry.npmjs.org/unrs-resolver 360ms (cache miss)
909 silly packumentCache full:https://registry.npmjs.org/unrs-resolver set size:undefined disposed:false
910 silly fetch manifest array.prototype.findlastindex@^1.2.6
911 silly packumentCache full:https://registry.npmjs.org/array.prototype.findlastindex cache-miss
912 http fetch GET 200 https://registry.npmjs.org/stable-hash 462ms (cache miss)
913 silly packumentCache full:https://registry.npmjs.org/stable-hash set size:undefined disposed:false
914 silly fetch manifest array.prototype.flat@^1.3.3
915 silly packumentCache full:https://registry.npmjs.org/array.prototype.flat cache-miss
916 http fetch GET 200 https://registry.npmjs.org/@typescript-eslint%2fvisitor-keys 774ms (cache miss)
917 silly packumentCache full:https://registry.npmjs.org/@typescript-eslint%2fvisitor-keys set size:undefined disposed:false
918 silly fetch manifest array.prototype.flatmap@^1.3.3
919 silly packumentCache full:https://registry.npmjs.org/array.prototype.flatmap cache-miss
920 http fetch GET 200 https://registry.npmjs.org/@rtsao%2fscc 481ms (cache miss)
921 silly packumentCache full:https://registry.npmjs.org/@rtsao%2fscc set size:undefined disposed:false
922 silly fetch manifest doctrine@^2.1.0
923 silly packumentCache full:https://registry.npmjs.org/doctrine cache-miss
924 http fetch GET 200 https://registry.npmjs.org/array-includes 389ms (cache miss)
925 silly packumentCache full:https://registry.npmjs.org/array-includes set size:undefined disposed:false
926 silly fetch manifest eslint-module-utils@^2.12.1
927 silly packumentCache full:https://registry.npmjs.org/eslint-module-utils cache-miss
928 http fetch GET 200 https://registry.npmjs.org/array.prototype.findlastindex 311ms (cache miss)
929 silly packumentCache full:https://registry.npmjs.org/array.prototype.findlastindex set size:undefined disposed:false
930 silly fetch manifest hasown@^2.0.2
931 silly packumentCache full:https://registry.npmjs.org/hasown cache-miss
932 http fetch GET 200 https://registry.npmjs.org/array.prototype.flat 302ms (cache miss)
933 silly packumentCache full:https://registry.npmjs.org/array.prototype.flat set size:undefined disposed:false
934 silly fetch manifest object.fromentries@^2.0.8
935 silly packumentCache full:https://registry.npmjs.org/object.fromentries cache-miss
936 http cache https://registry.npmjs.org/hasown 17ms (cache hit)
937 silly packumentCache full:https://registry.npmjs.org/hasown set size:18361 disposed:false
938 silly fetch manifest object.groupby@^1.0.3
939 silly packumentCache full:https://registry.npmjs.org/object.groupby cache-miss
940 http fetch GET 200 https://registry.npmjs.org/array.prototype.flatmap 171ms (cache miss)
941 silly packumentCache full:https://registry.npmjs.org/array.prototype.flatmap set size:undefined disposed:false
942 silly fetch manifest object.values@^1.2.1
943 silly packumentCache full:https://registry.npmjs.org/object.values cache-miss
944 http fetch GET 200 https://registry.npmjs.org/object.fromentries 330ms (cache miss)
945 silly packumentCache full:https://registry.npmjs.org/object.fromentries set size:undefined disposed:false
946 silly fetch manifest semver@^6.3.1
947 silly packumentCache full:https://registry.npmjs.org/semver cache-miss
948 http fetch GET 200 https://registry.npmjs.org/object.groupby 317ms (cache miss)
949 silly packumentCache full:https://registry.npmjs.org/object.groupby set size:undefined disposed:false
950 silly fetch manifest string.prototype.trimend@^1.0.9
951 silly packumentCache full:https://registry.npmjs.org/string.prototype.trimend cache-miss
952 http fetch GET 200 https://registry.npmjs.org/eslint-module-utils 345ms (cache miss)
953 silly packumentCache full:https://registry.npmjs.org/eslint-module-utils set size:undefined disposed:false
954 silly fetch manifest tsconfig-paths@^3.15.0
955 silly packumentCache full:https://registry.npmjs.org/tsconfig-paths cache-miss
956 http fetch GET 200 https://registry.npmjs.org/object.values 217ms (cache miss)
957 silly packumentCache full:https://registry.npmjs.org/object.values set size:undefined disposed:false
958 silly fetch manifest aria-query@^5.3.2
959 silly packumentCache full:https://registry.npmjs.org/aria-query cache-miss
960 http fetch GET 200 https://registry.npmjs.org/doctrine 381ms (cache miss)
961 silly packumentCache full:https://registry.npmjs.org/doctrine set size:undefined disposed:false
962 silly fetch manifest array-includes@^3.1.8
963 silly packumentCache full:https://registry.npmjs.org/array-includes cache-miss
964 http cache https://registry.npmjs.org/array-includes 8ms (cache hit)
965 silly packumentCache full:https://registry.npmjs.org/array-includes set size:77143 disposed:false
966 silly fetch manifest array.prototype.flatmap@^1.3.2
967 silly packumentCache full:https://registry.npmjs.org/array.prototype.flatmap cache-miss
968 http cache https://registry.npmjs.org/array.prototype.flatmap 7ms (cache hit)
969 silly packumentCache full:https://registry.npmjs.org/array.prototype.flatmap set size:51458 disposed:false
970 silly fetch manifest ast-types-flow@^0.0.8
971 silly packumentCache full:https://registry.npmjs.org/ast-types-flow cache-miss
972 http fetch GET 200 https://registry.npmjs.org/ast-types-flow 282ms (cache miss)
973 silly packumentCache full:https://registry.npmjs.org/ast-types-flow set size:undefined disposed:false
974 silly fetch manifest axe-core@^4.10.0
975 silly packumentCache full:https://registry.npmjs.org/axe-core cache-miss
976 http fetch GET 200 https://registry.npmjs.org/aria-query 333ms (cache miss)
977 silly packumentCache full:https://registry.npmjs.org/aria-query set size:undefined disposed:false
978 silly fetch manifest axobject-query@^4.1.0
979 silly packumentCache full:https://registry.npmjs.org/axobject-query cache-miss
980 http fetch GET 200 https://registry.npmjs.org/tsconfig-paths 343ms (cache miss)
981 silly packumentCache full:https://registry.npmjs.org/tsconfig-paths set size:undefined disposed:false
982 silly fetch manifest damerau-levenshtein@^1.0.8
983 silly packumentCache full:https://registry.npmjs.org/damerau-levenshtein cache-miss
984 http fetch GET 200 https://registry.npmjs.org/string.prototype.trimend 360ms (cache miss)
985 silly packumentCache full:https://registry.npmjs.org/string.prototype.trimend set size:undefined disposed:false
986 silly fetch manifest emoji-regex@^9.2.2
987 silly packumentCache full:https://registry.npmjs.org/emoji-regex cache-miss
988 http fetch GET 200 https://registry.npmjs.org/semver 366ms (cache miss)
989 silly packumentCache full:https://registry.npmjs.org/semver set size:undefined disposed:false
990 silly fetch manifest jsx-ast-utils@^3.3.5
991 silly packumentCache full:https://registry.npmjs.org/jsx-ast-utils cache-miss
992 http fetch GET 200 https://registry.npmjs.org/axobject-query 501ms (cache miss)
993 silly packumentCache full:https://registry.npmjs.org/axobject-query set size:undefined disposed:false
994 silly fetch manifest language-tags@^1.0.9
995 silly packumentCache full:https://registry.npmjs.org/language-tags cache-miss
996 http fetch GET 200 https://registry.npmjs.org/damerau-levenshtein 498ms (cache miss)
997 silly packumentCache full:https://registry.npmjs.org/damerau-levenshtein set size:undefined disposed:false
998 silly fetch manifest safe-regex-test@^1.0.3
999 silly packumentCache full:https://registry.npmjs.org/safe-regex-test cache-miss
1000 http fetch GET 200 https://registry.npmjs.org/jsx-ast-utils 489ms (cache miss)
1001 silly packumentCache full:https://registry.npmjs.org/jsx-ast-utils set size:undefined disposed:false
1002 silly fetch manifest string.prototype.includes@^2.0.1
1003 silly packumentCache full:https://registry.npmjs.org/string.prototype.includes cache-miss
1004 http fetch GET 200 https://registry.npmjs.org/emoji-regex 526ms (cache miss)
1005 silly packumentCache full:https://registry.npmjs.org/emoji-regex set size:undefined disposed:false
1006 silly fetch manifest array.prototype.findlast@^1.2.5
1007 silly packumentCache full:https://registry.npmjs.org/array.prototype.findlast cache-miss
1008 http fetch GET 200 https://registry.npmjs.org/language-tags 791ms (cache miss)
1009 silly packumentCache full:https://registry.npmjs.org/language-tags set size:undefined disposed:false
1010 silly fetch manifest array.prototype.tosorted@^1.1.4
1011 silly packumentCache full:https://registry.npmjs.org/array.prototype.tosorted cache-miss
1012 http fetch GET 200 https://registry.npmjs.org/@typescript-eslint%2fvisitor-keys 2892ms (cache miss)
1013 silly packumentCache full:https://registry.npmjs.org/@typescript-eslint%2fvisitor-keys set size:undefined disposed:false
1014 silly fetch manifest es-iterator-helpers@^1.2.1
1015 silly packumentCache full:https://registry.npmjs.org/es-iterator-helpers cache-miss
1016 http fetch GET 200 https://registry.npmjs.org/@typescript-eslint%2fscope-manager 2987ms (cache miss)
1017 silly packumentCache full:https://registry.npmjs.org/@typescript-eslint%2fscope-manager set size:undefined disposed:false
1018 silly fetch manifest estraverse@^5.3.0
1019 silly packumentCache full:https://registry.npmjs.org/estraverse cache-miss
1020 http fetch GET 200 https://registry.npmjs.org/string.prototype.includes 1044ms (cache miss)
1021 silly packumentCache full:https://registry.npmjs.org/string.prototype.includes set size:undefined disposed:false
1022 silly fetch manifest jsx-ast-utils@^2.4.1 || ^3.0.0
1023 silly packumentCache full:https://registry.npmjs.org/jsx-ast-utils cache-miss
1024 http fetch GET 200 https://registry.npmjs.org/safe-regex-test 1052ms (cache miss)
1025 silly packumentCache full:https://registry.npmjs.org/safe-regex-test set size:undefined disposed:false
1026 silly fetch manifest object.entries@^1.1.9
1027 silly packumentCache full:https://registry.npmjs.org/object.entries cache-miss
1028 http cache https://registry.npmjs.org/estraverse 24ms (cache hit)
1029 silly packumentCache full:https://registry.npmjs.org/estraverse set size:62412 disposed:false
1030 silly fetch manifest prop-types@^15.8.1
1031 silly packumentCache full:https://registry.npmjs.org/prop-types cache-miss
1032 http fetch GET 200 https://registry.npmjs.org/array.prototype.findlast 1020ms (cache miss)
1033 silly packumentCache full:https://registry.npmjs.org/array.prototype.findlast set size:undefined disposed:false
1034 silly fetch manifest resolve@^2.0.0-next.5
1035 silly packumentCache full:https://registry.npmjs.org/resolve cache-hit
1036 silly fetch manifest string.prototype.matchall@^4.0.12
1037 silly packumentCache full:https://registry.npmjs.org/string.prototype.matchall cache-miss
1038 http cache https://registry.npmjs.org/jsx-ast-utils 17ms (cache hit)
1039 silly packumentCache full:https://registry.npmjs.org/jsx-ast-utils set size:115998 disposed:false
1040 silly fetch manifest string.prototype.repeat@^1.0.0
1041 silly packumentCache full:https://registry.npmjs.org/string.prototype.repeat cache-miss
1042 http fetch GET 200 https://registry.npmjs.org/array.prototype.tosorted 1048ms (cache miss)
1043 silly packumentCache full:https://registry.npmjs.org/array.prototype.tosorted set size:undefined disposed:false
1044 http fetch GET 200 https://registry.npmjs.org/es-iterator-helpers 1138ms (cache miss)
1045 silly packumentCache full:https://registry.npmjs.org/es-iterator-helpers set size:undefined disposed:false
1046 http fetch GET 200 https://registry.npmjs.org/object.entries 1031ms (cache miss)
1047 silly packumentCache full:https://registry.npmjs.org/object.entries set size:undefined disposed:false
1048 http fetch GET 200 https://registry.npmjs.org/string.prototype.repeat 1102ms (cache miss)
1049 silly packumentCache full:https://registry.npmjs.org/string.prototype.repeat set size:undefined disposed:false
1050 http fetch GET 200 https://registry.npmjs.org/string.prototype.matchall 1151ms (cache miss)
1051 silly packumentCache full:https://registry.npmjs.org/string.prototype.matchall set size:undefined disposed:false
1052 http fetch GET 200 https://registry.npmjs.org/prop-types 1159ms (cache miss)
1053 silly packumentCache full:https://registry.npmjs.org/prop-types set size:undefined disposed:false
1054 http fetch GET 200 https://registry.npmjs.org/axe-core 5543ms (cache miss)
1055 silly packumentCache full:https://registry.npmjs.org/axe-core set size:undefined disposed:false
1056 http fetch GET 200 https://registry.npmjs.org/@typescript-eslint%2ftypes 14887ms (cache miss)
1057 silly packumentCache full:https://registry.npmjs.org/@typescript-eslint%2ftypes set size:undefined disposed:false
1058 http fetch GET 200 https://registry.npmjs.org/@typescript-eslint%2ftype-utils 18281ms (cache miss)
1059 silly packumentCache full:https://registry.npmjs.org/@typescript-eslint%2ftype-utils set size:undefined disposed:false
1060 http fetch GET 200 https://registry.npmjs.org/@typescript-eslint%2fscope-manager 19930ms (cache miss)
1061 silly packumentCache full:https://registry.npmjs.org/@typescript-eslint%2fscope-manager set size:undefined disposed:false
1062 http fetch GET 200 https://registry.npmjs.org/@typescript-eslint%2ftypescript-estree 21663ms (cache miss)
1063 silly packumentCache full:https://registry.npmjs.org/@typescript-eslint%2ftypescript-estree set size:undefined disposed:false
1064 silly placeDep ROOT fast-glob@3.3.1 OK for: @next/eslint-plugin-next@15.5.22 want: 3.3.1
1065 silly fetch manifest merge2@^1.3.0
1066 silly packumentCache full:https://registry.npmjs.org/merge2 cache-miss
1067 silly fetch manifest micromatch@^4.0.4
1068 silly packumentCache full:https://registry.npmjs.org/micromatch cache-miss
1069 silly fetch manifest glob-parent@^5.1.2
1070 silly packumentCache full:https://registry.npmjs.org/glob-parent cache-miss
1071 silly fetch manifest @nodelib/fs.stat@^2.0.2
1072 silly packumentCache full:https://registry.npmjs.org/@nodelib%2ffs.stat cache-miss
1073 silly fetch manifest @nodelib/fs.walk@^1.2.3
1074 silly packumentCache full:https://registry.npmjs.org/@nodelib%2ffs.walk cache-miss
1075 http cache https://registry.npmjs.org/glob-parent 21ms (cache hit)
1076 silly packumentCache full:https://registry.npmjs.org/glob-parent set size:42445 disposed:false
1077 http cache https://registry.npmjs.org/micromatch 23ms (cache hit)
1078 silly packumentCache full:https://registry.npmjs.org/micromatch set size:240630 disposed:false
1079 http fetch GET 200 https://registry.npmjs.org/merge2 1421ms (cache miss)
1080 silly packumentCache full:https://registry.npmjs.org/merge2 set size:undefined disposed:false
1081 http fetch GET 200 https://registry.npmjs.org/@nodelib%2ffs.stat 1582ms (cache miss)
1082 silly packumentCache full:https://registry.npmjs.org/@nodelib%2ffs.stat set size:undefined disposed:false
1083 http fetch GET 200 https://registry.npmjs.org/@nodelib%2ffs.walk 2048ms (cache miss)
1084 silly packumentCache full:https://registry.npmjs.org/@nodelib%2ffs.walk set size:undefined disposed:false
1085 silly fetch manifest eslint@^8.57.0 || ^9.0.0 || ^10.0.0
1086 silly packumentCache full:https://registry.npmjs.org/eslint cache-miss
1087 http cache https://registry.npmjs.org/eslint 13ms (cache hit)
1088 silly packumentCache full:https://registry.npmjs.org/eslint set size:2040662 disposed:false
1089 silly placeDep ROOT @typescript-eslint/scope-manager@8.66.0 OK for: @typescript-eslint/eslint-plugin@8.66.0 want: 8.66.0
1090 silly placeDep ROOT @typescript-eslint/type-utils@8.66.0 OK for: @typescript-eslint/eslint-plugin@8.66.0 want: 8.66.0
1091 silly placeDep ROOT @typescript-eslint/utils@8.66.0 OK for: @typescript-eslint/eslint-plugin@8.66.0 want: 8.66.0
1092 silly placeDep ROOT @typescript-eslint/visitor-keys@8.66.0 OK for: @typescript-eslint/eslint-plugin@8.66.0 want: 8.66.0
1093 silly placeDep node_modules/@typescript-eslint/eslint-plugin ignore@7.0.6 OK for: @typescript-eslint/eslint-plugin@8.66.0 want: ^7.0.5
1094 silly placeDep ROOT ts-api-utils@2.5.0 OK for: @typescript-eslint/eslint-plugin@8.66.0 want: ^2.5.0
1095 silly fetch manifest eslint-visitor-keys@^5.0.0
1096 silly packumentCache full:https://registry.npmjs.org/eslint-visitor-keys cache-hit
1097 silly placeDep ROOT @typescript-eslint/types@8.66.0 OK for: @typescript-eslint/parser@8.66.0 want: 8.66.0
1098 silly placeDep ROOT @typescript-eslint/typescript-estree@8.66.0 OK for: @typescript-eslint/parser@8.66.0 want: 8.66.0
1099 silly fetch manifest semver@^7.7.3
1100 silly packumentCache full:https://registry.npmjs.org/semver cache-miss
1101 silly fetch manifest minimatch@^10.2.2
1102 silly packumentCache full:https://registry.npmjs.org/minimatch cache-miss
1103 silly fetch manifest tinyglobby@^0.2.15
1104 silly packumentCache full:https://registry.npmjs.org/tinyglobby cache-miss
1105 silly fetch manifest @typescript-eslint/tsconfig-utils@8.66.0
1106 silly packumentCache full:https://registry.npmjs.org/@typescript-eslint%2ftsconfig-utils cache-miss
1107 silly fetch manifest @typescript-eslint/project-service@8.66.0
1108 silly packumentCache full:https://registry.npmjs.org/@typescript-eslint%2fproject-service cache-miss
1109 http cache https://registry.npmjs.org/minimatch 14ms (cache hit)
1110 silly packumentCache full:https://registry.npmjs.org/minimatch set size:377924 disposed:false
1111 http cache https://registry.npmjs.org/semver 20ms (cache hit)
1112 silly packumentCache full:https://registry.npmjs.org/semver set size:246069 disposed:false
1113 http cache https://registry.npmjs.org/tinyglobby 23ms (cache hit)
1114 silly packumentCache full:https://registry.npmjs.org/tinyglobby set size:54291 disposed:false
1115 http fetch GET 200 https://registry.npmjs.org/@typescript-eslint%2fproject-service 658ms (cache miss)
1116 silly packumentCache full:https://registry.npmjs.org/@typescript-eslint%2fproject-service set size:undefined disposed:false
1117 http fetch GET 200 https://registry.npmjs.org/@typescript-eslint%2ftsconfig-utils 720ms (cache miss)
1118 silly packumentCache full:https://registry.npmjs.org/@typescript-eslint%2ftsconfig-utils set size:undefined disposed:false
1119 silly placeDep ROOT @typescript-eslint/project-service@8.66.0 OK for: @typescript-eslint/typescript-estree@8.66.0 want: 8.66.0
1120 silly placeDep ROOT @typescript-eslint/tsconfig-utils@8.66.0 OK for: @typescript-eslint/typescript-estree@8.66.0 want: 8.66.0
1121 silly placeDep node_modules/@typescript-eslint/typescript-estree minimatch@10.2.6 OK for: @typescript-eslint/typescript-estree@8.66.0 want: ^10.2.2
1122 silly placeDep ROOT semver@7.8.5 OK for: @typescript-eslint/typescript-estree@8.66.0 want: ^7.7.3
1123 silly placeDep ROOT tinyglobby@0.2.17 OK for: @typescript-eslint/typescript-estree@8.66.0 want: ^0.2.15
1124 silly fetch manifest @typescript-eslint/tsconfig-utils@^8.66.0
1125 silly packumentCache full:https://registry.npmjs.org/@typescript-eslint%2ftsconfig-utils cache-miss
1126 silly fetch manifest brace-expansion@^5.0.8
1127 silly packumentCache full:https://registry.npmjs.org/brace-expansion cache-miss
1128 silly fetch manifest fdir@^6.5.0
1129 silly packumentCache full:https://registry.npmjs.org/fdir cache-miss
1130 silly fetch manifest picomatch@^4.0.4
1131 silly packumentCache full:https://registry.npmjs.org/picomatch cache-miss
1132 http cache https://registry.npmjs.org/brace-expansion 13ms (cache hit)
1133 silly packumentCache full:https://registry.npmjs.org/brace-expansion set size:101024 disposed:false
1134 http cache https://registry.npmjs.org/@typescript-eslint%2ftsconfig-utils 20ms (cache hit)
1135 silly packumentCache full:https://registry.npmjs.org/@typescript-eslint%2ftsconfig-utils set size:1653673 disposed:false
1136 http fetch GET 200 https://registry.npmjs.org/fdir 178ms (cache miss)
1137 silly packumentCache full:https://registry.npmjs.org/fdir set size:undefined disposed:false
1138 http fetch GET 200 https://registry.npmjs.org/picomatch 222ms (cache miss)
1139 silly packumentCache full:https://registry.npmjs.org/picomatch set size:undefined disposed:false
1140 silly placeDep node_modules/@typescript-eslint/visitor-keys eslint-visitor-keys@5.0.1 OK for: @typescript-eslint/visitor-keys@8.66.0 want: ^5.0.0
1141 silly placeDep node_modules/eslint-import-resolver-node debug@3.2.7 OK for: eslint-import-resolver-node@0.3.10 want: ^3.2.7
1142 silly placeDep ROOT is-core-module@2.16.2 OK for: eslint-import-resolver-node@0.3.10 want: ^2.16.1
1143 silly placeDep ROOT resolve@2.0.0-next.7 OK for: eslint-import-resolver-node@0.3.10 want: ^2.0.0-next.6
1144 silly fetch manifest hasown@^2.0.3
1145 silly packumentCache full:https://registry.npmjs.org/hasown cache-hit
1146 silly fetch manifest es-errors@^1.3.0
1147 silly packumentCache full:https://registry.npmjs.org/es-errors cache-miss
1148 silly fetch manifest node-exports-info@^1.6.0
1149 silly packumentCache full:https://registry.npmjs.org/node-exports-info cache-miss
1150 silly fetch manifest object-keys@^1.1.1
1151 silly packumentCache full:https://registry.npmjs.org/object-keys cache-miss
1152 silly fetch manifest path-parse@^1.0.7
1153 silly packumentCache full:https://registry.npmjs.org/path-parse cache-miss
1154 silly fetch manifest supports-preserve-symlinks-flag@^1.0.0
1155 silly packumentCache full:https://registry.npmjs.org/supports-preserve-symlinks-flag cache-miss
1156 http fetch GET 200 https://registry.npmjs.org/es-errors 184ms (cache miss)
1157 silly packumentCache full:https://registry.npmjs.org/es-errors set size:undefined disposed:false
1158 http fetch GET 200 https://registry.npmjs.org/supports-preserve-symlinks-flag 195ms (cache miss)
1159 silly packumentCache full:https://registry.npmjs.org/supports-preserve-symlinks-flag set size:undefined disposed:false
1160 http fetch GET 200 https://registry.npmjs.org/path-parse 210ms (cache miss)
1161 silly packumentCache full:https://registry.npmjs.org/path-parse set size:undefined disposed:false
1162 http fetch GET 200 https://registry.npmjs.org/object-keys 245ms (cache miss)
1163 silly packumentCache full:https://registry.npmjs.org/object-keys set size:undefined disposed:false
1164 http fetch GET 200 https://registry.npmjs.org/node-exports-info 300ms (cache miss)
1165 silly packumentCache full:https://registry.npmjs.org/node-exports-info set size:undefined disposed:false
1166 silly placeDep ROOT @nolyfill/is-core-module@1.0.39 OK for: eslint-import-resolver-typescript@3.10.1 want: 1.0.39
1167 silly placeDep ROOT get-tsconfig@4.14.1 OK for: eslint-import-resolver-typescript@3.10.1 want: ^4.10.0
1168 silly placeDep ROOT is-bun-module@2.0.0 OK for: eslint-import-resolver-typescript@3.10.1 want: ^2.0.0
1169 silly placeDep ROOT stable-hash@0.0.5 OK for: eslint-import-resolver-typescript@3.10.1 want: ^0.0.5
1170 silly placeDep ROOT unrs-resolver@1.12.2 OK for: eslint-import-resolver-typescript@3.10.1 want: ^1.6.2
1171 silly fetch manifest resolve-pkg-maps@^1.0.0
1172 silly packumentCache full:https://registry.npmjs.org/resolve-pkg-maps cache-miss
1173 silly fetch manifest napi-postinstall@^0.3.4
1174 silly packumentCache full:https://registry.npmjs.org/napi-postinstall cache-miss
1175 silly fetch manifest @unrs/resolver-binding-darwin-arm64@1.12.2
1176 silly packumentCache full:https://registry.npmjs.org/@unrs%2fresolver-binding-darwin-arm64 cache-miss
1177 silly fetch manifest @unrs/resolver-binding-android-arm64@1.12.2
1178 silly packumentCache full:https://registry.npmjs.org/@unrs%2fresolver-binding-android-arm64 cache-miss
1179 silly fetch manifest @unrs/resolver-binding-win32-arm64-msvc@1.12.2
1180 silly packumentCache full:https://registry.npmjs.org/@unrs%2fresolver-binding-win32-arm64-msvc cache-miss
1181 silly fetch manifest @unrs/resolver-binding-linux-arm64-gnu@1.12.2
1182 silly packumentCache full:https://registry.npmjs.org/@unrs%2fresolver-binding-linux-arm64-gnu cache-miss
1183 silly fetch manifest @unrs/resolver-binding-linux-arm64-musl@1.12.2
1184 silly packumentCache full:https://registry.npmjs.org/@unrs%2fresolver-binding-linux-arm64-musl cache-miss
1185 silly fetch manifest @unrs/resolver-binding-openharmony-arm64@1.12.2
1186 silly packumentCache full:https://registry.npmjs.org/@unrs%2fresolver-binding-openharmony-arm64 cache-miss
1187 silly fetch manifest @unrs/resolver-binding-android-arm-eabi@1.12.2
1188 silly packumentCache full:https://registry.npmjs.org/@unrs%2fresolver-binding-android-arm-eabi cache-miss
1189 silly fetch manifest @unrs/resolver-binding-linux-arm-gnueabihf@1.12.2
1190 silly packumentCache full:https://registry.npmjs.org/@unrs%2fresolver-binding-linux-arm-gnueabihf cache-miss
1191 silly fetch manifest @unrs/resolver-binding-linux-arm-musleabihf@1.12.2
1192 silly packumentCache full:https://registry.npmjs.org/@unrs%2fresolver-binding-linux-arm-musleabihf cache-miss
1193 http fetch GET 200 https://registry.npmjs.org/resolve-pkg-maps 145ms (cache miss)
1194 silly packumentCache full:https://registry.npmjs.org/resolve-pkg-maps set size:undefined disposed:false
1195 silly fetch manifest @unrs/resolver-binding-win32-ia32-msvc@1.12.2
1196 silly packumentCache full:https://registry.npmjs.org/@unrs%2fresolver-binding-win32-ia32-msvc cache-miss
1197 http fetch GET 200 https://registry.npmjs.org/napi-postinstall 161ms (cache miss)
1198 silly packumentCache full:https://registry.npmjs.org/napi-postinstall set size:undefined disposed:false
1199 silly fetch manifest @unrs/resolver-binding-linux-loong64-gnu@1.12.2
1200 silly packumentCache full:https://registry.npmjs.org/@unrs%2fresolver-binding-linux-loong64-gnu cache-miss
1201 http fetch GET 200 https://registry.npmjs.org/@unrs%2fresolver-binding-android-arm64 169ms (cache miss)
1202 silly packumentCache full:https://registry.npmjs.org/@unrs%2fresolver-binding-android-arm64 set size:undefined disposed:false
1203 silly fetch manifest @unrs/resolver-binding-linux-loong64-musl@1.12.2
1204 silly packumentCache full:https://registry.npmjs.org/@unrs%2fresolver-binding-linux-loong64-musl cache-miss
1205 http fetch GET 200 https://registry.npmjs.org/@unrs%2fresolver-binding-openharmony-arm64 186ms (cache miss)
1206 silly packumentCache full:https://registry.npmjs.org/@unrs%2fresolver-binding-openharmony-arm64 set size:undefined disposed:false
1207 silly fetch manifest @unrs/resolver-binding-linux-ppc64-gnu@1.12.2
1208 silly packumentCache full:https://registry.npmjs.org/@unrs%2fresolver-binding-linux-ppc64-gnu cache-miss
1209 http fetch GET 200 https://registry.npmjs.org/@unrs%2fresolver-binding-darwin-arm64 191ms (cache miss)
1210 silly packumentCache full:https://registry.npmjs.org/@unrs%2fresolver-binding-darwin-arm64 set size:undefined disposed:false
1211 silly fetch manifest @unrs/resolver-binding-linux-riscv64-gnu@1.12.2
1212 silly packumentCache full:https://registry.npmjs.org/@unrs%2fresolver-binding-linux-riscv64-gnu cache-miss
1213 http fetch GET 200 https://registry.npmjs.org/@unrs%2fresolver-binding-win32-arm64-msvc 200ms (cache miss)
1214 silly packumentCache full:https://registry.npmjs.org/@unrs%2fresolver-binding-win32-arm64-msvc set size:undefined disposed:false
1215 silly fetch manifest @unrs/resolver-binding-linux-riscv64-musl@1.12.2
1216 silly packumentCache full:https://registry.npmjs.org/@unrs%2fresolver-binding-linux-riscv64-musl cache-miss
1217 http fetch GET 200 https://registry.npmjs.org/@unrs%2fresolver-binding-android-arm-eabi 203ms (cache miss)
1218 silly packumentCache full:https://registry.npmjs.org/@unrs%2fresolver-binding-android-arm-eabi set size:undefined disposed:false
1219 silly fetch manifest @unrs/resolver-binding-linux-s390x-gnu@1.12.2
1220 silly packumentCache full:https://registry.npmjs.org/@unrs%2fresolver-binding-linux-s390x-gnu cache-miss
1221 http fetch GET 200 https://registry.npmjs.org/@unrs%2fresolver-binding-linux-arm64-gnu 215ms (cache miss)
1222 silly packumentCache full:https://registry.npmjs.org/@unrs%2fresolver-binding-linux-arm64-gnu set size:undefined disposed:false
1223 silly fetch manifest @unrs/resolver-binding-wasm32-wasi@1.12.2
1224 silly packumentCache full:https://registry.npmjs.org/@unrs%2fresolver-binding-wasm32-wasi cache-miss
1225 http fetch GET 200 https://registry.npmjs.org/@unrs%2fresolver-binding-linux-arm64-musl 218ms (cache miss)
1226 silly packumentCache full:https://registry.npmjs.org/@unrs%2fresolver-binding-linux-arm64-musl set size:undefined disposed:false
1227 silly fetch manifest @unrs/resolver-binding-darwin-x64@1.12.2
1228 silly packumentCache full:https://registry.npmjs.org/@unrs%2fresolver-binding-darwin-x64 cache-miss
1229 http fetch GET 200 https://registry.npmjs.org/@unrs%2fresolver-binding-linux-arm-gnueabihf 230ms (cache miss)
1230 silly packumentCache full:https://registry.npmjs.org/@unrs%2fresolver-binding-linux-arm-gnueabihf set size:undefined disposed:false
1231 silly fetch manifest @unrs/resolver-binding-win32-x64-msvc@1.12.2
1232 silly packumentCache full:https://registry.npmjs.org/@unrs%2fresolver-binding-win32-x64-msvc cache-miss
1233 http fetch GET 200 https://registry.npmjs.org/@unrs%2fresolver-binding-linux-loong64-gnu 87ms (cache miss)
1234 silly packumentCache full:https://registry.npmjs.org/@unrs%2fresolver-binding-linux-loong64-gnu set size:undefined disposed:false
1235 silly fetch manifest @unrs/resolver-binding-freebsd-x64@1.12.2
1236 silly packumentCache full:https://registry.npmjs.org/@unrs%2fresolver-binding-freebsd-x64 cache-miss
1237 http fetch GET 200 https://registry.npmjs.org/@unrs%2fresolver-binding-linux-loong64-musl 93ms (cache miss)
1238 silly packumentCache full:https://registry.npmjs.org/@unrs%2fresolver-binding-linux-loong64-musl set size:undefined disposed:false
1239 silly fetch manifest @unrs/resolver-binding-linux-x64-gnu@1.12.2
1240 silly packumentCache full:https://registry.npmjs.org/@unrs%2fresolver-binding-linux-x64-gnu cache-miss
1241 http fetch GET 200 https://registry.npmjs.org/@unrs%2fresolver-binding-win32-ia32-msvc 121ms (cache miss)
1242 silly packumentCache full:https://registry.npmjs.org/@unrs%2fresolver-binding-win32-ia32-msvc set size:undefined disposed:false
1243 silly fetch manifest @unrs/resolver-binding-linux-x64-musl@1.12.2
1244 silly packumentCache full:https://registry.npmjs.org/@unrs%2fresolver-binding-linux-x64-musl cache-miss
1245 http fetch GET 200 https://registry.npmjs.org/@unrs%2fresolver-binding-linux-ppc64-gnu 85ms (cache miss)
1246 silly packumentCache full:https://registry.npmjs.org/@unrs%2fresolver-binding-linux-ppc64-gnu set size:undefined disposed:false
1247 http fetch GET 200 https://registry.npmjs.org/@unrs%2fresolver-binding-linux-riscv64-musl 105ms (cache miss)
1248 silly packumentCache full:https://registry.npmjs.org/@unrs%2fresolver-binding-linux-riscv64-musl set size:undefined disposed:false
1249 http fetch GET 200 https://registry.npmjs.org/@unrs%2fresolver-binding-darwin-x64 101ms (cache miss)
1250 silly packumentCache full:https://registry.npmjs.org/@unrs%2fresolver-binding-darwin-x64 set size:undefined disposed:false
1251 http fetch GET 200 https://registry.npmjs.org/@unrs%2fresolver-binding-wasm32-wasi 105ms (cache miss)
1252 silly packumentCache full:https://registry.npmjs.org/@unrs%2fresolver-binding-wasm32-wasi set size:undefined disposed:false
1253 http fetch GET 200 https://registry.npmjs.org/@unrs%2fresolver-binding-linux-x64-gnu 79ms (cache miss)
1254 silly packumentCache full:https://registry.npmjs.org/@unrs%2fresolver-binding-linux-x64-gnu set size:undefined disposed:false
1255 http fetch GET 200 https://registry.npmjs.org/@unrs%2fresolver-binding-freebsd-x64 95ms (cache miss)
1256 silly packumentCache full:https://registry.npmjs.org/@unrs%2fresolver-binding-freebsd-x64 set size:undefined disposed:false
1257 http fetch GET 200 https://registry.npmjs.org/@unrs%2fresolver-binding-linux-x64-musl 104ms (cache miss)
1258 silly packumentCache full:https://registry.npmjs.org/@unrs%2fresolver-binding-linux-x64-musl set size:undefined disposed:false
1259 http fetch GET 200 https://registry.npmjs.org/@unrs%2fresolver-binding-linux-arm-musleabihf 555ms (cache miss)
1260 silly packumentCache full:https://registry.npmjs.org/@unrs%2fresolver-binding-linux-arm-musleabihf set size:undefined disposed:false
1261 http fetch GET 200 https://registry.npmjs.org/@unrs%2fresolver-binding-linux-riscv64-gnu 502ms (cache miss)
1262 silly packumentCache full:https://registry.npmjs.org/@unrs%2fresolver-binding-linux-riscv64-gnu set size:undefined disposed:false
1263 http fetch GET 200 https://registry.npmjs.org/@unrs%2fresolver-binding-linux-s390x-gnu 556ms (cache miss)
1264 silly packumentCache full:https://registry.npmjs.org/@unrs%2fresolver-binding-linux-s390x-gnu set size:undefined disposed:false
1265 http fetch GET 200 https://registry.npmjs.org/@unrs%2fresolver-binding-win32-x64-msvc 656ms (cache miss)
1266 silly packumentCache full:https://registry.npmjs.org/@unrs%2fresolver-binding-win32-x64-msvc set size:undefined disposed:false
1267 silly placeDep ROOT @rtsao/scc@1.1.0 OK for: eslint-plugin-import@2.32.0 want: ^1.1.0
1268 silly placeDep ROOT array-includes@3.1.9 OK for: eslint-plugin-import@2.32.0 want: ^3.1.9
1269 silly placeDep ROOT array.prototype.findlastindex@1.2.6 OK for: eslint-plugin-import@2.32.0 want: ^1.2.6
1270 silly placeDep ROOT array.prototype.flat@1.3.3 OK for: eslint-plugin-import@2.32.0 want: ^1.3.3
1271 silly placeDep ROOT array.prototype.flatmap@1.3.3 OK for: eslint-plugin-import@2.32.0 want: ^1.3.3
1272 silly placeDep node_modules/eslint-plugin-import debug@3.2.7 OK for: eslint-plugin-import@2.32.0 want: ^3.2.7
1273 silly placeDep ROOT doctrine@2.1.0 OK for: eslint-plugin-import@2.32.0 want: ^2.1.0
1274 silly placeDep ROOT eslint-module-utils@2.14.0 OK for: eslint-plugin-import@2.32.0 want: ^2.12.1
1275 silly placeDep ROOT hasown@2.0.4 OK for: eslint-plugin-import@2.32.0 want: ^2.0.2
1276 silly placeDep ROOT object.fromentries@2.0.8 OK for: eslint-plugin-import@2.32.0 want: ^2.0.8
1277 silly placeDep ROOT object.groupby@1.0.3 OK for: eslint-plugin-import@2.32.0 want: ^1.0.3
1278 silly placeDep ROOT object.values@1.2.1 OK for: eslint-plugin-import@2.32.0 want: ^1.2.1
1279 silly placeDep node_modules/eslint-plugin-import semver@6.3.1 OK for: eslint-plugin-import@2.32.0 want: ^6.3.1
1280 silly placeDep ROOT string.prototype.trimend@1.0.10 OK for: eslint-plugin-import@2.32.0 want: ^1.0.9
1281 silly placeDep ROOT tsconfig-paths@3.15.0 OK for: eslint-plugin-import@2.32.0 want: ^3.15.0
1282 silly fetch manifest call-bind@^1.0.8
1283 silly packumentCache full:https://registry.npmjs.org/call-bind cache-miss
1284 silly fetch manifest call-bound@^1.0.4
1285 silly packumentCache full:https://registry.npmjs.org/call-bound cache-miss
1286 silly fetch manifest define-properties@^1.2.1
1287 silly packumentCache full:https://registry.npmjs.org/define-properties cache-miss
1288 silly fetch manifest es-abstract@^1.24.0
1289 silly packumentCache full:https://registry.npmjs.org/es-abstract cache-miss
1290 silly fetch manifest es-object-atoms@^1.1.1
1291 silly packumentCache full:https://registry.npmjs.org/es-object-atoms cache-miss
1292 silly fetch manifest get-intrinsic@^1.3.0
1293 silly packumentCache full:https://registry.npmjs.org/get-intrinsic cache-miss
1294 silly fetch manifest is-string@^1.1.1
1295 silly packumentCache full:https://registry.npmjs.org/is-string cache-miss
1296 silly fetch manifest math-intrinsics@^1.1.0
1297 silly packumentCache full:https://registry.npmjs.org/math-intrinsics cache-miss
1298 silly fetch manifest call-bind@^1.0.8
1299 silly packumentCache full:https://registry.npmjs.org/call-bind cache-miss
1300 silly fetch manifest call-bound@^1.0.4
1301 silly packumentCache full:https://registry.npmjs.org/call-bound cache-miss
1302 silly fetch manifest define-properties@^1.2.1
1303 silly packumentCache full:https://registry.npmjs.org/define-properties cache-miss
1304 http fetch GET 200 https://registry.npmjs.org/call-bound 73ms (cache miss)
1305 silly packumentCache full:https://registry.npmjs.org/call-bound set size:undefined disposed:false
1306 silly fetch manifest es-abstract@^1.23.9
1307 silly packumentCache full:https://registry.npmjs.org/es-abstract cache-miss
1308 http fetch GET 200 https://registry.npmjs.org/call-bind 76ms (cache miss)
1309 silly packumentCache full:https://registry.npmjs.org/call-bind set size:undefined disposed:false
1310 silly fetch manifest es-object-atoms@^1.1.1
1311 silly packumentCache full:https://registry.npmjs.org/es-object-atoms cache-miss
1312 http fetch GET 200 https://registry.npmjs.org/es-object-atoms 92ms (cache miss)
1313 silly packumentCache full:https://registry.npmjs.org/es-object-atoms set size:undefined disposed:false
1314 silly fetch manifest es-shim-unscopables@^1.1.0
1315 silly packumentCache full:https://registry.npmjs.org/es-shim-unscopables cache-miss
1316 http fetch GET 200 https://registry.npmjs.org/get-intrinsic 94ms (cache miss)
1317 silly packumentCache full:https://registry.npmjs.org/get-intrinsic set size:undefined disposed:false
1318 silly fetch manifest define-properties@^1.2.1
1319 silly packumentCache full:https://registry.npmjs.org/define-properties cache-miss
1320 http fetch GET 200 https://registry.npmjs.org/define-properties 99ms (cache miss)
1321 silly packumentCache full:https://registry.npmjs.org/define-properties set size:undefined disposed:false
1322 silly fetch manifest es-abstract@^1.23.5
1323 silly packumentCache full:https://registry.npmjs.org/es-abstract cache-miss
1324 http fetch GET 200 https://registry.npmjs.org/call-bind 175ms (cache miss)
1325 silly packumentCache full:https://registry.npmjs.org/call-bind set size:undefined disposed:false
1326 silly fetch manifest es-shim-unscopables@^1.0.2
1327 silly packumentCache full:https://registry.npmjs.org/es-shim-unscopables cache-miss
1328 http fetch GET 200 https://registry.npmjs.org/define-properties 176ms (cache miss)
1329 silly packumentCache full:https://registry.npmjs.org/define-properties set size:undefined disposed:false
1330 silly fetch manifest es-abstract@^1.23.5
1331 silly packumentCache full:https://registry.npmjs.org/es-abstract cache-miss
1332 http fetch GET 200 https://registry.npmjs.org/call-bound 204ms (cache miss)
1333 silly packumentCache full:https://registry.npmjs.org/call-bound set size:undefined disposed:false
1334 silly fetch manifest es-shim-unscopables@^1.0.2
1335 silly packumentCache full:https://registry.npmjs.org/es-shim-unscopables cache-miss
1336 http fetch GET 200 https://registry.npmjs.org/es-object-atoms 132ms (cache miss)
1337 silly packumentCache full:https://registry.npmjs.org/es-object-atoms set size:undefined disposed:false
1338 silly fetch manifest function-bind@^1.1.2
1339 silly packumentCache full:https://registry.npmjs.org/function-bind cache-miss
1340 http fetch GET 200 https://registry.npmjs.org/math-intrinsics 210ms (cache miss)
1341 silly packumentCache full:https://registry.npmjs.org/math-intrinsics set size:undefined disposed:false
1342 silly fetch manifest call-bind@^1.0.7
1343 silly packumentCache full:https://registry.npmjs.org/call-bind cache-miss
1344 http cache https://registry.npmjs.org/call-bind 11ms (cache hit)
1345 silly packumentCache full:https://registry.npmjs.org/call-bind set size:32985 disposed:false
1346 silly fetch manifest es-abstract@^1.23.2
1347 silly packumentCache full:https://registry.npmjs.org/es-abstract cache-miss
1348 http fetch GET 200 https://registry.npmjs.org/define-properties 134ms (cache miss)
1349 silly packumentCache full:https://registry.npmjs.org/define-properties set size:undefined disposed:false
1350 silly fetch manifest es-object-atoms@^1.0.0
1351 silly packumentCache full:https://registry.npmjs.org/es-object-atoms cache-miss
1352 http fetch GET 200 https://registry.npmjs.org/es-shim-unscopables 141ms (cache miss)
1353 silly packumentCache full:https://registry.npmjs.org/es-shim-unscopables set size:undefined disposed:false
1354 silly fetch manifest es-abstract@^1.23.2
1355 silly packumentCache full:https://registry.npmjs.org/es-abstract cache-miss
1356 http cache https://registry.npmjs.org/es-object-atoms 11ms (cache hit)
1357 silly packumentCache full:https://registry.npmjs.org/es-object-atoms set size:18278 disposed:false
1358 silly fetch manifest call-bound@^1.0.3
1359 silly packumentCache full:https://registry.npmjs.org/call-bound cache-miss
1360 http cache https://registry.npmjs.org/call-bound 8ms (cache hit)
1361 silly packumentCache full:https://registry.npmjs.org/call-bound set size:15317 disposed:false
1362 silly fetch manifest call-bind@^1.0.9
1363 silly packumentCache full:https://registry.npmjs.org/call-bind cache-hit
1364 silly fetch manifest es-object-atoms@^1.1.2
1365 silly packumentCache full:https://registry.npmjs.org/es-object-atoms cache-hit
1366 silly fetch manifest json5@^1.0.2
1367 silly packumentCache full:https://registry.npmjs.org/json5 cache-miss
1368 http fetch GET 200 https://registry.npmjs.org/es-abstract 263ms (cache miss)
1369 silly packumentCache full:https://registry.npmjs.org/es-abstract set size:undefined disposed:false
1370 silly fetch manifest minimist@^1.2.6
1371 silly packumentCache full:https://registry.npmjs.org/minimist cache-miss
1372 http fetch GET 200 https://registry.npmjs.org/es-abstract 197ms (cache miss)
1373 silly packumentCache full:https://registry.npmjs.org/es-abstract set size:undefined disposed:false
1374 silly fetch manifest strip-bom@^3.0.0
1375 silly packumentCache full:https://registry.npmjs.org/strip-bom cache-miss
1376 http fetch GET 200 https://registry.npmjs.org/is-string 371ms (cache miss)
1377 silly packumentCache full:https://registry.npmjs.org/is-string set size:undefined disposed:false
1378 silly fetch manifest @types/json5@^0.0.29
1379 silly packumentCache full:https://registry.npmjs.org/@types%2fjson5 cache-miss
1380 http fetch GET 200 https://registry.npmjs.org/es-abstract 278ms (cache miss)
1381 silly packumentCache full:https://registry.npmjs.org/es-abstract set size:undefined disposed:false
1382 http fetch GET 200 https://registry.npmjs.org/es-shim-unscopables 216ms (cache miss)
1383 silly packumentCache full:https://registry.npmjs.org/es-shim-unscopables set size:undefined disposed:false
1384 http fetch GET 200 https://registry.npmjs.org/es-shim-unscopables 199ms (cache miss)
1385 silly packumentCache full:https://registry.npmjs.org/es-shim-unscopables set size:undefined disposed:false
1386 http fetch GET 200 https://registry.npmjs.org/strip-bom 154ms (cache miss)
1387 silly packumentCache full:https://registry.npmjs.org/strip-bom set size:undefined disposed:false
1388 http fetch GET 200 https://registry.npmjs.org/function-bind 242ms (cache miss)
1389 silly packumentCache full:https://registry.npmjs.org/function-bind set size:undefined disposed:false
1390 http fetch GET 200 https://registry.npmjs.org/es-abstract 219ms (cache miss)
1391 silly packumentCache full:https://registry.npmjs.org/es-abstract set size:undefined disposed:false
1392 http fetch GET 200 https://registry.npmjs.org/es-abstract 284ms (cache miss)
1393 silly packumentCache full:https://registry.npmjs.org/es-abstract set size:undefined disposed:false
1394 http fetch GET 200 https://registry.npmjs.org/minimist 214ms (cache miss)
1395 silly packumentCache full:https://registry.npmjs.org/minimist set size:undefined disposed:false
1396 http fetch GET 200 https://registry.npmjs.org/@types%2fjson5 138ms (cache miss)
1397 silly packumentCache full:https://registry.npmjs.org/@types%2fjson5 set size:undefined disposed:false
1398 http fetch GET 200 https://registry.npmjs.org/es-abstract 425ms (cache miss)
1399 silly packumentCache full:https://registry.npmjs.org/es-abstract set size:undefined disposed:false
1400 http fetch GET 200 https://registry.npmjs.org/json5 443ms (cache miss)
1401 silly packumentCache full:https://registry.npmjs.org/json5 set size:undefined disposed:false
1402 silly placeDep ROOT call-bind@1.0.9 OK for: array-includes@3.1.9 want: ^1.0.8
1403 silly placeDep ROOT call-bound@1.0.4 OK for: array-includes@3.1.9 want: ^1.0.4
1404 silly placeDep ROOT define-properties@1.2.1 OK for: array-includes@3.1.9 want: ^1.2.1
1405 silly placeDep ROOT es-abstract@1.24.2 OK for: array-includes@3.1.9 want: ^1.24.0
1406 silly placeDep ROOT es-object-atoms@1.1.2 OK for: array-includes@3.1.9 want: ^1.1.1
1407 silly placeDep ROOT get-intrinsic@1.3.0 OK for: array-includes@3.1.9 want: ^1.3.0
1408 silly placeDep ROOT is-string@1.1.1 OK for: array-includes@3.1.9 want: ^1.1.1
1409 silly placeDep ROOT math-intrinsics@1.1.0 OK for: array-includes@3.1.9 want: ^1.1.0
1410 silly fetch manifest call-bind-apply-helpers@^1.0.2
1411 silly packumentCache full:https://registry.npmjs.org/call-bind-apply-helpers cache-miss
1412 silly fetch manifest es-define-property@^1.0.1
1413 silly packumentCache full:https://registry.npmjs.org/es-define-property cache-miss
1414 silly fetch manifest set-function-length@^1.2.2
1415 silly packumentCache full:https://registry.npmjs.org/set-function-length cache-miss
1416 silly fetch manifest call-bind-apply-helpers@^1.0.2
1417 silly packumentCache full:https://registry.npmjs.org/call-bind-apply-helpers cache-miss
1418 silly fetch manifest define-data-property@^1.0.1
1419 silly packumentCache full:https://registry.npmjs.org/define-data-property cache-miss
1420 silly fetch manifest has-property-descriptors@^1.0.0
1421 silly packumentCache full:https://registry.npmjs.org/has-property-descriptors cache-miss
1422 silly fetch manifest array-buffer-byte-length@^1.0.2
1423 silly packumentCache full:https://registry.npmjs.org/array-buffer-byte-length cache-miss
1424 silly fetch manifest arraybuffer.prototype.slice@^1.0.4
1425 silly packumentCache full:https://registry.npmjs.org/arraybuffer.prototype.slice cache-miss
1426 silly fetch manifest available-typed-arrays@^1.0.7
1427 silly packumentCache full:https://registry.npmjs.org/available-typed-arrays cache-miss
1428 silly fetch manifest data-view-buffer@^1.0.2
1429 silly packumentCache full:https://registry.npmjs.org/data-view-buffer cache-miss
1430 silly fetch manifest data-view-byte-length@^1.0.2
1431 silly packumentCache full:https://registry.npmjs.org/data-view-byte-length cache-miss
1432 http fetch GET 200 https://registry.npmjs.org/call-bind-apply-helpers 99ms (cache miss)
1433 silly packumentCache full:https://registry.npmjs.org/call-bind-apply-helpers set size:undefined disposed:false
1434 silly fetch manifest data-view-byte-offset@^1.0.1
1435 silly packumentCache full:https://registry.npmjs.org/data-view-byte-offset cache-miss
1436 http fetch GET 200 https://registry.npmjs.org/set-function-length 113ms (cache miss)
1437 silly packumentCache full:https://registry.npmjs.org/set-function-length set size:undefined disposed:false
1438 silly fetch manifest es-define-property@^1.0.1
1439 silly packumentCache full:https://registry.npmjs.org/es-define-property cache-miss
1440 http fetch GET 200 https://registry.npmjs.org/es-define-property 121ms (cache miss)
1441 silly packumentCache full:https://registry.npmjs.org/es-define-property set size:undefined disposed:false
1442 silly fetch manifest es-to-primitive@^1.3.0
1443 silly packumentCache full:https://registry.npmjs.org/es-to-primitive cache-miss
1444 http fetch GET 200 https://registry.npmjs.org/call-bind-apply-helpers 156ms (cache miss)
1445 silly packumentCache full:https://registry.npmjs.org/call-bind-apply-helpers set size:undefined disposed:false
1446 silly fetch manifest function.prototype.name@^1.1.8
1447 silly packumentCache full:https://registry.npmjs.org/function.prototype.name cache-miss
1448 http fetch GET 200 https://registry.npmjs.org/define-data-property 193ms (cache miss)
1449 silly packumentCache full:https://registry.npmjs.org/define-data-property set size:undefined disposed:false
1450 silly fetch manifest get-proto@^1.0.1
1451 silly packumentCache full:https://registry.npmjs.org/get-proto cache-miss
1452 http fetch GET 200 https://registry.npmjs.org/has-property-descriptors 225ms (cache miss)
1453 silly packumentCache full:https://registry.npmjs.org/has-property-descriptors set size:undefined disposed:false
1454 silly fetch manifest get-symbol-description@^1.1.0
1455 silly packumentCache full:https://registry.npmjs.org/get-symbol-description cache-miss
1456 http fetch GET 200 https://registry.npmjs.org/array-buffer-byte-length 234ms (cache miss)
1457 silly packumentCache full:https://registry.npmjs.org/array-buffer-byte-length set size:undefined disposed:false
1458 silly fetch manifest globalthis@^1.0.4
1459 silly packumentCache full:https://registry.npmjs.org/globalthis cache-miss
1460 http fetch GET 200 https://registry.npmjs.org/arraybuffer.prototype.slice 259ms (cache miss)
1461 silly packumentCache full:https://registry.npmjs.org/arraybuffer.prototype.slice set size:undefined disposed:false
1462 silly fetch manifest gopd@^1.2.0
1463 silly packumentCache full:https://registry.npmjs.org/gopd cache-miss
1464 http fetch GET 200 https://registry.npmjs.org/available-typed-arrays 263ms (cache miss)
1465 silly packumentCache full:https://registry.npmjs.org/available-typed-arrays set size:undefined disposed:false
1466 silly fetch manifest has-property-descriptors@^1.0.2
1467 silly packumentCache full:https://registry.npmjs.org/has-property-descriptors cache-miss
1468 http cache https://registry.npmjs.org/has-property-descriptors 10ms (cache hit)
1469 silly packumentCache full:https://registry.npmjs.org/has-property-descriptors set size:12452 disposed:false
1470 silly fetch manifest has-proto@^1.2.0
1471 silly packumentCache full:https://registry.npmjs.org/has-proto cache-miss
1472 http fetch GET 200 https://registry.npmjs.org/data-view-byte-length 389ms (cache miss)
1473 silly packumentCache full:https://registry.npmjs.org/data-view-byte-length set size:undefined disposed:false
1474 silly fetch manifest has-symbols@^1.1.0
1475 silly packumentCache full:https://registry.npmjs.org/has-symbols cache-miss
1476 http fetch GET 200 https://registry.npmjs.org/data-view-buffer 391ms (cache miss)
1477 silly packumentCache full:https://registry.npmjs.org/data-view-buffer set size:undefined disposed:false
1478 silly fetch manifest internal-slot@^1.1.0
1479 silly packumentCache full:https://registry.npmjs.org/internal-slot cache-miss
1480 http fetch GET 200 https://registry.npmjs.org/es-define-property 286ms (cache miss)
1481 silly packumentCache full:https://registry.npmjs.org/es-define-property set size:undefined disposed:false
1482 silly fetch manifest is-array-buffer@^3.0.5
1483 silly packumentCache full:https://registry.npmjs.org/is-array-buffer cache-miss
1484 http fetch GET 200 https://registry.npmjs.org/data-view-byte-offset 308ms (cache miss)
1485 silly packumentCache full:https://registry.npmjs.org/data-view-byte-offset set size:undefined disposed:false
1486 silly fetch manifest is-callable@^1.2.7
1487 silly packumentCache full:https://registry.npmjs.org/is-callable cache-miss
1488 http fetch GET 200 https://registry.npmjs.org/get-symbol-description 223ms (cache miss)
1489 silly packumentCache full:https://registry.npmjs.org/get-symbol-description set size:undefined disposed:false
1490 silly fetch manifest is-data-view@^1.0.2
1491 silly packumentCache full:https://registry.npmjs.org/is-data-view cache-miss
1492 http fetch GET 200 https://registry.npmjs.org/function.prototype.name 296ms (cache miss)
1493 silly packumentCache full:https://registry.npmjs.org/function.prototype.name set size:undefined disposed:false
1494 silly fetch manifest is-negative-zero@^2.0.3
1495 silly packumentCache full:https://registry.npmjs.org/is-negative-zero cache-miss
1496 http fetch GET 200 https://registry.npmjs.org/globalthis 229ms (cache miss)
1497 silly packumentCache full:https://registry.npmjs.org/globalthis set size:undefined disposed:false
1498 silly fetch manifest is-regex@^1.2.1
1499 silly packumentCache full:https://registry.npmjs.org/is-regex cache-miss
1500 http fetch GET 200 https://registry.npmjs.org/es-to-primitive 348ms (cache miss)
1501 silly packumentCache full:https://registry.npmjs.org/es-to-primitive set size:undefined disposed:false
1502 silly fetch manifest is-set@^2.0.3
1503 silly packumentCache full:https://registry.npmjs.org/is-set cache-miss
1504 http fetch GET 200 https://registry.npmjs.org/get-proto 280ms (cache miss)
1505 silly packumentCache full:https://registry.npmjs.org/get-proto set size:undefined disposed:false
1506 silly fetch manifest is-shared-array-buffer@^1.0.4
1507 silly packumentCache full:https://registry.npmjs.org/is-shared-array-buffer cache-miss
1508 http fetch GET 200 https://registry.npmjs.org/gopd 217ms (cache miss)
1509 silly packumentCache full:https://registry.npmjs.org/gopd set size:undefined disposed:false
1510 silly fetch manifest is-typed-array@^1.1.15
1511 silly packumentCache full:https://registry.npmjs.org/is-typed-array cache-miss
1512 http fetch GET 200 https://registry.npmjs.org/has-proto 205ms (cache miss)
1513 silly packumentCache full:https://registry.npmjs.org/has-proto set size:undefined disposed:false
1514 silly fetch manifest is-weakref@^1.1.1
1515 silly packumentCache full:https://registry.npmjs.org/is-weakref cache-miss
1516 http fetch GET 200 https://registry.npmjs.org/has-symbols 159ms (cache miss)
1517 silly packumentCache full:https://registry.npmjs.org/has-symbols set size:undefined disposed:false
1518 silly fetch manifest object-inspect@^1.13.4
1519 silly packumentCache full:https://registry.npmjs.org/object-inspect cache-miss
1520 http fetch GET 200 https://registry.npmjs.org/internal-slot 177ms (cache miss)
1521 silly packumentCache full:https://registry.npmjs.org/internal-slot set size:undefined disposed:false
1522 silly fetch manifest object.assign@^4.1.7
1523 silly packumentCache full:https://registry.npmjs.org/object.assign cache-miss
1524 http fetch GET 200 https://registry.npmjs.org/is-array-buffer 184ms (cache miss)
1525 silly packumentCache full:https://registry.npmjs.org/is-array-buffer set size:undefined disposed:false
1526 silly fetch manifest own-keys@^1.0.1
1527 silly packumentCache full:https://registry.npmjs.org/own-keys cache-miss
1528 http fetch GET 200 https://registry.npmjs.org/is-callable 211ms (cache miss)
1529 silly packumentCache full:https://registry.npmjs.org/is-callable set size:undefined disposed:false
1530 silly fetch manifest regexp.prototype.flags@^1.5.4
1531 silly packumentCache full:https://registry.npmjs.org/regexp.prototype.flags cache-miss
1532 http fetch GET 200 https://registry.npmjs.org/is-data-view 240ms (cache miss)
1533 silly packumentCache full:https://registry.npmjs.org/is-data-view set size:undefined disposed:false
1534 silly fetch manifest safe-array-concat@^1.1.3
1535 silly packumentCache full:https://registry.npmjs.org/safe-array-concat cache-miss
1536 http fetch GET 200 https://registry.npmjs.org/own-keys 204ms (cache miss)
1537 silly packumentCache full:https://registry.npmjs.org/own-keys set size:undefined disposed:false
1538 silly fetch manifest safe-push-apply@^1.0.0
1539 silly packumentCache full:https://registry.npmjs.org/safe-push-apply cache-miss
1540 http fetch GET 200 https://registry.npmjs.org/object.assign 222ms (cache miss)
1541 silly packumentCache full:https://registry.npmjs.org/object.assign set size:undefined disposed:false
1542 silly fetch manifest safe-regex-test@^1.1.0
1543 silly packumentCache full:https://registry.npmjs.org/safe-regex-test cache-miss
1544 http fetch GET 200 https://registry.npmjs.org/regexp.prototype.flags 176ms (cache miss)
1545 silly packumentCache full:https://registry.npmjs.org/regexp.prototype.flags set size:undefined disposed:false
1546 silly fetch manifest set-proto@^1.0.0
1547 silly packumentCache full:https://registry.npmjs.org/set-proto cache-miss
1548 http cache https://registry.npmjs.org/safe-regex-test 17ms (cache hit)
1549 silly packumentCache full:https://registry.npmjs.org/safe-regex-test set size:17412 disposed:false
1550 silly fetch manifest stop-iteration-iterator@^1.1.0
1551 silly packumentCache full:https://registry.npmjs.org/stop-iteration-iterator cache-miss
1552 http fetch GET 200 https://registry.npmjs.org/is-negative-zero 371ms (cache miss)
1553 silly packumentCache full:https://registry.npmjs.org/is-negative-zero set size:undefined disposed:false
1554 silly fetch manifest string.prototype.trim@^1.2.10
1555 silly packumentCache full:https://registry.npmjs.org/string.prototype.trim cache-miss
1556 http fetch GET 200 https://registry.npmjs.org/is-set 358ms (cache miss)
1557 silly packumentCache full:https://registry.npmjs.org/is-set set size:undefined disposed:false
1558 silly fetch manifest string.prototype.trimstart@^1.0.8
1559 silly packumentCache full:https://registry.npmjs.org/string.prototype.trimstart cache-miss
1560 http fetch GET 200 https://registry.npmjs.org/is-regex 364ms (cache miss)
1561 silly packumentCache full:https://registry.npmjs.org/is-regex set size:undefined disposed:false
1562 silly fetch manifest typed-array-buffer@^1.0.3
1563 silly packumentCache full:https://registry.npmjs.org/typed-array-buffer cache-miss
1564 http fetch GET 200 https://registry.npmjs.org/is-weakref 350ms (cache miss)
1565 silly packumentCache full:https://registry.npmjs.org/is-weakref set size:undefined disposed:false
1566 silly fetch manifest typed-array-byte-length@^1.0.3
1567 silly packumentCache full:https://registry.npmjs.org/typed-array-byte-length cache-miss
1568 http fetch GET 200 https://registry.npmjs.org/safe-array-concat 146ms (cache miss)
1569 silly packumentCache full:https://registry.npmjs.org/safe-array-concat set size:undefined disposed:false
1570 silly fetch manifest typed-array-byte-offset@^1.0.4
1571 silly packumentCache full:https://registry.npmjs.org/typed-array-byte-offset cache-miss
1572 http fetch GET 200 https://registry.npmjs.org/object-inspect 286ms (cache miss)
1573 silly packumentCache full:https://registry.npmjs.org/object-inspect set size:undefined disposed:false
1574 silly fetch manifest typed-array-length@^1.0.7
1575 silly packumentCache full:https://registry.npmjs.org/typed-array-length cache-miss
1576 http fetch GET 200 https://registry.npmjs.org/is-typed-array 370ms (cache miss)
1577 silly packumentCache full:https://registry.npmjs.org/is-typed-array set size:undefined disposed:false
1578 silly fetch manifest unbox-primitive@^1.1.0
1579 silly packumentCache full:https://registry.npmjs.org/unbox-primitive cache-miss
1580 http fetch GET 200 https://registry.npmjs.org/is-shared-array-buffer 510ms (cache miss)
1581 silly packumentCache full:https://registry.npmjs.org/is-shared-array-buffer set size:undefined disposed:false
1582 silly fetch manifest which-typed-array@^1.1.19
1583 silly packumentCache full:https://registry.npmjs.org/which-typed-array cache-miss
1584 http fetch GET 200 https://registry.npmjs.org/safe-push-apply 343ms (cache miss)
1585 silly packumentCache full:https://registry.npmjs.org/safe-push-apply set size:undefined disposed:false
1586 silly fetch manifest has-tostringtag@^1.0.2
1587 silly packumentCache full:https://registry.npmjs.org/has-tostringtag cache-miss
1588 http fetch GET 200 https://registry.npmjs.org/set-proto 340ms (cache miss)
1589 silly packumentCache full:https://registry.npmjs.org/set-proto set size:undefined disposed:false
1590 http fetch GET 200 https://registry.npmjs.org/typed-array-buffer 352ms (cache miss)
1591 silly packumentCache full:https://registry.npmjs.org/typed-array-buffer set size:undefined disposed:false
1592 http fetch GET 200 https://registry.npmjs.org/stop-iteration-iterator 372ms (cache miss)
1593 silly packumentCache full:https://registry.npmjs.org/stop-iteration-iterator set size:undefined disposed:false
1594 http fetch GET 200 https://registry.npmjs.org/typed-array-byte-offset 351ms (cache miss)
1595 silly packumentCache full:https://registry.npmjs.org/typed-array-byte-offset set size:undefined disposed:false
1596 http fetch GET 200 https://registry.npmjs.org/typed-array-byte-length 369ms (cache miss)
1597 silly packumentCache full:https://registry.npmjs.org/typed-array-byte-length set size:undefined disposed:false
1598 http fetch GET 200 https://registry.npmjs.org/string.prototype.trim 380ms (cache miss)
1599 silly packumentCache full:https://registry.npmjs.org/string.prototype.trim set size:undefined disposed:false
1600 http fetch GET 200 https://registry.npmjs.org/has-tostringtag 72ms (cache miss)
1601 silly packumentCache full:https://registry.npmjs.org/has-tostringtag set size:undefined disposed:false
1602 http fetch GET 200 https://registry.npmjs.org/string.prototype.trimstart 380ms (cache miss)
1603 silly packumentCache full:https://registry.npmjs.org/string.prototype.trimstart set size:undefined disposed:false
1604 http fetch GET 200 https://registry.npmjs.org/typed-array-length 371ms (cache miss)
1605 silly packumentCache full:https://registry.npmjs.org/typed-array-length set size:undefined disposed:false
1606 http fetch GET 200 https://registry.npmjs.org/unbox-primitive 388ms (cache miss)
1607 silly packumentCache full:https://registry.npmjs.org/unbox-primitive set size:undefined disposed:false
1608 http fetch GET 200 https://registry.npmjs.org/which-typed-array 256ms (cache miss)
1609 silly packumentCache full:https://registry.npmjs.org/which-typed-array set size:undefined disposed:false
1610 silly placeDep ROOT es-errors@1.3.0 OK for: array.prototype.findlastindex@1.2.6 want: ^1.3.0
1611 silly placeDep ROOT es-shim-unscopables@1.1.0 OK for: array.prototype.findlastindex@1.2.6 want: ^1.1.0
1612 silly placeDep ROOT call-bind-apply-helpers@1.0.2 OK for: call-bind@1.0.9 want: ^1.0.2
1613 silly placeDep ROOT es-define-property@1.0.1 OK for: call-bind@1.0.9 want: ^1.0.1
1614 silly placeDep ROOT set-function-length@1.2.2 OK for: call-bind@1.0.9 want: ^1.2.2
1615 silly fetch manifest define-data-property@^1.1.4
1616 silly packumentCache full:https://registry.npmjs.org/define-data-property cache-miss
1617 silly fetch manifest gopd@^1.0.1
1618 silly packumentCache full:https://registry.npmjs.org/gopd cache-miss
1619 http cache https://registry.npmjs.org/gopd 9ms (cache hit)
1620 silly packumentCache full:https://registry.npmjs.org/gopd set size:11483 disposed:false
1621 http cache https://registry.npmjs.org/define-data-property 10ms (cache hit)
1622 silly packumentCache full:https://registry.npmjs.org/define-data-property set size:28048 disposed:false
1623 silly placeDep ROOT function-bind@1.1.2 OK for: call-bind-apply-helpers@1.0.2 want: ^1.1.2
1624 silly placeDep ROOT define-data-property@1.1.4 OK for: define-properties@1.2.1 want: ^1.0.1
1625 silly placeDep ROOT has-property-descriptors@1.0.2 OK for: define-properties@1.2.1 want: ^1.0.0
1626 silly placeDep ROOT object-keys@1.1.1 OK for: define-properties@1.2.1 want: ^1.1.1
1627 silly placeDep ROOT gopd@1.2.0 OK for: define-data-property@1.1.4 want: ^1.0.1
1628 silly placeDep ROOT array-buffer-byte-length@1.0.2 OK for: es-abstract@1.24.2 want: ^1.0.2
1629 silly placeDep ROOT arraybuffer.prototype.slice@1.0.4 OK for: es-abstract@1.24.2 want: ^1.0.4
1630 silly placeDep ROOT available-typed-arrays@1.0.7 OK for: es-abstract@1.24.2 want: ^1.0.7
1631 silly placeDep ROOT data-view-buffer@1.0.2 OK for: es-abstract@1.24.2 want: ^1.0.2
1632 silly placeDep ROOT data-view-byte-length@1.0.2 OK for: es-abstract@1.24.2 want: ^1.0.2
1633 silly placeDep ROOT data-view-byte-offset@1.0.1 OK for: es-abstract@1.24.2 want: ^1.0.1
1634 silly placeDep ROOT es-set-tostringtag@2.1.0 OK for: es-abstract@1.24.2 want: ^2.1.0
1635 silly placeDep ROOT es-to-primitive@1.3.4 OK for: es-abstract@1.24.2 want: ^1.3.0
1636 silly placeDep ROOT function.prototype.name@1.2.0 OK for: es-abstract@1.24.2 want: ^1.1.8
1637 silly placeDep ROOT get-proto@1.0.1 OK for: es-abstract@1.24.2 want: ^1.0.1
1638 silly placeDep ROOT get-symbol-description@1.1.0 OK for: es-abstract@1.24.2 want: ^1.1.0
1639 silly placeDep ROOT globalthis@1.0.4 OK for: es-abstract@1.24.2 want: ^1.0.4
1640 silly placeDep ROOT has-proto@1.2.0 OK for: es-abstract@1.24.2 want: ^1.2.0
1641 silly placeDep ROOT has-symbols@1.1.0 OK for: es-abstract@1.24.2 want: ^1.1.0
1642 silly placeDep ROOT internal-slot@1.1.0 OK for: es-abstract@1.24.2 want: ^1.1.0
1643 silly placeDep ROOT is-array-buffer@3.0.5 OK for: es-abstract@1.24.2 want: ^3.0.5
1644 silly placeDep ROOT is-callable@1.2.7 OK for: es-abstract@1.24.2 want: ^1.2.7
1645 silly placeDep ROOT is-data-view@1.0.2 OK for: es-abstract@1.24.2 want: ^1.0.2
1646 silly placeDep ROOT is-negative-zero@2.0.3 OK for: es-abstract@1.24.2 want: ^2.0.3
1647 silly placeDep ROOT is-regex@1.2.1 OK for: es-abstract@1.24.2 want: ^1.2.1
1648 silly placeDep ROOT is-set@2.0.3 OK for: es-abstract@1.24.2 want: ^2.0.3
1649 silly placeDep ROOT is-shared-array-buffer@1.0.4 OK for: es-abstract@1.24.2 want: ^1.0.4
1650 silly placeDep ROOT is-typed-array@1.1.15 OK for: es-abstract@1.24.2 want: ^1.1.15
1651 silly placeDep ROOT is-weakref@1.1.1 OK for: es-abstract@1.24.2 want: ^1.1.1
1652 silly placeDep ROOT object-inspect@1.13.4 OK for: es-abstract@1.24.2 want: ^1.13.4
1653 silly placeDep ROOT object.assign@4.1.7 OK for: es-abstract@1.24.2 want: ^4.1.7
1654 silly placeDep ROOT own-keys@1.0.2 OK for: es-abstract@1.24.2 want: ^1.0.1
1655 silly placeDep ROOT regexp.prototype.flags@1.5.4 OK for: es-abstract@1.24.2 want: ^1.5.4
1656 silly placeDep ROOT safe-array-concat@1.1.4 OK for: es-abstract@1.24.2 want: ^1.1.3
1657 silly placeDep ROOT safe-push-apply@1.0.0 OK for: es-abstract@1.24.2 want: ^1.0.0
1658 silly placeDep ROOT safe-regex-test@1.1.0 OK for: es-abstract@1.24.2 want: ^1.1.0
1659 silly placeDep ROOT set-proto@1.0.0 OK for: es-abstract@1.24.2 want: ^1.0.0
1660 silly placeDep ROOT stop-iteration-iterator@1.1.0 OK for: es-abstract@1.24.2 want: ^1.1.0
1661 silly placeDep ROOT string.prototype.trim@1.2.11 OK for: es-abstract@1.24.2 want: ^1.2.10
1662 silly placeDep ROOT string.prototype.trimstart@1.0.8 OK for: es-abstract@1.24.2 want: ^1.0.8
1663 silly placeDep ROOT typed-array-buffer@1.0.3 OK for: es-abstract@1.24.2 want: ^1.0.3
1664 silly placeDep ROOT typed-array-byte-length@1.0.3 OK for: es-abstract@1.24.2 want: ^1.0.3
1665 silly placeDep ROOT typed-array-byte-offset@1.0.4 OK for: es-abstract@1.24.2 want: ^1.0.4
1666 silly placeDep ROOT typed-array-length@1.0.8 OK for: es-abstract@1.24.2 want: ^1.0.7
1667 silly placeDep ROOT unbox-primitive@1.1.0 OK for: es-abstract@1.24.2 want: ^1.1.0
1668 silly placeDep ROOT which-typed-array@1.1.22 OK for: es-abstract@1.24.2 want: ^1.1.19
1669 silly fetch manifest is-array-buffer@^3.0.4
1670 silly packumentCache full:https://registry.npmjs.org/is-array-buffer cache-miss
1671 silly fetch manifest possible-typed-array-names@^1.0.0
1672 silly packumentCache full:https://registry.npmjs.org/possible-typed-array-names cache-miss
1673 silly fetch manifest is-data-view@^1.0.1
1674 silly packumentCache full:https://registry.npmjs.org/is-data-view cache-miss
1675 silly fetch manifest is-symbol@^1.1.1
1676 silly packumentCache full:https://registry.npmjs.org/is-symbol cache-miss
1677 silly fetch manifest is-date-object@^1.1.0
1678 silly packumentCache full:https://registry.npmjs.org/is-date-object cache-miss
1679 silly fetch manifest es-abstract-get@^1.0.0
1680 silly packumentCache full:https://registry.npmjs.org/es-abstract-get cache-miss
1681 silly fetch manifest is-document.all@^1.0.0
1682 silly packumentCache full:https://registry.npmjs.org/is-document.all cache-miss
1683 silly fetch manifest functions-have-names@^1.2.3
1684 silly packumentCache full:https://registry.npmjs.org/functions-have-names cache-miss
1685 silly fetch manifest dunder-proto@^1.0.1
1686 silly packumentCache full:https://registry.npmjs.org/dunder-proto cache-miss
1687 silly fetch manifest dunder-proto@^1.0.0
1688 silly packumentCache full:https://registry.npmjs.org/dunder-proto cache-miss
1689 silly fetch manifest side-channel@^1.1.0
1690 silly packumentCache full:https://registry.npmjs.org/side-channel cache-miss
1691 http cache https://registry.npmjs.org/is-array-buffer 17ms (cache hit)
1692 silly packumentCache full:https://registry.npmjs.org/is-array-buffer set size:33562 disposed:false
1693 silly fetch manifest is-typed-array@^1.1.13
1694 silly packumentCache full:https://registry.npmjs.org/is-typed-array cache-miss
1695 http cache https://registry.npmjs.org/is-data-view 18ms (cache hit)
1696 silly packumentCache full:https://registry.npmjs.org/is-data-view set size:13756 disposed:false
1697 silly fetch manifest which-typed-array@^1.1.16
1698 silly packumentCache full:https://registry.npmjs.org/which-typed-array cache-miss
1699 http cache https://registry.npmjs.org/is-typed-array 8ms (cache hit)
1700 silly packumentCache full:https://registry.npmjs.org/is-typed-array set size:79965 disposed:false
1701 silly fetch manifest set-function-name@^2.0.2
1702 silly packumentCache full:https://registry.npmjs.org/set-function-name cache-miss
1703 http cache https://registry.npmjs.org/which-typed-array 11ms (cache hit)
1704 silly packumentCache full:https://registry.npmjs.org/which-typed-array set size:101551 disposed:false
1705 silly fetch manifest isarray@^2.0.5
1706 silly packumentCache full:https://registry.npmjs.org/isarray cache-miss
1707 http fetch GET 200 https://registry.npmjs.org/is-date-object 147ms (cache miss)
1708 silly packumentCache full:https://registry.npmjs.org/is-date-object set size:undefined disposed:false
1709 silly fetch manifest isarray@^2.0.5
1710 silly packumentCache full:https://registry.npmjs.org/isarray cache-miss
1711 http fetch GET 200 https://registry.npmjs.org/possible-typed-array-names 151ms (cache miss)
1712 silly packumentCache full:https://registry.npmjs.org/possible-typed-array-names set size:undefined disposed:false
1713 silly fetch manifest dunder-proto@^1.0.1
1714 silly packumentCache full:https://registry.npmjs.org/dunder-proto cache-miss
1715 http fetch GET 200 https://registry.npmjs.org/is-document.all 150ms (cache miss)
1716 silly packumentCache full:https://registry.npmjs.org/is-document.all set size:undefined disposed:false
1717 silly fetch manifest for-each@^0.3.3
1718 silly packumentCache full:https://registry.npmjs.org/for-each cache-miss
1719 http fetch GET 200 https://registry.npmjs.org/es-abstract-get 153ms (cache miss)
1720 silly packumentCache full:https://registry.npmjs.org/es-abstract-get set size:undefined disposed:false
1721 silly fetch manifest for-each@^0.3.3
1722 silly packumentCache full:https://registry.npmjs.org/for-each cache-miss
1723 http fetch GET 200 https://registry.npmjs.org/is-symbol 158ms (cache miss)
1724 silly packumentCache full:https://registry.npmjs.org/is-symbol set size:undefined disposed:false
1725 silly fetch manifest reflect.getprototypeof@^1.0.9
1726 silly packumentCache full:https://registry.npmjs.org/reflect.getprototypeof cache-miss
1727 http fetch GET 200 https://registry.npmjs.org/dunder-proto 162ms (cache miss)
1728 silly packumentCache full:https://registry.npmjs.org/dunder-proto set size:undefined disposed:false
1729 silly fetch manifest for-each@^0.3.5
1730 silly packumentCache full:https://registry.npmjs.org/for-each cache-miss
1731 http fetch GET 200 https://registry.npmjs.org/dunder-proto 164ms (cache miss)
1732 silly packumentCache full:https://registry.npmjs.org/dunder-proto set size:undefined disposed:false
1733 silly fetch manifest possible-typed-array-names@^1.1.0
1734 silly packumentCache full:https://registry.npmjs.org/possible-typed-array-names cache-miss
1735 http fetch GET 200 https://registry.npmjs.org/side-channel 167ms (cache miss)
1736 silly packumentCache full:https://registry.npmjs.org/side-channel set size:undefined disposed:false
1737 silly fetch manifest reflect.getprototypeof@^1.0.10
1738 silly packumentCache full:https://registry.npmjs.org/reflect.getprototypeof cache-miss
1739 http fetch GET 200 https://registry.npmjs.org/functions-have-names 172ms (cache miss)
1740 silly packumentCache full:https://registry.npmjs.org/functions-have-names set size:undefined disposed:false
1741 silly fetch manifest has-bigints@^1.0.2
1742 silly packumentCache full:https://registry.npmjs.org/has-bigints cache-miss
1743 http cache https://registry.npmjs.org/possible-typed-array-names 13ms (cache hit)
1744 silly packumentCache full:https://registry.npmjs.org/possible-typed-array-names set size:9167 disposed:false
1745 silly fetch manifest which-boxed-primitive@^1.1.1
1746 silly packumentCache full:https://registry.npmjs.org/which-boxed-primitive cache-miss
1747 http fetch GET 200 https://registry.npmjs.org/isarray 150ms (cache miss)
1748 silly packumentCache full:https://registry.npmjs.org/isarray set size:undefined disposed:false
1749 silly fetch manifest for-each@^0.3.5
1750 silly packumentCache full:https://registry.npmjs.org/for-each cache-miss
1751 http fetch GET 200 https://registry.npmjs.org/set-function-name 166ms (cache miss)
1752 silly packumentCache full:https://registry.npmjs.org/set-function-name set size:undefined disposed:false
1753 http fetch GET 200 https://registry.npmjs.org/isarray 111ms (cache miss)
1754 silly packumentCache full:https://registry.npmjs.org/isarray set size:undefined disposed:false
1755 http fetch GET 200 https://registry.npmjs.org/dunder-proto 111ms (cache miss)
1756 silly packumentCache full:https://registry.npmjs.org/dunder-proto set size:undefined disposed:false
1757 http fetch GET 200 https://registry.npmjs.org/reflect.getprototypeof 111ms (cache miss)
1758 silly packumentCache full:https://registry.npmjs.org/reflect.getprototypeof set size:undefined disposed:false
1759 http fetch GET 200 https://registry.npmjs.org/reflect.getprototypeof 109ms (cache miss)
1760 silly packumentCache full:https://registry.npmjs.org/reflect.getprototypeof set size:undefined disposed:false
1761 http fetch GET 200 https://registry.npmjs.org/which-boxed-primitive 104ms (cache miss)
1762 silly packumentCache full:https://registry.npmjs.org/which-boxed-primitive set size:undefined disposed:false
1763 http fetch GET 200 https://registry.npmjs.org/for-each 372ms (cache miss)
1764 silly packumentCache full:https://registry.npmjs.org/for-each set size:undefined disposed:false
1765 http fetch GET 200 https://registry.npmjs.org/has-bigints 355ms (cache miss)
1766 silly packumentCache full:https://registry.npmjs.org/has-bigints set size:undefined disposed:false
1767 http fetch GET 200 https://registry.npmjs.org/for-each 378ms (cache miss)
1768 silly packumentCache full:https://registry.npmjs.org/for-each set size:undefined disposed:false
1769 http fetch GET 200 https://registry.npmjs.org/for-each 367ms (cache miss)
1770 silly packumentCache full:https://registry.npmjs.org/for-each set size:undefined disposed:false
1771 http fetch GET 200 https://registry.npmjs.org/for-each 351ms (cache miss)
1772 silly packumentCache full:https://registry.npmjs.org/for-each set size:undefined disposed:false
1773 silly placeDep ROOT possible-typed-array-names@1.1.0 OK for: available-typed-arrays@1.0.7 want: ^1.0.0
1774 silly placeDep ROOT has-tostringtag@1.0.2 OK for: es-set-tostringtag@2.1.0 want: ^1.0.2
1775 silly placeDep ROOT es-abstract-get@1.0.0 OK for: es-to-primitive@1.3.4 want: ^1.0.0
1776 silly placeDep ROOT is-date-object@1.1.0 OK for: es-to-primitive@1.3.4 want: ^1.1.0
1777 silly placeDep ROOT is-symbol@1.1.1 OK for: es-to-primitive@1.3.4 want: ^1.1.1
1778 silly placeDep node_modules/eslint-module-utils debug@3.2.7 OK for: eslint-module-utils@2.14.0 want: ^3.2.7
1779 silly placeDep ROOT aria-query@5.3.2 OK for: eslint-plugin-jsx-a11y@6.10.2 want: ^5.3.2
1780 silly placeDep ROOT ast-types-flow@0.0.8 OK for: eslint-plugin-jsx-a11y@6.10.2 want: ^0.0.8
1781 silly placeDep ROOT axe-core@4.12.1 OK for: eslint-plugin-jsx-a11y@6.10.2 want: ^4.10.0
1782 silly placeDep ROOT axobject-query@4.1.0 OK for: eslint-plugin-jsx-a11y@6.10.2 want: ^4.1.0
1783 silly placeDep ROOT damerau-levenshtein@1.0.8 OK for: eslint-plugin-jsx-a11y@6.10.2 want: ^1.0.8
1784 silly placeDep ROOT emoji-regex@9.2.2 OK for: eslint-plugin-jsx-a11y@6.10.2 want: ^9.2.2
1785 silly placeDep ROOT jsx-ast-utils@3.3.5 OK for: eslint-plugin-jsx-a11y@6.10.2 want: ^3.3.5
1786 silly placeDep ROOT language-tags@1.0.9 OK for: eslint-plugin-jsx-a11y@6.10.2 want: ^1.0.9
1787 silly placeDep ROOT string.prototype.includes@2.0.1 OK for: eslint-plugin-jsx-a11y@6.10.2 want: ^2.0.1
1788 silly fetch manifest language-subtag-registry@^0.3.20
1789 silly packumentCache full:https://registry.npmjs.org/language-subtag-registry cache-miss
1790 http fetch GET 200 https://registry.npmjs.org/language-subtag-registry 626ms (cache miss)
1791 silly packumentCache full:https://registry.npmjs.org/language-subtag-registry set size:undefined disposed:false
1792 silly placeDep ROOT array.prototype.findlast@1.2.5 OK for: eslint-plugin-react@7.37.5 want: ^1.2.5
1793 silly placeDep ROOT array.prototype.tosorted@1.1.4 OK for: eslint-plugin-react@7.37.5 want: ^1.1.4
1794 silly placeDep ROOT es-iterator-helpers@1.4.0 OK for: eslint-plugin-react@7.37.5 want: ^1.2.1
1795 silly placeDep ROOT estraverse@5.3.0 OK for: eslint-plugin-react@7.37.5 want: ^5.3.0
1796 silly placeDep ROOT object.entries@1.1.9 OK for: eslint-plugin-react@7.37.5 want: ^1.1.9
1797 silly placeDep ROOT prop-types@15.8.1 OK for: eslint-plugin-react@7.37.5 want: ^15.8.1
1798 silly placeDep node_modules/eslint-plugin-react semver@6.3.1 OK for: eslint-plugin-react@7.37.5 want: ^6.3.1
1799 silly placeDep ROOT string.prototype.matchall@4.0.12 OK for: eslint-plugin-react@7.37.5 want: ^4.0.12
1800 silly placeDep ROOT string.prototype.repeat@1.0.0 OK for: eslint-plugin-react@7.37.5 want: ^1.0.0
1801 silly fetch manifest iterator.prototype@^1.1.5
1802 silly packumentCache full:https://registry.npmjs.org/iterator.prototype cache-miss
1803 silly fetch manifest loose-envify@^1.4.0
1804 silly packumentCache full:https://registry.npmjs.org/loose-envify cache-miss
1805 silly fetch manifest object-assign@^4.1.1
1806 silly packumentCache full:https://registry.npmjs.org/object-assign cache-miss
1807 silly fetch manifest react-is@^16.13.1
1808 silly packumentCache full:https://registry.npmjs.org/react-is cache-miss
1809 http fetch GET 200 https://registry.npmjs.org/iterator.prototype 141ms (cache miss)
1810 silly packumentCache full:https://registry.npmjs.org/iterator.prototype set size:undefined disposed:false
1811 http fetch GET 200 https://registry.npmjs.org/loose-envify 142ms (cache miss)
1812 silly packumentCache full:https://registry.npmjs.org/loose-envify set size:undefined disposed:false
1813 http fetch GET 200 https://registry.npmjs.org/object-assign 148ms (cache miss)
1814 silly packumentCache full:https://registry.npmjs.org/object-assign set size:undefined disposed:false
1815 http fetch GET 200 https://registry.npmjs.org/react-is 3497ms (cache miss)
1816 silly packumentCache full:https://registry.npmjs.org/react-is set size:undefined disposed:false
1817 silly placeDep ROOT iterator.prototype@1.1.5 OK for: es-iterator-helpers@1.4.0 want: ^1.1.5
1818 silly placeDep ROOT esrecurse@4.3.0 OK for: eslint-scope@8.4.0 want: ^4.3.0
1819 silly placeDep ROOT acorn@8.18.0 OK for: espree@10.4.0 want: ^8.15.0
1820 silly placeDep ROOT acorn-jsx@5.3.2 OK for: espree@10.4.0 want: ^5.3.2
1821 silly placeDep ROOT @nodelib/fs.stat@2.0.5 OK for: fast-glob@3.3.1 want: ^2.0.2
1822 silly placeDep ROOT @nodelib/fs.walk@1.2.8 OK for: fast-glob@3.3.1 want: ^1.2.3
1823 silly placeDep node_modules/fast-glob glob-parent@5.1.2 OK for: fast-glob@3.3.1 want: ^5.1.2
1824 silly placeDep ROOT merge2@1.4.1 OK for: fast-glob@3.3.1 want: ^1.3.0
1825 silly placeDep ROOT micromatch@4.0.8 OK for: fast-glob@3.3.1 want: ^4.0.4
1826 silly fetch manifest fastq@^1.6.0
1827 silly packumentCache full:https://registry.npmjs.org/fastq cache-miss
1828 silly fetch manifest @nodelib/fs.scandir@2.1.5
1829 silly packumentCache full:https://registry.npmjs.org/@nodelib%2ffs.scandir cache-miss
1830 silly fetch manifest braces@^3.0.3
1831 silly packumentCache full:https://registry.npmjs.org/braces cache-miss
1832 silly fetch manifest picomatch@^2.3.1
1833 silly packumentCache full:https://registry.npmjs.org/picomatch cache-miss
1834 http cache https://registry.npmjs.org/picomatch 19ms (cache hit)
1835 silly packumentCache full:https://registry.npmjs.org/picomatch set size:128942 disposed:false
1836 http fetch GET 200 https://registry.npmjs.org/@nodelib%2ffs.scandir 95ms (cache miss)
1837 silly packumentCache full:https://registry.npmjs.org/@nodelib%2ffs.scandir set size:undefined disposed:false
1838 http fetch GET 200 https://registry.npmjs.org/braces 97ms (cache miss)
1839 silly packumentCache full:https://registry.npmjs.org/braces set size:undefined disposed:false
1840 http fetch GET 200 https://registry.npmjs.org/fastq 125ms (cache miss)
1841 silly packumentCache full:https://registry.npmjs.org/fastq set size:undefined disposed:false
1842 silly placeDep ROOT @nodelib/fs.scandir@2.1.5 OK for: @nodelib/fs.walk@1.2.8 want: 2.1.5
1843 silly placeDep ROOT fastq@1.20.1 OK for: @nodelib/fs.walk@1.2.8 want: ^1.6.0
1844 silly fetch manifest run-parallel@^1.1.9
1845 silly packumentCache full:https://registry.npmjs.org/run-parallel cache-miss
1846 silly fetch manifest reusify@^1.0.4
1847 silly packumentCache full:https://registry.npmjs.org/reusify cache-miss
1848 http fetch GET 200 https://registry.npmjs.org/reusify 67ms (cache miss)
1849 silly packumentCache full:https://registry.npmjs.org/reusify set size:undefined disposed:false
1850 http fetch GET 200 https://registry.npmjs.org/run-parallel 77ms (cache miss)
1851 silly packumentCache full:https://registry.npmjs.org/run-parallel set size:undefined disposed:false
1852 silly placeDep ROOT run-parallel@1.2.0 OK for: @nodelib/fs.scandir@2.1.5 want: ^1.1.9
1853 silly fetch manifest queue-microtask@^1.2.2
1854 silly packumentCache full:https://registry.npmjs.org/queue-microtask cache-miss
1855 http fetch GET 200 https://registry.npmjs.org/queue-microtask 105ms (cache miss)
1856 silly packumentCache full:https://registry.npmjs.org/queue-microtask set size:undefined disposed:false
1857 silly placeDep ROOT reusify@1.1.0 OK for: fastq@1.20.1 want: ^1.0.4
1858 silly placeDep ROOT flat-cache@4.0.1 OK for: file-entry-cache@8.0.0 want: ^4.0.0
1859 silly fetch manifest keyv@^4.5.4
1860 silly packumentCache full:https://registry.npmjs.org/keyv cache-miss
1861 silly fetch manifest flatted@^3.2.9
1862 silly packumentCache full:https://registry.npmjs.org/flatted cache-miss
1863 http fetch GET 200 https://registry.npmjs.org/flatted 78ms (cache miss)
1864 silly packumentCache full:https://registry.npmjs.org/flatted set size:undefined disposed:false
1865 http fetch GET 200 https://registry.npmjs.org/keyv 432ms (cache miss)
1866 silly packumentCache full:https://registry.npmjs.org/keyv set size:undefined disposed:false
1867 silly placeDep ROOT locate-path@6.0.0 OK for: find-up@5.0.0 want: ^6.0.0
1868 silly placeDep ROOT path-exists@4.0.0 OK for: find-up@5.0.0 want: ^4.0.0
1869 silly fetch manifest p-locate@^5.0.0
1870 silly packumentCache full:https://registry.npmjs.org/p-locate cache-miss
1871 http fetch GET 200 https://registry.npmjs.org/p-locate 60ms (cache miss)
1872 silly packumentCache full:https://registry.npmjs.org/p-locate set size:undefined disposed:false
1873 silly placeDep ROOT flatted@3.4.4 OK for: flat-cache@4.0.1 want: ^3.2.9
1874 silly placeDep ROOT keyv@4.5.4 OK for: flat-cache@4.0.1 want: ^4.5.4
1875 silly fetch manifest json-buffer@3.0.1
1876 silly packumentCache full:https://registry.npmjs.org/json-buffer cache-miss
1877 http fetch GET 200 https://registry.npmjs.org/json-buffer 342ms (cache miss)
1878 silly packumentCache full:https://registry.npmjs.org/json-buffer set size:undefined disposed:false
1879 silly placeDep ROOT asynckit@0.4.0 OK for: form-data@4.0.6 want: ^0.4.0
1880 silly placeDep ROOT combined-stream@1.0.8 OK for: form-data@4.0.6 want: ^1.0.8
1881 silly placeDep ROOT mime-types@2.1.35 OK for: form-data@4.0.6 want: ^2.1.35
1882 silly fetch manifest delayed-stream@~1.0.0
1883 silly packumentCache full:https://registry.npmjs.org/delayed-stream cache-miss
1884 silly fetch manifest mime-db@1.52.0
1885 silly packumentCache full:https://registry.npmjs.org/mime-db cache-miss
1886 http fetch GET 200 https://registry.npmjs.org/delayed-stream 89ms (cache miss)
1887 silly packumentCache full:https://registry.npmjs.org/delayed-stream set size:undefined disposed:false
1888 http fetch GET 200 https://registry.npmjs.org/mime-db 131ms (cache miss)
1889 silly packumentCache full:https://registry.npmjs.org/mime-db set size:undefined disposed:false
1890 silly placeDep ROOT delayed-stream@1.0.0 OK for: combined-stream@1.0.8 want: ~1.0.0
1891 silly placeDep ROOT functions-have-names@1.2.3 OK for: function.prototype.name@1.2.0 want: ^1.2.3
1892 silly placeDep ROOT is-document.all@1.0.0 OK for: function.prototype.name@1.2.0 want: ^1.0.0
1893 silly placeDep ROOT dunder-proto@1.0.1 OK for: get-proto@1.0.1 want: ^1.0.1
1894 silly placeDep ROOT resolve-pkg-maps@1.0.0 OK for: get-tsconfig@4.14.1 want: ^1.0.0
1895 silly placeDep ROOT agent-base@6.0.2 OK for: https-proxy-agent@5.0.1 want: 6
1896 silly placeDep ROOT parent-module@1.0.1 OK for: import-fresh@3.3.1 want: ^1.0.0
1897 silly placeDep ROOT resolve-from@4.0.0 OK for: import-fresh@3.3.1 want: ^4.0.0
1898 silly fetch manifest callsites@^3.0.0
1899 silly packumentCache full:https://registry.npmjs.org/callsites cache-miss
1900 http fetch GET 200 https://registry.npmjs.org/callsites 63ms (cache miss)
1901 silly packumentCache full:https://registry.npmjs.org/callsites set size:undefined disposed:false
1902 silly placeDep ROOT side-channel@1.1.1 OK for: internal-slot@1.1.0 want: ^1.1.0
1903 silly fetch manifest side-channel-list@^1.0.1
1904 silly packumentCache full:https://registry.npmjs.org/side-channel-list cache-miss
1905 silly fetch manifest side-channel-map@^1.0.1
1906 silly packumentCache full:https://registry.npmjs.org/side-channel-map cache-miss
1907 silly fetch manifest side-channel-weakmap@^1.0.2
1908 silly packumentCache full:https://registry.npmjs.org/side-channel-weakmap cache-miss
1909 http fetch GET 200 https://registry.npmjs.org/side-channel-map 91ms (cache miss)
1910 silly packumentCache full:https://registry.npmjs.org/side-channel-map set size:undefined disposed:false
1911 http fetch GET 200 https://registry.npmjs.org/side-channel-weakmap 95ms (cache miss)
1912 silly packumentCache full:https://registry.npmjs.org/side-channel-weakmap set size:undefined disposed:false
1913 http fetch GET 200 https://registry.npmjs.org/side-channel-list 364ms (cache miss)
1914 silly packumentCache full:https://registry.npmjs.org/side-channel-list set size:undefined disposed:false
1915 silly placeDep ROOT is-extglob@2.1.1 OK for: is-glob@4.0.3 want: ^2.1.1
1916 silly placeDep ROOT set-function-name@2.0.2 OK for: iterator.prototype@1.1.5 want: ^2.0.2
1917 silly placeDep ROOT argparse@2.0.1 OK for: js-yaml@4.3.1 want: ^2.0.1
1918 silly placeDep ROOT json-buffer@3.0.1 OK for: keyv@4.5.4 want: 3.0.1
1919 silly placeDep ROOT language-subtag-registry@0.3.23 OK for: language-tags@1.0.9 want: ^0.3.20
1920 silly placeDep ROOT prelude-ls@1.2.1 OK for: levn@0.4.1 want: ^1.2.1
1921 silly placeDep ROOT type-check@0.4.0 OK for: levn@0.4.1 want: ~0.4.0
1922 silly placeDep ROOT p-locate@5.0.0 OK for: locate-path@6.0.0 want: ^5.0.0
1923 silly fetch manifest p-limit@^3.0.2
1924 silly packumentCache full:https://registry.npmjs.org/p-limit cache-miss
1925 http fetch GET 200 https://registry.npmjs.org/p-limit 127ms (cache miss)
1926 silly packumentCache full:https://registry.npmjs.org/p-limit set size:undefined disposed:false
1927 silly placeDep ROOT braces@3.0.3 OK for: micromatch@4.0.8 want: ^3.0.3
1928 silly placeDep ROOT picomatch@2.3.2 OK for: micromatch@4.0.8 want: ^2.3.1
1929 silly fetch manifest fill-range@^7.1.1
1930 silly packumentCache full:https://registry.npmjs.org/fill-range cache-miss
1931 http fetch GET 200 https://registry.npmjs.org/fill-range 52ms (cache miss)
1932 silly packumentCache full:https://registry.npmjs.org/fill-range set size:undefined disposed:false
1933 silly placeDep ROOT fill-range@7.1.1 OK for: braces@3.0.3 want: ^7.1.1
1934 silly fetch manifest to-regex-range@^5.0.1
1935 silly packumentCache full:https://registry.npmjs.org/to-regex-range cache-miss
1936 http fetch GET 200 https://registry.npmjs.org/to-regex-range 175ms (cache miss)
1937 silly packumentCache full:https://registry.npmjs.org/to-regex-range set size:undefined disposed:false
1938 silly placeDep ROOT to-regex-range@5.0.1 OK for: fill-range@7.1.1 want: ^5.0.1
1939 silly fetch manifest is-number@^7.0.0
1940 silly packumentCache full:https://registry.npmjs.org/is-number cache-miss
1941 http fetch GET 200 https://registry.npmjs.org/is-number 61ms (cache miss)
1942 silly packumentCache full:https://registry.npmjs.org/is-number set size:undefined disposed:false
1943 silly placeDep ROOT mime-db@1.52.0 OK for: mime-types@2.1.35 want: 1.52.0
1944 silly placeDep ROOT brace-expansion@1.1.18 OK for: minimatch@3.1.5 want: ^1.1.7
1945 silly fetch manifest concat-map@0.0.1
1946 silly packumentCache full:https://registry.npmjs.org/concat-map cache-miss
1947 silly fetch manifest balanced-match@^1.0.0
1948 silly packumentCache full:https://registry.npmjs.org/balanced-match cache-miss
1949 http fetch GET 200 https://registry.npmjs.org/concat-map 59ms (cache miss)
1950 silly packumentCache full:https://registry.npmjs.org/concat-map set size:undefined disposed:false
1951 http fetch GET 200 https://registry.npmjs.org/balanced-match 73ms (cache miss)
1952 silly packumentCache full:https://registry.npmjs.org/balanced-match set size:undefined disposed:false
1953 silly placeDep ROOT balanced-match@1.0.2 OK for: brace-expansion@1.1.18 want: ^1.0.0
1954 silly placeDep ROOT concat-map@0.0.1 OK for: brace-expansion@1.1.18 want: 0.0.1
1955 silly fetch manifest react@^18.2.0 || 19.0.0-rc-de68d2f4-20241204 || ^19.0.0
1956 silly packumentCache full:https://registry.npmjs.org/react cache-miss
1957 http cache https://registry.npmjs.org/react 20ms (cache hit)
1958 silly packumentCache full:https://registry.npmjs.org/react set size:6863945 disposed:false
1959 silly placeDep ROOT @next/env@15.5.22 OK for: next@15.5.22 want: 15.5.22
1960 silly placeDep ROOT @next/swc-darwin-arm64@15.5.22 OK for: next@15.5.22 want: 15.5.22
1961 silly placeDep ROOT @next/swc-darwin-x64@15.5.22 OK for: next@15.5.22 want: 15.5.22
1962 silly placeDep ROOT @next/swc-linux-arm64-gnu@15.5.22 OK for: next@15.5.22 want: 15.5.22
1963 silly placeDep ROOT @next/swc-linux-arm64-musl@15.5.22 OK for: next@15.5.22 want: 15.5.22
1964 silly placeDep ROOT @next/swc-linux-x64-gnu@15.5.22 OK for: next@15.5.22 want: 15.5.22
1965 silly placeDep ROOT @next/swc-linux-x64-musl@15.5.22 OK for: next@15.5.22 want: 15.5.22
1966 silly placeDep ROOT @next/swc-win32-arm64-msvc@15.5.22 OK for: next@15.5.22 want: 15.5.22
1967 silly placeDep ROOT @next/swc-win32-x64-msvc@15.5.22 OK for: next@15.5.22 want: 15.5.22
1968 silly placeDep ROOT @swc/helpers@0.5.15 OK for: next@15.5.22 want: 0.5.15
1969 silly placeDep node_modules/next postcss@8.4.31 OK for: next@15.5.22 want: 8.4.31
1970 silly placeDep ROOT sharp@0.34.5 OK for: next@15.5.22 want: ^0.34.3
1971 silly placeDep ROOT styled-jsx@5.1.6 OK for: next@15.5.22 want: 5.1.6
1972 silly fetch manifest tslib@^2.8.0
1973 silly packumentCache full:https://registry.npmjs.org/tslib cache-miss
1974 silly fetch manifest nanoid@^3.3.6
1975 silly packumentCache full:https://registry.npmjs.org/nanoid cache-miss
1976 silly fetch manifest source-map-js@^1.0.2
1977 silly packumentCache full:https://registry.npmjs.org/source-map-js cache-miss
1978 silly fetch manifest @img/colour@^1.0.0
1979 silly packumentCache full:https://registry.npmjs.org/@img%2fcolour cache-miss
1980 silly fetch manifest detect-libc@^2.1.2
1981 silly packumentCache full:https://registry.npmjs.org/detect-libc cache-miss
1982 silly fetch manifest @img/sharp-wasm32@0.34.5
1983 silly packumentCache full:https://registry.npmjs.org/@img%2fsharp-wasm32 cache-miss
1984 silly fetch manifest @img/sharp-linux-arm@0.34.5
1985 silly packumentCache full:https://registry.npmjs.org/@img%2fsharp-linux-arm cache-miss
1986 silly fetch manifest @img/sharp-linux-x64@0.34.5
1987 silly packumentCache full:https://registry.npmjs.org/@img%2fsharp-linux-x64 cache-miss
1988 silly fetch manifest @img/sharp-win32-x64@0.34.5
1989 silly packumentCache full:https://registry.npmjs.org/@img%2fsharp-win32-x64 cache-miss
1990 silly fetch manifest @img/sharp-darwin-x64@0.34.5
1991 silly packumentCache full:https://registry.npmjs.org/@img%2fsharp-darwin-x64 cache-miss
1992 silly fetch manifest @img/sharp-win32-ia32@0.34.5
1993 silly packumentCache full:https://registry.npmjs.org/@img%2fsharp-win32-ia32 cache-miss
1994 http cache https://registry.npmjs.org/nanoid 18ms (cache hit)
1995 silly packumentCache full:https://registry.npmjs.org/nanoid set size:341137 disposed:false
1996 silly fetch manifest @img/sharp-linux-arm64@0.34.5
1997 silly packumentCache full:https://registry.npmjs.org/@img%2fsharp-linux-arm64 cache-miss
1998 http cache https://registry.npmjs.org/source-map-js 25ms (cache hit)
1999 silly packumentCache full:https://registry.npmjs.org/source-map-js set size:62640 disposed:false
2000 silly fetch manifest @img/sharp-linux-ppc64@0.34.5
2001 silly packumentCache full:https://registry.npmjs.org/@img%2fsharp-linux-ppc64 cache-miss
2002 http fetch GET 200 https://registry.npmjs.org/@img%2fcolour 77ms (cache miss)
2003 silly packumentCache full:https://registry.npmjs.org/@img%2fcolour set size:undefined disposed:false
2004 silly fetch manifest @img/sharp-linux-s390x@0.34.5
2005 silly packumentCache full:https://registry.npmjs.org/@img%2fsharp-linux-s390x cache-miss
2006 http fetch GET 200 https://registry.npmjs.org/detect-libc 80ms (cache miss)
2007 silly packumentCache full:https://registry.npmjs.org/detect-libc set size:undefined disposed:false
2008 silly fetch manifest @img/sharp-win32-arm64@0.34.5
2009 silly packumentCache full:https://registry.npmjs.org/@img%2fsharp-win32-arm64 cache-miss
2010 http fetch GET 200 https://registry.npmjs.org/tslib 96ms (cache miss)
2011 silly packumentCache full:https://registry.npmjs.org/tslib set size:undefined disposed:false
2012 silly fetch manifest @img/sharp-darwin-arm64@0.34.5
2013 silly packumentCache full:https://registry.npmjs.org/@img%2fsharp-darwin-arm64 cache-miss
2014 http fetch GET 200 https://registry.npmjs.org/@img%2fsharp-win32-x64 101ms (cache miss)
2015 silly packumentCache full:https://registry.npmjs.org/@img%2fsharp-win32-x64 set size:undefined disposed:false
2016 silly fetch manifest @img/sharp-linux-riscv64@0.34.5
2017 silly packumentCache full:https://registry.npmjs.org/@img%2fsharp-linux-riscv64 cache-miss
2018 http fetch GET 200 https://registry.npmjs.org/@img%2fsharp-win32-ia32 110ms (cache miss)
2019 silly packumentCache full:https://registry.npmjs.org/@img%2fsharp-win32-ia32 set size:undefined disposed:false
2020 silly fetch manifest @img/sharp-linuxmusl-x64@0.34.5
2021 silly packumentCache full:https://registry.npmjs.org/@img%2fsharp-linuxmusl-x64 cache-miss
2022 http fetch GET 200 https://registry.npmjs.org/@img%2fsharp-linux-ppc64 107ms (cache miss)
2023 silly packumentCache full:https://registry.npmjs.org/@img%2fsharp-linux-ppc64 set size:undefined disposed:false
2024 silly fetch manifest @img/sharp-linuxmusl-arm64@0.34.5
2025 silly packumentCache full:https://registry.npmjs.org/@img%2fsharp-linuxmusl-arm64 cache-miss
2026 http fetch GET 200 https://registry.npmjs.org/@img%2fsharp-linux-arm 143ms (cache miss)
2027 silly packumentCache full:https://registry.npmjs.org/@img%2fsharp-linux-arm set size:undefined disposed:false
2028 silly fetch manifest @img/sharp-libvips-linux-arm@1.2.4
2029 silly packumentCache full:https://registry.npmjs.org/@img%2fsharp-libvips-linux-arm cache-miss
2030 http fetch GET 200 https://registry.npmjs.org/@img%2fsharp-wasm32 149ms (cache miss)
2031 silly packumentCache full:https://registry.npmjs.org/@img%2fsharp-wasm32 set size:undefined disposed:false
2032 silly fetch manifest @img/sharp-libvips-linux-x64@1.2.4
2033 silly packumentCache full:https://registry.npmjs.org/@img%2fsharp-libvips-linux-x64 cache-miss
2034 http fetch GET 200 https://registry.npmjs.org/@img%2fsharp-linux-x64 159ms (cache miss)
2035 silly packumentCache full:https://registry.npmjs.org/@img%2fsharp-linux-x64 set size:undefined disposed:false
2036 silly fetch manifest @img/sharp-libvips-darwin-x64@1.2.4
2037 silly packumentCache full:https://registry.npmjs.org/@img%2fsharp-libvips-darwin-x64 cache-miss
2038 http fetch GET 200 https://registry.npmjs.org/@img%2fsharp-linux-arm64 140ms (cache miss)
2039 silly packumentCache full:https://registry.npmjs.org/@img%2fsharp-linux-arm64 set size:undefined disposed:false
2040 silly fetch manifest @img/sharp-libvips-linux-arm64@1.2.4
2041 silly packumentCache full:https://registry.npmjs.org/@img%2fsharp-libvips-linux-arm64 cache-miss
2042 http fetch GET 200 https://registry.npmjs.org/@img%2fsharp-win32-arm64 86ms (cache miss)
2043 silly packumentCache full:https://registry.npmjs.org/@img%2fsharp-win32-arm64 set size:undefined disposed:false
2044 silly fetch manifest @img/sharp-libvips-linux-ppc64@1.2.4
2045 silly packumentCache full:https://registry.npmjs.org/@img%2fsharp-libvips-linux-ppc64 cache-miss
2046 http fetch GET 200 https://registry.npmjs.org/@img%2fsharp-linux-riscv64 73ms (cache miss)
2047 silly packumentCache full:https://registry.npmjs.org/@img%2fsharp-linux-riscv64 set size:undefined disposed:false
2048 silly fetch manifest @img/sharp-libvips-linux-s390x@1.2.4
2049 silly packumentCache full:https://registry.npmjs.org/@img%2fsharp-libvips-linux-s390x cache-miss
2050 http fetch GET 200 https://registry.npmjs.org/@img%2fsharp-linux-s390x 102ms (cache miss)
2051 silly packumentCache full:https://registry.npmjs.org/@img%2fsharp-linux-s390x set size:undefined disposed:false
2052 silly fetch manifest @img/sharp-libvips-darwin-arm64@1.2.4
2053 silly packumentCache full:https://registry.npmjs.org/@img%2fsharp-libvips-darwin-arm64 cache-miss
2054 http fetch GET 200 https://registry.npmjs.org/@img%2fsharp-darwin-arm64 89ms (cache miss)
2055 silly packumentCache full:https://registry.npmjs.org/@img%2fsharp-darwin-arm64 set size:undefined disposed:false
2056 silly fetch manifest @img/sharp-libvips-linux-riscv64@1.2.4
2057 silly packumentCache full:https://registry.npmjs.org/@img%2fsharp-libvips-linux-riscv64 cache-miss
2058 http fetch GET 200 https://registry.npmjs.org/@img%2fsharp-linuxmusl-x64 80ms (cache miss)
2059 silly packumentCache full:https://registry.npmjs.org/@img%2fsharp-linuxmusl-x64 set size:undefined disposed:false
2060 silly fetch manifest @img/sharp-libvips-linuxmusl-x64@1.2.4
2061 silly packumentCache full:https://registry.npmjs.org/@img%2fsharp-libvips-linuxmusl-x64 cache-miss
2062 http fetch GET 200 https://registry.npmjs.org/@img%2fsharp-darwin-x64 201ms (cache miss)
2063 silly packumentCache full:https://registry.npmjs.org/@img%2fsharp-darwin-x64 set size:undefined disposed:false
2064 silly fetch manifest @img/sharp-libvips-linuxmusl-arm64@1.2.4
2065 silly packumentCache full:https://registry.npmjs.org/@img%2fsharp-libvips-linuxmusl-arm64 cache-miss
2066 http fetch GET 200 https://registry.npmjs.org/@img%2fsharp-linuxmusl-arm64 101ms (cache miss)
2067 silly packumentCache full:https://registry.npmjs.org/@img%2fsharp-linuxmusl-arm64 set size:undefined disposed:false
2068 silly fetch manifest client-only@0.0.1
2069 silly packumentCache full:https://registry.npmjs.org/client-only cache-miss
2070 http fetch GET 200 https://registry.npmjs.org/@img%2fsharp-libvips-darwin-arm64 86ms (cache miss)
2071 silly packumentCache full:https://registry.npmjs.org/@img%2fsharp-libvips-darwin-arm64 set size:undefined disposed:false
2072 http fetch GET 200 https://registry.npmjs.org/@img%2fsharp-libvips-linux-ppc64 101ms (cache miss)
2073 silly packumentCache full:https://registry.npmjs.org/@img%2fsharp-libvips-linux-ppc64 set size:undefined disposed:false
2074 http fetch GET 200 https://registry.npmjs.org/@img%2fsharp-libvips-linux-x64 128ms (cache miss)
2075 silly packumentCache full:https://registry.npmjs.org/@img%2fsharp-libvips-linux-x64 set size:undefined disposed:false
2076 http fetch GET 200 https://registry.npmjs.org/@img%2fsharp-libvips-linux-arm 139ms (cache miss)
2077 silly packumentCache full:https://registry.npmjs.org/@img%2fsharp-libvips-linux-arm set size:undefined disposed:false
2078 http fetch GET 200 https://registry.npmjs.org/@img%2fsharp-libvips-linuxmusl-x64 93ms (cache miss)
2079 silly packumentCache full:https://registry.npmjs.org/@img%2fsharp-libvips-linuxmusl-x64 set size:undefined disposed:false
2080 http fetch GET 200 https://registry.npmjs.org/@img%2fsharp-libvips-darwin-x64 136ms (cache miss)
2081 silly packumentCache full:https://registry.npmjs.org/@img%2fsharp-libvips-darwin-x64 set size:undefined disposed:false
2082 http fetch GET 200 https://registry.npmjs.org/@img%2fsharp-libvips-linux-arm64 135ms (cache miss)
2083 silly packumentCache full:https://registry.npmjs.org/@img%2fsharp-libvips-linux-arm64 set size:undefined disposed:false
2084 http fetch GET 200 https://registry.npmjs.org/@img%2fsharp-libvips-linux-riscv64 118ms (cache miss)
2085 silly packumentCache full:https://registry.npmjs.org/@img%2fsharp-libvips-linux-riscv64 set size:undefined disposed:false
2086 http fetch GET 200 https://registry.npmjs.org/@img%2fsharp-libvips-linux-s390x 127ms (cache miss)
2087 silly packumentCache full:https://registry.npmjs.org/@img%2fsharp-libvips-linux-s390x set size:undefined disposed:false
2088 http fetch GET 200 https://registry.npmjs.org/client-only 77ms (cache miss)
2089 silly packumentCache full:https://registry.npmjs.org/client-only set size:undefined disposed:false
2090 http fetch GET 200 https://registry.npmjs.org/@img%2fsharp-libvips-linuxmusl-arm64 143ms (cache miss)
2091 silly packumentCache full:https://registry.npmjs.org/@img%2fsharp-libvips-linuxmusl-arm64 set size:undefined disposed:false
2092 silly placeDep ROOT tslib@2.8.1 OK for: @swc/helpers@0.5.15 want: ^2.8.0
2093 silly placeDep ROOT deep-is@0.1.4 OK for: optionator@0.9.4 want: ^0.1.3
2094 silly placeDep ROOT fast-levenshtein@2.0.6 OK for: optionator@0.9.4 want: ^2.0.6
2095 silly placeDep ROOT word-wrap@1.2.5 OK for: optionator@0.9.4 want: ^1.2.5
2096 silly placeDep ROOT p-limit@3.1.0 OK for: p-locate@5.0.0 want: ^3.0.2
2097 silly fetch manifest yocto-queue@^0.1.0
2098 silly packumentCache full:https://registry.npmjs.org/yocto-queue cache-miss
2099 http fetch GET 200 https://registry.npmjs.org/yocto-queue 70ms (cache miss)
2100 silly packumentCache full:https://registry.npmjs.org/yocto-queue set size:undefined disposed:false
2101 silly placeDep ROOT yocto-queue@0.1.0 OK for: p-limit@3.1.0 want: ^0.1.0
2102 silly placeDep ROOT callsites@3.1.0 OK for: parent-module@1.0.1 want: ^3.0.0
2103 silly placeDep ROOT nanoid@3.3.17 OK for: postcss@8.5.25 want: ^3.3.16
2104 silly placeDep ROOT source-map-js@1.2.1 OK for: postcss@8.5.25 want: ^1.2.1
2105 silly placeDep ROOT loose-envify@1.4.0 OK for: prop-types@15.8.1 want: ^1.4.0
2106 silly placeDep ROOT object-assign@4.1.1 OK for: prop-types@15.8.1 want: ^4.1.1
2107 silly placeDep ROOT react-is@16.13.1 OK for: prop-types@15.8.1 want: ^16.13.1
2108 silly fetch manifest js-tokens@^3.0.0 || ^4.0.0
2109 silly packumentCache full:https://registry.npmjs.org/js-tokens cache-miss
2110 http fetch GET 200 https://registry.npmjs.org/js-tokens 86ms (cache miss)
2111 silly packumentCache full:https://registry.npmjs.org/js-tokens set size:undefined disposed:false
2112 silly placeDep ROOT js-tokens@4.0.0 OK for: loose-envify@1.4.0 want: ^3.0.0 || ^4.0.0
2113 silly placeDep ROOT scheduler@0.27.0 OK for: react-dom@19.2.8 want: ^0.27.0
2114 silly placeDep ROOT node-exports-info@1.6.2 OK for: resolve@2.0.0-next.7 want: ^1.6.0
2115 silly placeDep ROOT path-parse@1.0.7 OK for: resolve@2.0.0-next.7 want: ^1.0.7
2116 silly placeDep ROOT supports-preserve-symlinks-flag@1.0.0 OK for: resolve@2.0.0-next.7 want: ^1.0.0
2117 silly placeDep node_modules/node-exports-info semver@6.3.1 OK for: node-exports-info@1.6.2 want: ^6.3.1
2118 silly placeDep ROOT queue-microtask@1.2.3 OK for: run-parallel@1.2.0 want: ^1.2.2
2119 silly placeDep ROOT isarray@2.0.5 OK for: safe-array-concat@1.1.4 want: ^2.0.5
2120 silly placeDep ROOT @img/colour@1.1.0 OK for: sharp@0.34.5 want: ^1.0.0
2121 silly placeDep ROOT @img/sharp-darwin-arm64@0.34.5 OK for: sharp@0.34.5 want: 0.34.5
2122 silly placeDep ROOT @img/sharp-darwin-x64@0.34.5 OK for: sharp@0.34.5 want: 0.34.5
2123 silly placeDep ROOT @img/sharp-libvips-darwin-arm64@1.2.4 OK for: sharp@0.34.5 want: 1.2.4
2124 silly placeDep ROOT @img/sharp-libvips-darwin-x64@1.2.4 OK for: sharp@0.34.5 want: 1.2.4
2125 silly placeDep ROOT @img/sharp-libvips-linux-arm@1.2.4 OK for: sharp@0.34.5 want: 1.2.4
2126 silly placeDep ROOT @img/sharp-libvips-linux-arm64@1.2.4 OK for: sharp@0.34.5 want: 1.2.4
2127 silly placeDep ROOT @img/sharp-libvips-linux-ppc64@1.2.4 OK for: sharp@0.34.5 want: 1.2.4
2128 silly placeDep ROOT @img/sharp-libvips-linux-riscv64@1.2.4 OK for: sharp@0.34.5 want: 1.2.4
2129 silly placeDep ROOT @img/sharp-libvips-linux-s390x@1.2.4 OK for: sharp@0.34.5 want: 1.2.4
2130 silly placeDep ROOT @img/sharp-libvips-linux-x64@1.2.4 OK for: sharp@0.34.5 want: 1.2.4
2131 silly placeDep ROOT @img/sharp-libvips-linuxmusl-arm64@1.2.4 OK for: sharp@0.34.5 want: 1.2.4
2132 silly placeDep ROOT @img/sharp-libvips-linuxmusl-x64@1.2.4 OK for: sharp@0.34.5 want: 1.2.4
2133 silly placeDep ROOT @img/sharp-linux-arm@0.34.5 OK for: sharp@0.34.5 want: 0.34.5
2134 silly placeDep ROOT @img/sharp-linux-arm64@0.34.5 OK for: sharp@0.34.5 want: 0.34.5
2135 silly placeDep ROOT @img/sharp-linux-ppc64@0.34.5 OK for: sharp@0.34.5 want: 0.34.5
2136 silly placeDep ROOT @img/sharp-linux-riscv64@0.34.5 OK for: sharp@0.34.5 want: 0.34.5
2137 silly placeDep ROOT @img/sharp-linux-s390x@0.34.5 OK for: sharp@0.34.5 want: 0.34.5
2138 silly placeDep ROOT @img/sharp-linux-x64@0.34.5 OK for: sharp@0.34.5 want: 0.34.5
2139 silly placeDep ROOT @img/sharp-linuxmusl-arm64@0.34.5 OK for: sharp@0.34.5 want: 0.34.5
2140 silly placeDep ROOT @img/sharp-linuxmusl-x64@0.34.5 OK for: sharp@0.34.5 want: 0.34.5
2141 silly placeDep ROOT @img/sharp-wasm32@0.34.5 OK for: sharp@0.34.5 want: 0.34.5
2142 silly placeDep ROOT @img/sharp-win32-arm64@0.34.5 OK for: sharp@0.34.5 want: 0.34.5
2143 silly placeDep ROOT @img/sharp-win32-ia32@0.34.5 OK for: sharp@0.34.5 want: 0.34.5
2144 silly placeDep ROOT @img/sharp-win32-x64@0.34.5 OK for: sharp@0.34.5 want: 0.34.5
2145 silly placeDep ROOT detect-libc@2.1.2 OK for: sharp@0.34.5 want: ^2.1.2
2146 silly fetch manifest @emnapi/runtime@^1.7.0
2147 silly packumentCache full:https://registry.npmjs.org/@emnapi%2fruntime cache-miss
2148 http fetch GET 200 https://registry.npmjs.org/@emnapi%2fruntime 149ms (cache miss)
2149 silly packumentCache full:https://registry.npmjs.org/@emnapi%2fruntime set size:undefined disposed:false
2150 silly placeDep ROOT @emnapi/runtime@1.11.3 OK for: @img/sharp-wasm32@0.34.5 want: ^1.7.0
2151 silly placeDep ROOT shebang-regex@3.0.0 OK for: shebang-command@2.0.0 want: ^3.0.0
2152 silly placeDep ROOT side-channel-list@1.0.1 OK for: side-channel@1.1.1 want: ^1.0.1
2153 silly placeDep ROOT side-channel-map@1.0.1 OK for: side-channel@1.1.1 want: ^1.0.1
2154 silly placeDep ROOT side-channel-weakmap@1.0.2 OK for: side-channel@1.1.1 want: ^1.0.2
2155 silly placeDep ROOT client-only@0.0.1 OK for: styled-jsx@5.1.6 want: 0.0.1
2156 silly placeDep ROOT has-flag@4.0.0 OK for: supports-color@7.2.0 want: ^4.0.0
2157 silly fetch manifest postcss@^8.4.47
2158 silly packumentCache full:https://registry.npmjs.org/postcss cache-hit
2159 silly fetch manifest tsx@^4.8.1
2160 silly packumentCache full:https://registry.npmjs.org/tsx cache-miss
2161 http fetch GET 200 https://registry.npmjs.org/tsx 239ms (cache miss)
2162 silly packumentCache full:https://registry.npmjs.org/tsx set size:undefined disposed:false
2163 silly fetch manifest yaml@^2.4.2
2164 silly packumentCache full:https://registry.npmjs.org/yaml cache-miss
2165 http fetch GET 200 https://registry.npmjs.org/yaml 137ms (cache miss)
2166 silly packumentCache full:https://registry.npmjs.org/yaml set size:undefined disposed:false
2167 silly placeDep ROOT @alloc/quick-lru@5.2.0 OK for: tailwindcss@3.4.19 want: ^5.2.0
2168 silly placeDep ROOT arg@5.0.2 OK for: tailwindcss@3.4.19 want: ^5.0.2
2169 silly placeDep ROOT chokidar@3.6.0 OK for: tailwindcss@3.4.19 want: ^3.6.0
2170 silly placeDep ROOT didyoumean@1.2.2 OK for: tailwindcss@3.4.19 want: ^1.2.2
2171 silly placeDep ROOT dlv@1.1.3 OK for: tailwindcss@3.4.19 want: ^1.1.3
2172 silly placeDep node_modules/tailwindcss fast-glob@3.3.3 OK for: tailwindcss@3.4.19 want: ^3.3.2
2173 silly placeDep ROOT jiti@1.21.7 OK for: tailwindcss@3.4.19 want: ^1.21.7
2174 silly placeDep ROOT lilconfig@3.1.3 OK for: tailwindcss@3.4.19 want: ^3.1.3
2175 silly placeDep ROOT normalize-path@3.0.0 OK for: tailwindcss@3.4.19 want: ^3.0.0
2176 silly placeDep ROOT object-hash@3.0.0 OK for: tailwindcss@3.4.19 want: ^3.0.0
2177 silly placeDep ROOT postcss-import@15.1.0 OK for: tailwindcss@3.4.19 want: ^15.1.0
2178 silly placeDep ROOT postcss-js@4.1.0 OK for: tailwindcss@3.4.19 want: ^4.0.1
2179 silly placeDep ROOT postcss-load-config@6.0.1 OK for: tailwindcss@3.4.19 want: ^4.0.2 || ^5.0 || ^6.0
2180 silly placeDep ROOT postcss-nested@6.2.0 OK for: tailwindcss@3.4.19 want: ^6.2.0
2181 silly placeDep ROOT postcss-selector-parser@6.1.4 OK for: tailwindcss@3.4.19 want: ^6.1.2
2182 silly placeDep node_modules/tailwindcss resolve@1.22.12 OK for: tailwindcss@3.4.19 want: ^1.22.8
2183 silly placeDep ROOT sucrase@3.35.1 OK for: tailwindcss@3.4.19 want: ^3.35.0
2184 silly fetch manifest anymatch@~3.1.2
2185 silly packumentCache full:https://registry.npmjs.org/anymatch cache-miss
2186 silly fetch manifest readdirp@~3.6.0
2187 silly packumentCache full:https://registry.npmjs.org/readdirp cache-miss
2188 silly fetch manifest glob-parent@~5.1.2
2189 silly packumentCache full:https://registry.npmjs.org/glob-parent cache-hit
2190 silly fetch manifest is-binary-path@~2.1.0
2191 silly packumentCache full:https://registry.npmjs.org/is-binary-path cache-miss
2192 silly fetch manifest normalize-path@~3.0.0
2193 silly packumentCache full:https://registry.npmjs.org/normalize-path cache-miss
2194 silly fetch manifest fsevents@~2.3.2
2195 silly packumentCache full:https://registry.npmjs.org/fsevents cache-miss
2196 silly fetch manifest resolve@^1.1.7
2197 silly packumentCache full:https://registry.npmjs.org/resolve cache-hit
2198 silly fetch manifest read-cache@^1.0.0
2199 silly packumentCache full:https://registry.npmjs.org/read-cache cache-miss
2200 silly fetch manifest camelcase-css@^2.0.1
2201 silly packumentCache full:https://registry.npmjs.org/camelcase-css cache-miss
2202 silly fetch manifest postcss-selector-parser@^6.1.1
2203 silly packumentCache full:https://registry.npmjs.org/postcss-selector-parser cache-miss
2204 silly fetch manifest cssesc@^3.0.0
2205 silly packumentCache full:https://registry.npmjs.org/cssesc cache-miss
2206 silly fetch manifest util-deprecate@^1.0.2
2207 silly packumentCache full:https://registry.npmjs.org/util-deprecate cache-miss
2208 silly fetch manifest @jridgewell/gen-mapping@^0.3.2
2209 silly packumentCache full:https://registry.npmjs.org/@jridgewell%2fgen-mapping cache-miss
2210 http cache https://registry.npmjs.org/normalize-path 21ms (cache hit)
2211 silly packumentCache full:https://registry.npmjs.org/normalize-path set size:28713 disposed:false
2212 silly fetch manifest commander@^4.0.0
2213 silly packumentCache full:https://registry.npmjs.org/commander cache-miss
2214 http cache https://registry.npmjs.org/postcss-selector-parser 23ms (cache hit)
2215 silly packumentCache full:https://registry.npmjs.org/postcss-selector-parser set size:193966 disposed:false
2216 silly fetch manifest lines-and-columns@^1.1.6
2217 silly packumentCache full:https://registry.npmjs.org/lines-and-columns cache-miss
2218 http fetch GET 200 https://registry.npmjs.org/read-cache 78ms (cache miss)
2219 silly packumentCache full:https://registry.npmjs.org/read-cache set size:undefined disposed:false
2220 silly fetch manifest mz@^2.7.0
2221 silly packumentCache full:https://registry.npmjs.org/mz cache-miss
2222 http fetch GET 200 https://registry.npmjs.org/cssesc 80ms (cache miss)
2223 silly packumentCache full:https://registry.npmjs.org/cssesc set size:undefined disposed:false
2224 silly fetch manifest pirates@^4.0.1
2225 silly packumentCache full:https://registry.npmjs.org/pirates cache-miss
2226 http fetch GET 200 https://registry.npmjs.org/anymatch 85ms (cache miss)
2227 silly packumentCache full:https://registry.npmjs.org/anymatch set size:undefined disposed:false
2228 silly fetch manifest ts-interface-checker@^0.1.9
2229 silly packumentCache full:https://registry.npmjs.org/ts-interface-checker cache-miss
2230 http fetch GET 200 https://registry.npmjs.org/util-deprecate 86ms (cache miss)
2231 silly packumentCache full:https://registry.npmjs.org/util-deprecate set size:undefined disposed:false
2232 http fetch GET 200 https://registry.npmjs.org/is-binary-path 91ms (cache miss)
2233 silly packumentCache full:https://registry.npmjs.org/is-binary-path set size:undefined disposed:false
2234 http fetch GET 200 https://registry.npmjs.org/camelcase-css 92ms (cache miss)
2235 silly packumentCache full:https://registry.npmjs.org/camelcase-css set size:undefined disposed:false
2236 http fetch GET 200 https://registry.npmjs.org/lines-and-columns 71ms (cache miss)
2237 silly packumentCache full:https://registry.npmjs.org/lines-and-columns set size:undefined disposed:false
2238 http fetch GET 200 https://registry.npmjs.org/readdirp 101ms (cache miss)
2239 silly packumentCache full:https://registry.npmjs.org/readdirp set size:undefined disposed:false
2240 http fetch GET 200 https://registry.npmjs.org/@jridgewell%2fgen-mapping 123ms (cache miss)
2241 silly packumentCache full:https://registry.npmjs.org/@jridgewell%2fgen-mapping set size:undefined disposed:false
2242 http fetch GET 200 https://registry.npmjs.org/pirates 80ms (cache miss)
2243 silly packumentCache full:https://registry.npmjs.org/pirates set size:undefined disposed:false
2244 http fetch GET 200 https://registry.npmjs.org/mz 86ms (cache miss)
2245 silly packumentCache full:https://registry.npmjs.org/mz set size:undefined disposed:false
2246 http fetch GET 200 https://registry.npmjs.org/ts-interface-checker 94ms (cache miss)
2247 silly packumentCache full:https://registry.npmjs.org/ts-interface-checker set size:undefined disposed:false
2248 http fetch GET 200 https://registry.npmjs.org/fsevents 194ms (cache miss)
2249 silly packumentCache full:https://registry.npmjs.org/fsevents set size:undefined disposed:false
2250 http fetch GET 200 https://registry.npmjs.org/commander 332ms (cache miss)
2251 silly packumentCache full:https://registry.npmjs.org/commander set size:undefined disposed:false
2252 silly placeDep ROOT anymatch@3.1.3 OK for: chokidar@3.6.0 want: ~3.1.2
2253 silly placeDep ROOT fsevents@2.3.3 OK for: chokidar@3.6.0 want: ~2.3.2
2254 silly placeDep node_modules/chokidar glob-parent@5.1.2 OK for: chokidar@3.6.0 want: ~5.1.2
2255 silly placeDep ROOT is-binary-path@2.1.0 OK for: chokidar@3.6.0 want: ~2.1.0
2256 silly placeDep ROOT readdirp@3.6.0 OK for: chokidar@3.6.0 want: ~3.6.0
2257 silly fetch manifest binary-extensions@^2.0.0
2258 silly packumentCache full:https://registry.npmjs.org/binary-extensions cache-miss
2259 http fetch GET 200 https://registry.npmjs.org/binary-extensions 81ms (cache miss)
2260 silly packumentCache full:https://registry.npmjs.org/binary-extensions set size:undefined disposed:false
2261 silly placeDep ROOT binary-extensions@2.3.0 OK for: is-binary-path@2.1.0 want: ^2.0.0
2262 silly placeDep ROOT read-cache@1.0.0 OK for: postcss-import@15.1.0 want: ^1.0.0
2263 silly placeDep node_modules/postcss-import resolve@1.22.12 OK for: postcss-import@15.1.0 want: ^1.1.7
2264 silly fetch manifest pify@^2.3.0
2265 silly packumentCache full:https://registry.npmjs.org/pify cache-miss
2266 http fetch GET 200 https://registry.npmjs.org/pify 124ms (cache miss)
2267 silly packumentCache full:https://registry.npmjs.org/pify set size:undefined disposed:false
2268 silly placeDep ROOT camelcase-css@2.0.1 OK for: postcss-js@4.1.0 want: ^2.0.1
2269 silly placeDep ROOT cssesc@3.0.0 OK for: postcss-selector-parser@6.1.4 want: ^3.0.0
2270 silly placeDep ROOT util-deprecate@1.0.2 OK for: postcss-selector-parser@6.1.4 want: ^1.0.2
2271 silly placeDep ROOT pify@2.3.0 OK for: read-cache@1.0.0 want: ^2.3.0
2272 silly placeDep ROOT @jridgewell/gen-mapping@0.3.13 OK for: sucrase@3.35.1 want: ^0.3.2
2273 silly placeDep ROOT commander@4.1.1 OK for: sucrase@3.35.1 want: ^4.0.0
2274 silly placeDep ROOT lines-and-columns@1.2.4 OK for: sucrase@3.35.1 want: ^1.1.6
2275 silly placeDep ROOT mz@2.7.0 OK for: sucrase@3.35.1 want: ^2.7.0
2276 silly placeDep ROOT pirates@4.0.7 OK for: sucrase@3.35.1 want: ^4.0.1
2277 silly placeDep ROOT ts-interface-checker@0.1.13 OK for: sucrase@3.35.1 want: ^0.1.9
2278 silly fetch manifest @jridgewell/trace-mapping@^0.3.24
2279 silly packumentCache full:https://registry.npmjs.org/@jridgewell%2ftrace-mapping cache-miss
2280 silly fetch manifest @jridgewell/sourcemap-codec@^1.5.0
2281 silly packumentCache full:https://registry.npmjs.org/@jridgewell%2fsourcemap-codec cache-miss
2282 silly fetch manifest any-promise@^1.0.0
2283 silly packumentCache full:https://registry.npmjs.org/any-promise cache-miss
2284 silly fetch manifest thenify-all@^1.0.0
2285 silly packumentCache full:https://registry.npmjs.org/thenify-all cache-miss
2286 http fetch GET 200 https://registry.npmjs.org/any-promise 232ms (cache miss)
2287 silly packumentCache full:https://registry.npmjs.org/any-promise set size:undefined disposed:false
2288 http fetch GET 200 https://registry.npmjs.org/@jridgewell%2fsourcemap-codec 253ms (cache miss)
2289 silly packumentCache full:https://registry.npmjs.org/@jridgewell%2fsourcemap-codec set size:undefined disposed:false
2290 http fetch GET 200 https://registry.npmjs.org/thenify-all 273ms (cache miss)
2291 silly packumentCache full:https://registry.npmjs.org/thenify-all set size:undefined disposed:false
2292 http fetch GET 200 https://registry.npmjs.org/@jridgewell%2ftrace-mapping 350ms (cache miss)
2293 silly packumentCache full:https://registry.npmjs.org/@jridgewell%2ftrace-mapping set size:undefined disposed:false
2294 silly placeDep ROOT @jridgewell/sourcemap-codec@1.5.5 OK for: @jridgewell/gen-mapping@0.3.13 want: ^1.5.0
2295 silly placeDep ROOT @jridgewell/trace-mapping@0.3.31 OK for: @jridgewell/gen-mapping@0.3.13 want: ^0.3.24
2296 silly fetch manifest @jridgewell/resolve-uri@^3.1.0
2297 silly packumentCache full:https://registry.npmjs.org/@jridgewell%2fresolve-uri cache-miss
2298 http fetch GET 200 https://registry.npmjs.org/@jridgewell%2fresolve-uri 117ms (cache miss)
2299 silly packumentCache full:https://registry.npmjs.org/@jridgewell%2fresolve-uri set size:undefined disposed:false
2300 silly placeDep ROOT @jridgewell/resolve-uri@3.1.2 OK for: @jridgewell/trace-mapping@0.3.31 want: ^3.1.0
2301 silly placeDep ROOT any-promise@1.3.0 OK for: mz@2.7.0 want: ^1.0.0
2302 silly placeDep ROOT thenify-all@1.6.0 OK for: mz@2.7.0 want: ^1.0.0
2303 silly fetch manifest thenify@>= 3.1.0 < 4
2304 silly packumentCache full:https://registry.npmjs.org/thenify cache-miss
2305 http fetch GET 200 https://registry.npmjs.org/thenify 163ms (cache miss)
2306 silly packumentCache full:https://registry.npmjs.org/thenify set size:undefined disposed:false
2307 silly placeDep ROOT thenify@3.3.1 OK for: thenify-all@1.6.0 want: >= 3.1.0 < 4
2308 silly placeDep node_modules/tinyglobby fdir@6.5.0 OK for: tinyglobby@0.2.17 want: ^6.5.0
2309 silly placeDep node_modules/tinyglobby picomatch@4.0.5 OK for: fdir@6.5.0 want: ^3 || ^4
2310 silly placeDep ROOT is-number@7.0.0 OK for: to-regex-range@5.0.1 want: ^7.0.0
2311 silly placeDep ROOT @types/json5@0.0.29 OK for: tsconfig-paths@3.15.0 want: ^0.0.29
2312 silly placeDep ROOT json5@1.0.2 OK for: tsconfig-paths@3.15.0 want: ^1.0.2
2313 silly placeDep ROOT minimist@1.2.8 OK for: tsconfig-paths@3.15.0 want: ^1.2.6
2314 silly placeDep ROOT strip-bom@3.0.0 OK for: tsconfig-paths@3.15.0 want: ^3.0.0
2315 silly fetch manifest minimist@^1.2.0
2316 silly packumentCache full:https://registry.npmjs.org/minimist cache-miss
2317 http cache https://registry.npmjs.org/minimist 8ms (cache hit)
2318 silly packumentCache full:https://registry.npmjs.org/minimist set size:77063 disposed:false
2319 silly placeDep ROOT for-each@0.3.5 OK for: typed-array-byte-length@1.0.3 want: ^0.3.3
2320 silly placeDep ROOT reflect.getprototypeof@1.0.10 OK for: typed-array-byte-offset@1.0.4 want: ^1.0.9
2321 silly fetch manifest which-builtin-type@^1.2.1
2322 silly packumentCache full:https://registry.npmjs.org/which-builtin-type cache-miss
2323 http fetch GET 200 https://registry.npmjs.org/which-builtin-type 177ms (cache miss)
2324 silly packumentCache full:https://registry.npmjs.org/which-builtin-type set size:undefined disposed:false
2325 silly placeDep ROOT which-builtin-type@1.2.1 OK for: reflect.getprototypeof@1.0.10 want: ^1.2.1
2326 silly fetch manifest is-async-function@^2.0.0
2327 silly packumentCache full:https://registry.npmjs.org/is-async-function cache-miss
2328 silly fetch manifest is-finalizationregistry@^1.1.0
2329 silly packumentCache full:https://registry.npmjs.org/is-finalizationregistry cache-miss
2330 silly fetch manifest is-generator-function@^1.0.10
2331 silly packumentCache full:https://registry.npmjs.org/is-generator-function cache-miss
2332 silly fetch manifest which-boxed-primitive@^1.1.0
2333 silly packumentCache full:https://registry.npmjs.org/which-boxed-primitive cache-miss
2334 silly fetch manifest which-collection@^1.0.2
2335 silly packumentCache full:https://registry.npmjs.org/which-collection cache-miss
2336 http cache https://registry.npmjs.org/which-boxed-primitive 8ms (cache hit)
2337 silly packumentCache full:https://registry.npmjs.org/which-boxed-primitive set size:19407 disposed:false
2338 http fetch GET 200 https://registry.npmjs.org/is-generator-function 90ms (cache miss)
2339 silly packumentCache full:https://registry.npmjs.org/is-generator-function set size:undefined disposed:false
2340 http fetch GET 200 https://registry.npmjs.org/is-finalizationregistry 93ms (cache miss)
2341 silly packumentCache full:https://registry.npmjs.org/is-finalizationregistry set size:undefined disposed:false
2342 http fetch GET 200 https://registry.npmjs.org/which-collection 95ms (cache miss)
2343 silly packumentCache full:https://registry.npmjs.org/which-collection set size:undefined disposed:false
2344 http fetch GET 200 https://registry.npmjs.org/is-async-function 102ms (cache miss)
2345 silly packumentCache full:https://registry.npmjs.org/is-async-function set size:undefined disposed:false
2346 silly placeDep ROOT has-bigints@1.1.0 OK for: unbox-primitive@1.1.0 want: ^1.0.2
2347 silly placeDep ROOT which-boxed-primitive@1.1.1 OK for: unbox-primitive@1.1.0 want: ^1.1.1
2348 silly fetch manifest is-bigint@^1.1.0
2349 silly packumentCache full:https://registry.npmjs.org/is-bigint cache-miss
2350 silly fetch manifest is-boolean-object@^1.2.1
2351 silly packumentCache full:https://registry.npmjs.org/is-boolean-object cache-miss
2352 silly fetch manifest is-number-object@^1.1.1
2353 silly packumentCache full:https://registry.npmjs.org/is-number-object cache-miss
2354 http fetch GET 200 https://registry.npmjs.org/is-bigint 112ms (cache miss)
2355 silly packumentCache full:https://registry.npmjs.org/is-bigint set size:undefined disposed:false
2356 http fetch GET 200 https://registry.npmjs.org/is-boolean-object 140ms (cache miss)
2357 silly packumentCache full:https://registry.npmjs.org/is-boolean-object set size:undefined disposed:false
2358 http fetch GET 200 https://registry.npmjs.org/is-number-object 158ms (cache miss)
2359 silly packumentCache full:https://registry.npmjs.org/is-number-object set size:undefined disposed:false
2360 silly placeDep ROOT @unrs/resolver-binding-android-arm-eabi@1.12.2 OK for: unrs-resolver@1.12.2 want: 1.12.2
2361 silly placeDep ROOT @unrs/resolver-binding-android-arm64@1.12.2 OK for: unrs-resolver@1.12.2 want: 1.12.2
2362 silly placeDep ROOT @unrs/resolver-binding-darwin-arm64@1.12.2 OK for: unrs-resolver@1.12.2 want: 1.12.2
2363 silly placeDep ROOT @unrs/resolver-binding-darwin-x64@1.12.2 OK for: unrs-resolver@1.12.2 want: 1.12.2
2364 silly placeDep ROOT @unrs/resolver-binding-freebsd-x64@1.12.2 OK for: unrs-resolver@1.12.2 want: 1.12.2
2365 silly placeDep ROOT @unrs/resolver-binding-linux-arm-gnueabihf@1.12.2 OK for: unrs-resolver@1.12.2 want: 1.12.2
2366 silly placeDep ROOT @unrs/resolver-binding-linux-arm-musleabihf@1.12.2 OK for: unrs-resolver@1.12.2 want: 1.12.2
2367 silly placeDep ROOT @unrs/resolver-binding-linux-arm64-gnu@1.12.2 OK for: unrs-resolver@1.12.2 want: 1.12.2
2368 silly placeDep ROOT @unrs/resolver-binding-linux-arm64-musl@1.12.2 OK for: unrs-resolver@1.12.2 want: 1.12.2
2369 silly placeDep ROOT @unrs/resolver-binding-linux-loong64-gnu@1.12.2 OK for: unrs-resolver@1.12.2 want: 1.12.2
2370 silly placeDep ROOT @unrs/resolver-binding-linux-loong64-musl@1.12.2 OK for: unrs-resolver@1.12.2 want: 1.12.2
2371 silly placeDep ROOT @unrs/resolver-binding-linux-ppc64-gnu@1.12.2 OK for: unrs-resolver@1.12.2 want: 1.12.2
2372 silly placeDep ROOT @unrs/resolver-binding-linux-riscv64-gnu@1.12.2 OK for: unrs-resolver@1.12.2 want: 1.12.2
2373 silly placeDep ROOT @unrs/resolver-binding-linux-riscv64-musl@1.12.2 OK for: unrs-resolver@1.12.2 want: 1.12.2
2374 silly placeDep ROOT @unrs/resolver-binding-linux-s390x-gnu@1.12.2 OK for: unrs-resolver@1.12.2 want: 1.12.2
2375 silly placeDep ROOT @unrs/resolver-binding-linux-x64-gnu@1.12.2 OK for: unrs-resolver@1.12.2 want: 1.12.2
2376 silly placeDep ROOT @unrs/resolver-binding-linux-x64-musl@1.12.2 OK for: unrs-resolver@1.12.2 want: 1.12.2
2377 silly placeDep ROOT @unrs/resolver-binding-openharmony-arm64@1.12.2 OK for: unrs-resolver@1.12.2 want: 1.12.2
2378 silly placeDep ROOT @unrs/resolver-binding-wasm32-wasi@1.12.2 OK for: unrs-resolver@1.12.2 want: 1.12.2
2379 silly placeDep ROOT @unrs/resolver-binding-win32-arm64-msvc@1.12.2 OK for: unrs-resolver@1.12.2 want: 1.12.2
2380 silly placeDep ROOT @unrs/resolver-binding-win32-ia32-msvc@1.12.2 OK for: unrs-resolver@1.12.2 want: 1.12.2
2381 silly placeDep ROOT @unrs/resolver-binding-win32-x64-msvc@1.12.2 OK for: unrs-resolver@1.12.2 want: 1.12.2
2382 silly placeDep ROOT napi-postinstall@0.3.4 OK for: unrs-resolver@1.12.2 want: ^0.3.4
2383 silly fetch manifest @napi-rs/wasm-runtime@^1.1.4
2384 silly packumentCache full:https://registry.npmjs.org/@napi-rs%2fwasm-runtime cache-miss
2385 silly fetch manifest @emnapi/core@1.10.0
2386 silly packumentCache full:https://registry.npmjs.org/@emnapi%2fcore cache-miss
2387 silly fetch manifest @emnapi/runtime@1.10.0
2388 silly packumentCache full:https://registry.npmjs.org/@emnapi%2fruntime cache-miss
2389 http cache https://registry.npmjs.org/@emnapi%2fruntime 9ms (cache hit)
2390 silly packumentCache full:https://registry.npmjs.org/@emnapi%2fruntime set size:122916 disposed:false
2391 http fetch GET 200 https://registry.npmjs.org/@emnapi%2fcore 99ms (cache miss)
2392 silly packumentCache full:https://registry.npmjs.org/@emnapi%2fcore set size:undefined disposed:false
2393 http fetch GET 200 https://registry.npmjs.org/@napi-rs%2fwasm-runtime 172ms (cache miss)
2394 silly packumentCache full:https://registry.npmjs.org/@napi-rs%2fwasm-runtime set size:undefined disposed:false
2395 silly placeDep ROOT @emnapi/core@1.10.0 OK for: @unrs/resolver-binding-wasm32-wasi@1.12.2 want: 1.10.0
2396 silly placeDep node_modules/@unrs/resolver-binding-wasm32-wasi @emnapi/runtime@1.10.0 OK for: @unrs/resolver-binding-wasm32-wasi@1.12.2 want: 1.10.0
2397 silly placeDep ROOT @napi-rs/wasm-runtime@1.2.2 OK for: @unrs/resolver-binding-wasm32-wasi@1.12.2 want: ^1.1.4
2398 silly fetch manifest @emnapi/wasi-threads@1.2.1
2399 silly packumentCache full:https://registry.npmjs.org/@emnapi%2fwasi-threads cache-miss
2400 silly fetch manifest @tybys/wasm-util@^0.10.3
2401 silly packumentCache full:https://registry.npmjs.org/@tybys%2fwasm-util cache-miss
2402 http fetch GET 200 https://registry.npmjs.org/@emnapi%2fwasi-threads 80ms (cache miss)
2403 silly packumentCache full:https://registry.npmjs.org/@emnapi%2fwasi-threads set size:undefined disposed:false
2404 http fetch GET 200 https://registry.npmjs.org/@tybys%2fwasm-util 114ms (cache miss)
2405 silly packumentCache full:https://registry.npmjs.org/@tybys%2fwasm-util set size:undefined disposed:false
2406 silly placeDep ROOT @emnapi/wasi-threads@1.2.1 OK for: @emnapi/core@1.10.0 want: 1.2.1
2407 silly placeDep ROOT @tybys/wasm-util@0.10.3 OK for: @napi-rs/wasm-runtime@1.2.2 want: ^0.10.3
2408 silly placeDep ROOT escalade@3.2.0 OK for: update-browserslist-db@1.2.3 want: ^3.2.0
2409 silly placeDep ROOT punycode@2.3.1 OK for: uri-js@4.4.1 want: ^2.1.0
2410 silly placeDep ROOT isexe@2.0.0 OK for: which@2.0.2 want: ^2.0.0
2411 silly placeDep ROOT is-bigint@1.1.0 OK for: which-boxed-primitive@1.1.1 want: ^1.1.0
2412 silly placeDep ROOT is-boolean-object@1.2.2 OK for: which-boxed-primitive@1.1.1 want: ^1.2.1
2413 silly placeDep ROOT is-number-object@1.1.1 OK for: which-boxed-primitive@1.1.1 want: ^1.1.1
2414 silly placeDep ROOT is-async-function@2.1.1 OK for: which-builtin-type@1.2.1 want: ^2.0.0
2415 silly placeDep ROOT is-finalizationregistry@1.1.1 OK for: which-builtin-type@1.2.1 want: ^1.1.0
2416 silly placeDep ROOT is-generator-function@1.1.2 OK for: which-builtin-type@1.2.1 want: ^1.0.10
2417 silly placeDep ROOT which-collection@1.0.2 OK for: which-builtin-type@1.2.1 want: ^1.0.2
2418 silly fetch manifest async-function@^1.0.0
2419 silly packumentCache full:https://registry.npmjs.org/async-function cache-miss
2420 silly fetch manifest generator-function@^2.0.0
2421 silly packumentCache full:https://registry.npmjs.org/generator-function cache-miss
2422 silly fetch manifest is-map@^2.0.3
2423 silly packumentCache full:https://registry.npmjs.org/is-map cache-miss
2424 silly fetch manifest is-weakmap@^2.0.2
2425 silly packumentCache full:https://registry.npmjs.org/is-weakmap cache-miss
2426 silly fetch manifest is-weakset@^2.0.3
2427 silly packumentCache full:https://registry.npmjs.org/is-weakset cache-miss
2428 http fetch GET 200 https://registry.npmjs.org/async-function 73ms (cache miss)
2429 silly packumentCache full:https://registry.npmjs.org/async-function set size:undefined disposed:false
2430 http fetch GET 200 https://registry.npmjs.org/generator-function 82ms (cache miss)
2431 silly packumentCache full:https://registry.npmjs.org/generator-function set size:undefined disposed:false
2432 http fetch GET 200 https://registry.npmjs.org/is-weakset 101ms (cache miss)
2433 silly packumentCache full:https://registry.npmjs.org/is-weakset set size:undefined disposed:false
2434 http fetch GET 200 https://registry.npmjs.org/is-map 103ms (cache miss)
2435 silly packumentCache full:https://registry.npmjs.org/is-map set size:undefined disposed:false
2436 http fetch GET 200 https://registry.npmjs.org/is-weakmap 106ms (cache miss)
2437 silly packumentCache full:https://registry.npmjs.org/is-weakmap set size:undefined disposed:false
2438 silly placeDep ROOT async-function@1.0.0 OK for: is-async-function@2.1.1 want: ^1.0.0
2439 silly placeDep ROOT generator-function@2.0.1 OK for: is-generator-function@1.1.2 want: ^2.0.0
2440 silly placeDep ROOT is-map@2.0.3 OK for: which-collection@1.0.2 want: ^2.0.3
2441 silly placeDep ROOT is-weakmap@2.0.2 OK for: which-collection@1.0.2 want: ^2.0.2
2442 silly placeDep ROOT is-weakset@2.0.4 OK for: which-collection@1.0.2 want: ^2.0.3
2443 silly placeDep node_modules/@typescript-eslint/typescript-estree brace-expansion@5.0.9 OK for: minimatch@10.2.6 want: ^5.0.8
2444 silly fetch manifest balanced-match@^4.0.2
2445 silly packumentCache full:https://registry.npmjs.org/balanced-match cache-miss
2446 http cache https://registry.npmjs.org/balanced-match 13ms (cache hit)
2447 silly packumentCache full:https://registry.npmjs.org/balanced-match set size:39082 disposed:false
2448 silly placeDep node_modules/@typescript-eslint/typescript-estree balanced-match@4.0.4 OK for: brace-expansion@5.0.9 want: ^4.0.2
2449 silly placeDep node_modules/tailwindcss/node_modules/fast-glob glob-parent@5.1.2 OK for: fast-glob@3.3.3 want: ^5.1.2
2450 silly reify moves {}
2451 silly audit bulk request {
2451 silly audit   '@eslint/eslintrc': [ '3.3.6' ],
2451 silly audit   '@radix-ui/react-slot': [ '1.3.3' ],
2451 silly audit   react: [ '19.2.8' ],
2451 silly audit   '@types/node': [ '22.20.1' ],
2451 silly audit   '@types/react': [ '19.2.18' ],
2451 silly audit   '@types/react-dom': [ '19.2.4' ],
2451 silly audit   autoprefixer: [ '10.5.4' ],
2451 silly audit   postcss: [ '8.5.25', '8.4.31' ],
2451 silly audit   axios: [ '1.19.0' ],
2451 silly audit   'class-variance-authority': [ '0.7.1' ],
2451 silly audit   clsx: [ '2.1.1' ],
2451 silly audit   eslint: [ '9.39.5' ],
2451 silly audit   'eslint-config-next': [ '15.5.22' ],
2451 silly audit   'lucide-react': [ '0.468.0' ],
2451 silly audit   next: [ '15.5.22' ],
2451 silly audit   'react-dom': [ '19.2.8' ],
2451 silly audit   'tailwind-merge': [ '2.6.1' ],
2451 silly audit   tailwindcss: [ '3.4.19' ],
2451 silly audit   typescript: [ '5.9.3' ],
2451 silly audit   ajv: [ '6.15.0' ],
2451 silly audit   debug: [ '4.4.3', '3.2.7' ],
2451 silly audit   espree: [ '10.4.0' ],
2451 silly audit   globals: [ '14.0.0' ],
2451 silly audit   ignore: [ '5.3.2', '7.0.6' ],
2451 silly audit   'import-fresh': [ '3.3.1' ],
2451 silly audit   'js-yaml': [ '4.3.1' ],
2451 silly audit   minimatch: [ '3.1.5', '10.2.6' ],
2451 silly audit   'strip-json-comments': [ '3.1.1' ],
2451 silly audit   '@radix-ui/react-compose-refs': [ '1.1.5' ],
2451 silly audit   'undici-types': [ '6.21.0' ],
2451 silly audit   csstype: [ '3.2.3' ],
2451 silly audit   'fast-deep-equal': [ '3.1.3' ],
2451 silly audit   'fast-json-stable-stringify': [ '2.1.0' ],
2451 silly audit   'json-schema-traverse': [ '0.4.1' ],
2451 silly audit   'uri-js': [ '4.4.1' ],
2451 silly audit   browserslist: [ '4.28.7' ],
2451 silly audit   'caniuse-lite': [ '1.0.30001806' ],
2451 silly audit   'fraction.js': [ '5.3.4' ],
2451 silly audit   picocolors: [ '1.1.1' ],
2451 silly audit   'postcss-value-parser': [ '4.2.0' ],
2451 silly audit   'follow-redirects': [ '1.16.0' ],
2451 silly audit   'form-data': [ '4.0.6' ],
2451 silly audit   'https-proxy-agent': [ '5.0.1' ],
2451 silly audit   'proxy-from-env': [ '2.1.0' ],
2451 silly audit   'baseline-browser-mapping': [ '2.11.12' ],
2451 silly audit   'electron-to-chromium': [ '1.5.400' ],
2451 silly audit   'node-releases': [ '2.0.52' ],
2451 silly audit   'update-browserslist-db': [ '1.2.3' ],
2451 silly audit   ms: [ '2.1.3' ],
2451 silly audit   '@eslint-community/eslint-utils': [ '4.10.1' ],
2451 silly audit   '@eslint-community/regexpp': [ '4.12.2' ],
2451 silly audit   '@eslint/config-array': [ '0.21.2' ],
2451 silly audit   '@eslint/config-helpers': [ '0.4.2' ],
2451 silly audit   '@eslint/core': [ '0.17.0' ],
2451 silly audit   '@eslint/js': [ '9.39.5' ],
2451 silly audit   '@eslint/plugin-kit': [ '0.4.1' ],
2451 silly audit   '@humanfs/node': [ '0.16.8' ],
2451 silly audit   '@humanwhocodes/module-importer': [ '1.0.1' ],
2451 silly audit   '@humanwhocodes/retry': [ '0.4.3' ],
2451 silly audit   '@types/estree': [ '1.0.9' ],
2451 silly audit   chalk: [ '4.1.2' ],
2451 silly audit   'cross-spawn': [ '7.0.6' ],
2451 silly audit   'escape-string-regexp': [ '4.0.0' ],
2451 silly audit   'eslint-scope': [ '8.4.0' ],
2451 silly audit   'eslint-visitor-keys': [ '4.2.1', '3.4.3', '5.0.1' ],
2451 silly audit   esquery: [ '1.7.0' ],
2451 silly audit   esutils: [ '2.0.3' ],
2451 silly audit   'file-entry-cache': [ '8.0.0' ],
2451 silly audit   'find-up': [ '5.0.0' ],
2451 silly audit   'glob-parent': [ '6.0.2', '5.1.2' ],
2451 silly audit   imurmurhash: [ '0.1.4' ],
2451 silly audit   'is-glob': [ '4.0.3' ],
2451 silly audit   'json-stable-stringify-without-jsonify': [ '1.0.1' ],
2451 silly audit   'lodash.merge': [ '4.6.2' ],
2451 silly audit   'natural-compare': [ '1.4.0' ],
2451 silly audit   optionator: [ '0.9.4' ],
2451 silly audit   '@eslint/object-schema': [ '2.1.7' ],
2451 silly audit   '@types/json-schema': [ '7.0.15' ],
2451 silly audit   levn: [ '0.4.1' ],
2451 silly audit   '@humanfs/core': [ '0.19.2' ],
2451 silly audit   '@humanfs/types': [ '0.15.0' ],
2451 silly audit   'ansi-styles': [ '4.3.0' ],
2451 silly audit   'supports-color': [ '7.2.0' ],
2451 silly audit   'color-convert': [ '2.0.1' ],
2451 silly audit   'color-name': [ '1.1.4' ],
2451 silly audit   'path-key': [ '3.1.1' ],
2451 silly audit   'shebang-command': [ '2.0.0' ],
2451 silly audit   which: [ '2.0.2' ],
2451 silly audit   '@next/eslint-plugin-next': [ '15.5.22' ],
2451 silly audit   '@rushstack/eslint-patch': [ '1.16.1' ],
2451 silly audit   '@typescript-eslint/eslint-plugin': [ '8.66.0' ],
2451 silly audit   '@typescript-eslint/parser': [ '8.66.0' ],
2451 silly audit   'eslint-import-resolver-node': [ '0.3.10' ],
2451 silly audit   'eslint-import-resolver-typescript': [ '3.10.1' ],
2451 silly audit   'eslint-plugin-import': [ '2.32.0' ],
2451 silly audit   'eslint-plugin-jsx-a11y': [ '6.10.2' ],
2451 silly audit   'eslint-plugin-react': [ '7.37.5' ],
2451 silly audit   'eslint-plugin-react-hooks': [ '5.2.0' ],
2451 silly audit   'fast-glob': [ '3.3.1', '3.3.3' ],
2451 silly audit   '@typescript-eslint/scope-manager': [ '8.66.0' ],
2451 silly audit   '@typescript-eslint/type-utils': [ '8.66.0' ],
2451 silly audit   '@typescript-eslint/utils': [ '8.66.0' ],
2451 silly audit   '@typescript-eslint/visitor-keys': [ '8.66.0' ],
2451 silly audit   'ts-api-utils': [ '2.5.0' ],
2451 silly audit   '@typescript-eslint/types': [ '8.66.0' ],
2451 silly audit   '@typescript-eslint/typescript-estree': [ '8.66.0' ],
2451 silly audit   '@typescript-eslint/project-service': [ '8.66.0' ],
2451 silly audit   '@typescript-eslint/tsconfig-utils': [ '8.66.0' ],
2451 silly audit   semver: [ '7.8.5', '6.3.1' ],
2451 silly audit   tinyglobby: [ '0.2.17' ],
2451 silly audit   'is-core-module': [ '2.16.2' ],
2451 silly audit   resolve: [ '2.0.0-next.7', '1.22.12' ],
2451 silly audit   '@nolyfill/is-core-module': [ '1.0.39' ],
2451 silly audit   'get-tsconfig': [ '4.14.1' ],
2451 silly audit   'is-bun-module': [ '2.0.0' ],
2451 silly audit   'stable-hash': [ '0.0.5' ],
2451 silly audit   'unrs-resolver': [ '1.12.2' ],
2451 silly audit   '@rtsao/scc': [ '1.1.0' ],
2451 silly audit   'array-includes': [ '3.1.9' ],
2451 silly audit   'array.prototype.findlastindex': [ '1.2.6' ],
2451 silly audit   'array.prototype.flat': [ '1.3.3' ],
2451 silly audit   'array.prototype.flatmap': [ '1.3.3' ],
2451 silly audit   doctrine: [ '2.1.0' ],
2451 silly audit   'eslint-module-utils': [ '2.14.0' ],
2451 silly audit   hasown: [ '2.0.4' ],
2451 silly audit   'object.fromentries': [ '2.0.8' ],
2451 silly audit   'object.groupby': [ '1.0.3' ],
2451 silly audit   'object.values': [ '1.2.1' ],
2451 silly audit   'string.prototype.trimend': [ '1.0.10' ],
2451 silly audit   'tsconfig-paths': [ '3.15.0' ],
2451 silly audit   'call-bind': [ '1.0.9' ],
2451 silly audit   'call-bound': [ '1.0.4' ],
2451 silly audit   'define-properties': [ '1.2.1' ],
2451 silly audit   'es-abstract': [ '1.24.2' ],
2451 silly audit   'es-object-atoms': [ '1.1.2' ],
2451 silly audit   'get-intrinsic': [ '1.3.0' ],
2451 silly audit   'is-string': [ '1.1.1' ],
2451 silly audit   'math-intrinsics': [ '1.1.0' ],
2451 silly audit   'es-errors': [ '1.3.0' ],
2451 silly audit   'es-shim-unscopables': [ '1.1.0' ],
2451 silly audit   'call-bind-apply-helpers': [ '1.0.2' ],
2451 silly audit   'es-define-property': [ '1.0.1' ],
2451 silly audit   'set-function-length': [ '1.2.2' ],
2451 silly audit   'function-bind': [ '1.1.2' ],
2451 silly audit   'define-data-property': [ '1.1.4' ],
2451 silly audit   'has-property-descriptors': [ '1.0.2' ],
2451 silly audit   'object-keys': [ '1.1.1' ],
2451 silly audit   gopd: [ '1.2.0' ],
2451 silly audit   'array-buffer-byte-length': [ '1.0.2' ],
2451 silly audit   'arraybuffer.prototype.slice': [ '1.0.4' ],
2451 silly audit   'available-typed-arrays': [ '1.0.7' ],
2451 silly audit   'data-view-buffer': [ '1.0.2' ],
2451 silly audit   'data-view-byte-length': [ '1.0.2' ],
2451 silly audit   'data-view-byte-offset': [ '1.0.1' ],
2451 silly audit   'es-set-tostringtag': [ '2.1.0' ],
2451 silly audit   'es-to-primitive': [ '1.3.4' ],
2451 silly audit   'function.prototype.name': [ '1.2.0' ],
2451 silly audit   'get-proto': [ '1.0.1' ],
2451 silly audit   'get-symbol-description': [ '1.1.0' ],
2451 silly audit   globalthis: [ '1.0.4' ],
2451 silly audit   'has-proto': [ '1.2.0' ],
2451 silly audit   'has-symbols': [ '1.1.0' ],
2451 silly audit   'internal-slot': [ '1.1.0' ],
2451 silly audit   'is-array-buffer': [ '3.0.5' ],
2451 silly audit   'is-callable': [ '1.2.7' ],
2451 silly audit   'is-data-view': [ '1.0.2' ],
2451 silly audit   'is-negative-zero': [ '2.0.3' ],
2451 silly audit   'is-regex': [ '1.2.1' ],
2451 silly audit   'is-set': [ '2.0.3' ],
2451 silly audit   'is-shared-array-buffer': [ '1.0.4' ],
2451 silly audit   'is-typed-array': [ '1.1.15' ],
2451 silly audit   'is-weakref': [ '1.1.1' ],
2451 silly audit   'object-inspect': [ '1.13.4' ],
2451 silly audit   'object.assign': [ '4.1.7' ],
2451 silly audit   'own-keys': [ '1.0.2' ],
2451 silly audit   'regexp.prototype.flags': [ '1.5.4' ],
2451 silly audit   'safe-array-concat': [ '1.1.4' ],
2451 silly audit   'safe-push-apply': [ '1.0.0' ],
2451 silly audit   'safe-regex-test': [ '1.1.0' ],
2451 silly audit   'set-proto': [ '1.0.0' ],
2451 silly audit   'stop-iteration-iterator': [ '1.1.0' ],
2451 silly audit   'string.prototype.trim': [ '1.2.11' ],
2451 silly audit   'string.prototype.trimstart': [ '1.0.8' ],
2451 silly audit   'typed-array-buffer': [ '1.0.3' ],
2451 silly audit   'typed-array-byte-length': [ '1.0.3' ],
2451 silly audit   'typed-array-byte-offset': [ '1.0.4' ],
2451 silly audit   'typed-array-length': [ '1.0.8' ],
2451 silly audit   'unbox-primitive': [ '1.1.0' ],
2451 silly audit   'which-typed-array': [ '1.1.22' ],
2451 silly audit   'possible-typed-array-names': [ '1.1.0' ],
2451 silly audit   'has-tostringtag': [ '1.0.2' ],
2451 silly audit   'es-abstract-get': [ '1.0.0' ],
2451 silly audit   'is-date-object': [ '1.1.0' ],
2451 silly audit   'is-symbol': [ '1.1.1' ],
2451 silly audit   'aria-query': [ '5.3.2' ],
2451 silly audit   'ast-types-flow': [ '0.0.8' ],
2451 silly audit   'axe-core': [ '4.12.1' ],
2451 silly audit   'axobject-query': [ '4.1.0' ],
2451 silly audit   'damerau-levenshtein': [ '1.0.8' ],
2451 silly audit   'emoji-regex': [ '9.2.2' ],
2451 silly audit   'jsx-ast-utils': [ '3.3.5' ],
2451 silly audit   'language-tags': [ '1.0.9' ],
2451 silly audit   'string.prototype.includes': [ '2.0.1' ],
2451 silly audit   'array.prototype.findlast': [ '1.2.5' ],
2451 silly audit   'array.prototype.tosorted': [ '1.1.4' ],
2451 silly audit   'es-iterator-helpers': [ '1.4.0' ],
2451 silly audit   estraverse: [ '5.3.0' ],
2451 silly audit   'object.entries': [ '1.1.9' ],
2451 silly audit   'prop-types': [ '15.8.1' ],
2451 silly audit   'string.prototype.matchall': [ '4.0.12' ],
2451 silly audit   'string.prototype.repeat': [ '1.0.0' ],
2451 silly audit   'iterator.prototype': [ '1.1.5' ],
2451 silly audit   esrecurse: [ '4.3.0' ],
2451 silly audit   acorn: [ '8.18.0' ],
2451 silly audit   'acorn-jsx': [ '5.3.2' ],
2451 silly audit   '@nodelib/fs.stat': [ '2.0.5' ],
2451 silly audit   '@nodelib/fs.walk': [ '1.2.8' ],
2451 silly audit   merge2: [ '1.4.1' ],
2451 silly audit   micromatch: [ '4.0.8' ],
2451 silly audit   '@nodelib/fs.scandir': [ '2.1.5' ],
2451 silly audit   fastq: [ '1.20.1' ],
2451 silly audit   'run-parallel': [ '1.2.0' ],
2451 silly audit   reusify: [ '1.1.0' ],
2451 silly audit   'flat-cache': [ '4.0.1' ],
2451 silly audit   'locate-path': [ '6.0.0' ],
2451 silly audit   'path-exists': [ '4.0.0' ],
2451 silly audit   flatted: [ '3.4.4' ],
2451 silly audit   keyv: [ '4.5.4' ],
2451 silly audit   asynckit: [ '0.4.0' ],
2451 silly audit   'combined-stream': [ '1.0.8' ],
2451 silly audit   'mime-types': [ '2.1.35' ],
2451 silly audit   'delayed-stream': [ '1.0.0' ],
2451 silly audit   'functions-have-names': [ '1.2.3' ],
2451 silly audit   'is-document.all': [ '1.0.0' ],
2451 silly audit   'dunder-proto': [ '1.0.1' ],
2451 silly audit   'resolve-pkg-maps': [ '1.0.0' ],
2451 silly audit   'agent-base': [ '6.0.2' ],
2451 silly audit   'parent-module': [ '1.0.1' ],
2451 silly audit   'resolve-from': [ '4.0.0' ],
2451 silly audit   'side-channel': [ '1.1.1' ],
2451 silly audit   'is-extglob': [ '2.1.1' ],
2451 silly audit   'set-function-name': [ '2.0.2' ],
2451 silly audit   argparse: [ '2.0.1' ],
2451 silly audit   'json-buffer': [ '3.0.1' ],
2451 silly audit   'language-subtag-registry': [ '0.3.23' ],
2451 silly audit   'prelude-ls': [ '1.2.1' ],
2451 silly audit   'type-check': [ '0.4.0' ],
2451 silly audit   'p-locate': [ '5.0.0' ],
2451 silly audit   braces: [ '3.0.3' ],
2451 silly audit   picomatch: [ '2.3.2', '4.0.5' ],
2451 silly audit   'fill-range': [ '7.1.1' ],
2451 silly audit   'to-regex-range': [ '5.0.1' ],
2451 silly audit   'mime-db': [ '1.52.0' ],
2451 silly audit   'brace-expansion': [ '1.1.18', '5.0.9' ],
2451 silly audit   'balanced-match': [ '1.0.2', '4.0.4' ],
2451 silly audit   'concat-map': [ '0.0.1' ],
2451 silly audit   '@next/env': [ '15.5.22' ],
2451 silly audit   '@next/swc-darwin-arm64': [ '15.5.22' ],
2451 silly audit   '@next/swc-darwin-x64': [ '15.5.22' ],
2451 silly audit   '@next/swc-linux-arm64-gnu': [ '15.5.22' ],
2451 silly audit   '@next/swc-linux-arm64-musl': [ '15.5.22' ],
2451 silly audit   '@next/swc-linux-x64-gnu': [ '15.5.22' ],
2451 silly audit   '@next/swc-linux-x64-musl': [ '15.5.22' ],
2451 silly audit   '@next/swc-win32-arm64-msvc': [ '15.5.22' ],
2451 silly audit   '@next/swc-win32-x64-msvc': [ '15.5.22' ],
2451 silly audit   '@swc/helpers': [ '0.5.15' ],
2451 silly audit   sharp: [ '0.34.5' ],
2451 silly audit   'styled-jsx': [ '5.1.6' ],
2451 silly audit   tslib: [ '2.8.1' ],
2451 silly audit   'deep-is': [ '0.1.4' ],
2451 silly audit   'fast-levenshtein': [ '2.0.6' ],
2451 silly audit   'word-wrap': [ '1.2.5' ],
2451 silly audit   'p-limit': [ '3.1.0' ],
2451 silly audit   'yocto-queue': [ '0.1.0' ],
2451 silly audit   callsites: [ '3.1.0' ],
2451 silly audit   nanoid: [ '3.3.17' ],
2451 silly audit   'source-map-js': [ '1.2.1' ],
2451 silly audit   'loose-envify': [ '1.4.0' ],
2451 silly audit   'object-assign': [ '4.1.1' ],
2451 silly audit   'react-is': [ '16.13.1' ],
2451 silly audit   'js-tokens': [ '4.0.0' ],
2451 silly audit   scheduler: [ '0.27.0' ],
2451 silly audit   'node-exports-info': [ '1.6.2' ],
2451 silly audit   'path-parse': [ '1.0.7' ],
2451 silly audit   'supports-preserve-symlinks-flag': [ '1.0.0' ],
2451 silly audit   'queue-microtask': [ '1.2.3' ],
2451 silly audit   isarray: [ '2.0.5' ],
2451 silly audit   '@img/colour': [ '1.1.0' ],
2451 silly audit   '@img/sharp-darwin-arm64': [ '0.34.5' ],
2451 silly audit   '@img/sharp-darwin-x64': [ '0.34.5' ],
2451 silly audit   '@img/sharp-libvips-darwin-arm64': [ '1.2.4' ],
2451 silly audit   '@img/sharp-libvips-darwin-x64': [ '1.2.4' ],
2451 silly audit   '@img/sharp-libvips-linux-arm': [ '1.2.4' ],
2451 silly audit   '@img/sharp-libvips-linux-arm64': [ '1.2.4' ],
2451 silly audit   '@img/sharp-libvips-linux-ppc64': [ '1.2.4' ],
2451 silly audit   '@img/sharp-libvips-linux-riscv64': [ '1.2.4' ],
2451 silly audit   '@img/sharp-libvips-linux-s390x': [ '1.2.4' ],
2451 silly audit   '@img/sharp-libvips-linux-x64': [ '1.2.4' ],
2451 silly audit   '@img/sharp-libvips-linuxmusl-arm64': [ '1.2.4' ],
2451 silly audit   '@img/sharp-libvips-linuxmusl-x64': [ '1.2.4' ],
2451 silly audit   '@img/sharp-linux-arm': [ '0.34.5' ],
2451 silly audit   '@img/sharp-linux-arm64': [ '0.34.5' ],
2451 silly audit   '@img/sharp-linux-ppc64': [ '0.34.5' ],
2451 silly audit   '@img/sharp-linux-riscv64': [ '0.34.5' ],
2451 silly audit   '@img/sharp-linux-s390x': [ '0.34.5' ],
2451 silly audit   '@img/sharp-linux-x64': [ '0.34.5' ],
2451 silly audit   '@img/sharp-linuxmusl-arm64': [ '0.34.5' ],
2451 silly audit   '@img/sharp-linuxmusl-x64': [ '0.34.5' ],
2451 silly audit   '@img/sharp-wasm32': [ '0.34.5' ],
2451 silly audit   '@img/sharp-win32-arm64': [ '0.34.5' ],
2451 silly audit   '@img/sharp-win32-ia32': [ '0.34.5' ],
2451 silly audit   '@img/sharp-win32-x64': [ '0.34.5' ],
2451 silly audit   'detect-libc': [ '2.1.2' ],
2451 silly audit   '@emnapi/runtime': [ '1.11.3', '1.10.0' ],
2451 silly audit   'shebang-regex': [ '3.0.0' ],
2451 silly audit   'side-channel-list': [ '1.0.1' ],
2451 silly audit   'side-channel-map': [ '1.0.1' ],
2451 silly audit   'side-channel-weakmap': [ '1.0.2' ],
2451 silly audit   'client-only': [ '0.0.1' ],
2451 silly audit   'has-flag': [ '4.0.0' ],
2451 silly audit   '@alloc/quick-lru': [ '5.2.0' ],
2451 silly audit   arg: [ '5.0.2' ],
2451 silly audit   chokidar: [ '3.6.0' ],
2451 silly audit   didyoumean: [ '1.2.2' ],
2451 silly audit   dlv: [ '1.1.3' ],
2451 silly audit   jiti: [ '1.21.7' ],
2451 silly audit   lilconfig: [ '3.1.3' ],
2451 silly audit   'normalize-path': [ '3.0.0' ],
2451 silly audit   'object-hash': [ '3.0.0' ],
2451 silly audit   'postcss-import': [ '15.1.0' ],
2451 silly audit   'postcss-js': [ '4.1.0' ],
2451 silly audit   'postcss-load-config': [ '6.0.1' ],
2451 silly audit   'postcss-nested': [ '6.2.0' ],
2451 silly audit   'postcss-selector-parser': [ '6.1.4' ],
2451 silly audit   sucrase: [ '3.35.1' ],
2451 silly audit   anymatch: [ '3.1.3' ],
2451 silly audit   fsevents: [ '2.3.3' ],
2451 silly audit   'is-binary-path': [ '2.1.0' ],
2451 silly audit   readdirp: [ '3.6.0' ],
2451 silly audit   'binary-extensions': [ '2.3.0' ],
2451 silly audit   'read-cache': [ '1.0.0' ],
2451 silly audit   'camelcase-css': [ '2.0.1' ],
2451 silly audit   cssesc: [ '3.0.0' ],
2451 silly audit   'util-deprecate': [ '1.0.2' ],
2451 silly audit   pify: [ '2.3.0' ],
2451 silly audit   '@jridgewell/gen-mapping': [ '0.3.13' ],
2451 silly audit   commander: [ '4.1.1' ],
2451 silly audit   'lines-and-columns': [ '1.2.4' ],
2451 silly audit   mz: [ '2.7.0' ],
2451 silly audit   pirates: [ '4.0.7' ],
2451 silly audit   'ts-interface-checker': [ '0.1.13' ],
2451 silly audit   '@jridgewell/sourcemap-codec': [ '1.5.5' ],
2451 silly audit   '@jridgewell/trace-mapping': [ '0.3.31' ],
2451 silly audit   '@jridgewell/resolve-uri': [ '3.1.2' ],
2451 silly audit   'any-promise': [ '1.3.0' ],
2451 silly audit   'thenify-all': [ '1.6.0' ],
2451 silly audit   thenify: [ '3.3.1' ],
2451 silly audit   fdir: [ '6.5.0' ],
2451 silly audit   'is-number': [ '7.0.0' ],
2451 silly audit   '@types/json5': [ '0.0.29' ],
2451 silly audit   json5: [ '1.0.2' ],
2451 silly audit   minimist: [ '1.2.8' ],
2451 silly audit   'strip-bom': [ '3.0.0' ],
2451 silly audit   'for-each': [ '0.3.5' ],
2451 silly audit   'reflect.getprototypeof': [ '1.0.10' ],
2451 silly audit   'which-builtin-type': [ '1.2.1' ],
2451 silly audit   'has-bigints': [ '1.1.0' ],
2451 silly audit   'which-boxed-primitive': [ '1.1.1' ],
2451 silly audit   '@unrs/resolver-binding-android-arm-eabi': [ '1.12.2' ],
2451 silly audit   '@unrs/resolver-binding-android-arm64': [ '1.12.2' ],
2451 silly audit   '@unrs/resolver-binding-darwin-arm64': [ '1.12.2' ],
2451 silly audit   '@unrs/resolver-binding-darwin-x64': [ '1.12.2' ],
2451 silly audit   '@unrs/resolver-binding-freebsd-x64': [ '1.12.2' ],
2451 silly audit   '@unrs/resolver-binding-linux-arm-gnueabihf': [ '1.12.2' ],
2451 silly audit   '@unrs/resolver-binding-linux-arm-musleabihf': [ '1.12.2' ],
2451 silly audit   '@unrs/resolver-binding-linux-arm64-gnu': [ '1.12.2' ],
2451 silly audit   '@unrs/resolver-binding-linux-arm64-musl': [ '1.12.2' ],
2451 silly audit   '@unrs/resolver-binding-linux-loong64-gnu': [ '1.12.2' ],
2451 silly audit   '@unrs/resolver-binding-linux-loong64-musl': [ '1.12.2' ],
2451 silly audit   '@unrs/resolver-binding-linux-ppc64-gnu': [ '1.12.2' ],
2451 silly audit   '@unrs/resolver-binding-linux-riscv64-gnu': [ '1.12.2' ],
2451 silly audit   '@unrs/resolver-binding-linux-riscv64-musl': [ '1.12.2' ],
2451 silly audit   '@unrs/resolver-binding-linux-s390x-gnu': [ '1.12.2' ],
2451 silly audit   '@unrs/resolver-binding-linux-x64-gnu': [ '1.12.2' ],
2451 silly audit   '@unrs/resolver-binding-linux-x64-musl': [ '1.12.2' ],
2451 silly audit   '@unrs/resolver-binding-openharmony-arm64': [ '1.12.2' ],
2451 silly audit   '@unrs/resolver-binding-wasm32-wasi': [ '1.12.2' ],
2451 silly audit   '@unrs/resolver-binding-win32-arm64-msvc': [ '1.12.2' ],
2451 silly audit   '@unrs/resolver-binding-win32-ia32-msvc': [ '1.12.2' ],
2451 silly audit   '@unrs/resolver-binding-win32-x64-msvc': [ '1.12.2' ],
2451 silly audit   'napi-postinstall': [ '0.3.4' ],
2451 silly audit   '@emnapi/core': [ '1.10.0' ],
2451 silly audit   '@napi-rs/wasm-runtime': [ '1.2.2' ],
2451 silly audit   '@emnapi/wasi-threads': [ '1.2.1' ],
2451 silly audit   '@tybys/wasm-util': [ '0.10.3' ],
2451 silly audit   escalade: [ '3.2.0' ],
2451 silly audit   punycode: [ '2.3.1' ],
2451 silly audit   isexe: [ '2.0.0' ],
2451 silly audit   'is-bigint': [ '1.1.0' ],
2451 silly audit   'is-boolean-object': [ '1.2.2' ],
2451 silly audit   'is-number-object': [ '1.1.1' ],
2451 silly audit   'is-async-function': [ '2.1.1' ],
2451 silly audit   'is-finalizationregistry': [ '1.1.1' ],
2451 silly audit   'is-generator-function': [ '1.1.2' ],
2451 silly audit   'which-collection': [ '1.0.2' ],
2451 silly audit   'async-function': [ '1.0.0' ],
2451 silly audit   'generator-function': [ '2.0.1' ],
2451 silly audit   'is-map': [ '2.0.3' ],
2451 silly audit   'is-weakmap': [ '2.0.2' ],
2451 silly audit   'is-weakset': [ '2.0.4' ]
2451 silly audit }
2452 verbose reify failed optional dependency C:\Users\sh87k\Documents\Codex\2026-08-05\build-phase-1-of-my-e\frontend\node_modules\@unrs\resolver-binding-win32-ia32-msvc
2453 silly reify mark deleted [
2453 silly reify   'C:\\Users\\sh87k\\Documents\\Codex\\2026-08-05\\build-phase-1-of-my-e\\frontend\\node_modules\\@unrs\\resolver-binding-win32-ia32-msvc'
2453 silly reify ]
2454 verbose reify failed optional dependency C:\Users\sh87k\Documents\Codex\2026-08-05\build-phase-1-of-my-e\frontend\node_modules\@unrs\resolver-binding-win32-arm64-msvc
2455 silly reify mark deleted [
2455 silly reify   'C:\\Users\\sh87k\\Documents\\Codex\\2026-08-05\\build-phase-1-of-my-e\\frontend\\node_modules\\@unrs\\resolver-binding-win32-arm64-msvc'
2455 silly reify ]
2456 verbose reify failed optional dependency C:\Users\sh87k\Documents\Codex\2026-08-05\build-phase-1-of-my-e\frontend\node_modules\@unrs\resolver-binding-wasm32-wasi
2457 silly reify mark deleted [
2457 silly reify   'C:\\Users\\sh87k\\Documents\\Codex\\2026-08-05\\build-phase-1-of-my-e\\frontend\\node_modules\\@unrs\\resolver-binding-wasm32-wasi'
2457 silly reify ]
2458 verbose reify failed optional dependency C:\Users\sh87k\Documents\Codex\2026-08-05\build-phase-1-of-my-e\frontend\node_modules\@napi-rs\wasm-runtime
2459 silly reify mark deleted [
2459 silly reify   'C:\\Users\\sh87k\\Documents\\Codex\\2026-08-05\\build-phase-1-of-my-e\\frontend\\node_modules\\@napi-rs\\wasm-runtime'
2459 silly reify ]
2460 verbose reify failed optional dependency C:\Users\sh87k\Documents\Codex\2026-08-05\build-phase-1-of-my-e\frontend\node_modules\@emnapi\core
2461 silly reify mark deleted [
2461 silly reify   'C:\\Users\\sh87k\\Documents\\Codex\\2026-08-05\\build-phase-1-of-my-e\\frontend\\node_modules\\@emnapi\\core'
2461 silly reify ]
2462 verbose reify failed optional dependency C:\Users\sh87k\Documents\Codex\2026-08-05\build-phase-1-of-my-e\frontend\node_modules\@unrs\resolver-binding-wasm32-wasi\node_modules\@emnapi\runtime
2463 silly reify mark deleted [
2463 silly reify   'C:\\Users\\sh87k\\Documents\\Codex\\2026-08-05\\build-phase-1-of-my-e\\frontend\\node_modules\\@unrs\\resolver-binding-wasm32-wasi\\node_modules\\@emnapi\\runtime'
2463 silly reify ]
2464 verbose reify failed optional dependency C:\Users\sh87k\Documents\Codex\2026-08-05\build-phase-1-of-my-e\frontend\node_modules\@tybys\wasm-util
2465 silly reify mark deleted [
2465 silly reify   'C:\\Users\\sh87k\\Documents\\Codex\\2026-08-05\\build-phase-1-of-my-e\\frontend\\node_modules\\@tybys\\wasm-util'
2465 silly reify ]
2466 verbose reify failed optional dependency C:\Users\sh87k\Documents\Codex\2026-08-05\build-phase-1-of-my-e\frontend\node_modules\@emnapi\wasi-threads
2467 silly reify mark deleted [
2467 silly reify   'C:\\Users\\sh87k\\Documents\\Codex\\2026-08-05\\build-phase-1-of-my-e\\frontend\\node_modules\\@emnapi\\wasi-threads'
2467 silly reify ]
2468 verbose reify failed optional dependency C:\Users\sh87k\Documents\Codex\2026-08-05\build-phase-1-of-my-e\frontend\node_modules\@unrs\resolver-binding-openharmony-arm64
2469 silly reify mark deleted [
2469 silly reify   'C:\\Users\\sh87k\\Documents\\Codex\\2026-08-05\\build-phase-1-of-my-e\\frontend\\node_modules\\@unrs\\resolver-binding-openharmony-arm64'
2469 silly reify ]
2470 verbose reify failed optional dependency C:\Users\sh87k\Documents\Codex\2026-08-05\build-phase-1-of-my-e\frontend\node_modules\@unrs\resolver-binding-linux-x64-musl
2471 silly reify mark deleted [
2471 silly reify   'C:\\Users\\sh87k\\Documents\\Codex\\2026-08-05\\build-phase-1-of-my-e\\frontend\\node_modules\\@unrs\\resolver-binding-linux-x64-musl'
2471 silly reify ]
2472 verbose reify failed optional dependency C:\Users\sh87k\Documents\Codex\2026-08-05\build-phase-1-of-my-e\frontend\node_modules\@unrs\resolver-binding-linux-x64-gnu
2473 silly reify mark deleted [
2473 silly reify   'C:\\Users\\sh87k\\Documents\\Codex\\2026-08-05\\build-phase-1-of-my-e\\frontend\\node_modules\\@unrs\\resolver-binding-linux-x64-gnu'
2473 silly reify ]
2474 verbose reify failed optional dependency C:\Users\sh87k\Documents\Codex\2026-08-05\build-phase-1-of-my-e\frontend\node_modules\@unrs\resolver-binding-linux-s390x-gnu
2475 silly reify mark deleted [
2475 silly reify   'C:\\Users\\sh87k\\Documents\\Codex\\2026-08-05\\build-phase-1-of-my-e\\frontend\\node_modules\\@unrs\\resolver-binding-linux-s390x-gnu'
2475 silly reify ]
2476 verbose reify failed optional dependency C:\Users\sh87k\Documents\Codex\2026-08-05\build-phase-1-of-my-e\frontend\node_modules\@unrs\resolver-binding-linux-riscv64-musl
2477 silly reify mark deleted [
2477 silly reify   'C:\\Users\\sh87k\\Documents\\Codex\\2026-08-05\\build-phase-1-of-my-e\\frontend\\node_modules\\@unrs\\resolver-binding-linux-riscv64-musl'
2477 silly reify ]
2478 verbose reify failed optional dependency C:\Users\sh87k\Documents\Codex\2026-08-05\build-phase-1-of-my-e\frontend\node_modules\@unrs\resolver-binding-linux-riscv64-gnu
2479 silly reify mark deleted [
2479 silly reify   'C:\\Users\\sh87k\\Documents\\Codex\\2026-08-05\\build-phase-1-of-my-e\\frontend\\node_modules\\@unrs\\resolver-binding-linux-riscv64-gnu'
2479 silly reify ]
2480 verbose reify failed optional dependency C:\Users\sh87k\Documents\Codex\2026-08-05\build-phase-1-of-my-e\frontend\node_modules\@unrs\resolver-binding-linux-ppc64-gnu
2481 silly reify mark deleted [
2481 silly reify   'C:\\Users\\sh87k\\Documents\\Codex\\2026-08-05\\build-phase-1-of-my-e\\frontend\\node_modules\\@unrs\\resolver-binding-linux-ppc64-gnu'
2481 silly reify ]
2482 verbose reify failed optional dependency C:\Users\sh87k\Documents\Codex\2026-08-05\build-phase-1-of-my-e\frontend\node_modules\@unrs\resolver-binding-linux-loong64-musl
2483 silly reify mark deleted [
2483 silly reify   'C:\\Users\\sh87k\\Documents\\Codex\\2026-08-05\\build-phase-1-of-my-e\\frontend\\node_modules\\@unrs\\resolver-binding-linux-loong64-musl'
2483 silly reify ]
2484 verbose reify failed optional dependency C:\Users\sh87k\Documents\Codex\2026-08-05\build-phase-1-of-my-e\frontend\node_modules\@unrs\resolver-binding-linux-loong64-gnu
2485 silly reify mark deleted [
2485 silly reify   'C:\\Users\\sh87k\\Documents\\Codex\\2026-08-05\\build-phase-1-of-my-e\\frontend\\node_modules\\@unrs\\resolver-binding-linux-loong64-gnu'
2485 silly reify ]
2486 verbose reify failed optional dependency C:\Users\sh87k\Documents\Codex\2026-08-05\build-phase-1-of-my-e\frontend\node_modules\@unrs\resolver-binding-linux-arm64-musl
2487 silly reify mark deleted [
2487 silly reify   'C:\\Users\\sh87k\\Documents\\Codex\\2026-08-05\\build-phase-1-of-my-e\\frontend\\node_modules\\@unrs\\resolver-binding-linux-arm64-musl'
2487 silly reify ]
2488 verbose reify failed optional dependency C:\Users\sh87k\Documents\Codex\2026-08-05\build-phase-1-of-my-e\frontend\node_modules\@unrs\resolver-binding-linux-arm64-gnu
2489 silly reify mark deleted [
2489 silly reify   'C:\\Users\\sh87k\\Documents\\Codex\\2026-08-05\\build-phase-1-of-my-e\\frontend\\node_modules\\@unrs\\resolver-binding-linux-arm64-gnu'
2489 silly reify ]
2490 verbose reify failed optional dependency C:\Users\sh87k\Documents\Codex\2026-08-05\build-phase-1-of-my-e\frontend\node_modules\@unrs\resolver-binding-linux-arm-musleabihf
2491 silly reify mark deleted [
2491 silly reify   'C:\\Users\\sh87k\\Documents\\Codex\\2026-08-05\\build-phase-1-of-my-e\\frontend\\node_modules\\@unrs\\resolver-binding-linux-arm-musleabihf'
2491 silly reify ]
2492 verbose reify failed optional dependency C:\Users\sh87k\Documents\Codex\2026-08-05\build-phase-1-of-my-e\frontend\node_modules\@unrs\resolver-binding-linux-arm-gnueabihf
2493 silly reify mark deleted [
2493 silly reify   'C:\\Users\\sh87k\\Documents\\Codex\\2026-08-05\\build-phase-1-of-my-e\\frontend\\node_modules\\@unrs\\resolver-binding-linux-arm-gnueabihf'
2493 silly reify ]
2494 verbose reify failed optional dependency C:\Users\sh87k\Documents\Codex\2026-08-05\build-phase-1-of-my-e\frontend\node_modules\@unrs\resolver-binding-freebsd-x64
2495 silly reify mark deleted [
2495 silly reify   'C:\\Users\\sh87k\\Documents\\Codex\\2026-08-05\\build-phase-1-of-my-e\\frontend\\node_modules\\@unrs\\resolver-binding-freebsd-x64'
2495 silly reify ]
2496 verbose reify failed optional dependency C:\Users\sh87k\Documents\Codex\2026-08-05\build-phase-1-of-my-e\frontend\node_modules\@unrs\resolver-binding-darwin-x64
2497 silly reify mark deleted [
2497 silly reify   'C:\\Users\\sh87k\\Documents\\Codex\\2026-08-05\\build-phase-1-of-my-e\\frontend\\node_modules\\@unrs\\resolver-binding-darwin-x64'
2497 silly reify ]
2498 verbose reify failed optional dependency C:\Users\sh87k\Documents\Codex\2026-08-05\build-phase-1-of-my-e\frontend\node_modules\@unrs\resolver-binding-darwin-arm64
2499 silly reify mark deleted [
2499 silly reify   'C:\\Users\\sh87k\\Documents\\Codex\\2026-08-05\\build-phase-1-of-my-e\\frontend\\node_modules\\@unrs\\resolver-binding-darwin-arm64'
2499 silly reify ]
2500 verbose reify failed optional dependency C:\Users\sh87k\Documents\Codex\2026-08-05\build-phase-1-of-my-e\frontend\node_modules\@unrs\resolver-binding-android-arm64
2501 silly reify mark deleted [
2501 silly reify   'C:\\Users\\sh87k\\Documents\\Codex\\2026-08-05\\build-phase-1-of-my-e\\frontend\\node_modules\\@unrs\\resolver-binding-android-arm64'
2501 silly reify ]
2502 verbose reify failed optional dependency C:\Users\sh87k\Documents\Codex\2026-08-05\build-phase-1-of-my-e\frontend\node_modules\@unrs\resolver-binding-android-arm-eabi
2503 silly reify mark deleted [
2503 silly reify   'C:\\Users\\sh87k\\Documents\\Codex\\2026-08-05\\build-phase-1-of-my-e\\frontend\\node_modules\\@unrs\\resolver-binding-android-arm-eabi'
2503 silly reify ]
2504 verbose reify failed optional dependency C:\Users\sh87k\Documents\Codex\2026-08-05\build-phase-1-of-my-e\frontend\node_modules\fsevents
2505 silly reify mark deleted [
2505 silly reify   'C:\\Users\\sh87k\\Documents\\Codex\\2026-08-05\\build-phase-1-of-my-e\\frontend\\node_modules\\fsevents'
2505 silly reify ]
2506 verbose reify failed optional dependency C:\Users\sh87k\Documents\Codex\2026-08-05\build-phase-1-of-my-e\frontend\node_modules\@img\sharp-win32-ia32
2507 silly reify mark deleted [
2507 silly reify   'C:\\Users\\sh87k\\Documents\\Codex\\2026-08-05\\build-phase-1-of-my-e\\frontend\\node_modules\\@img\\sharp-win32-ia32'
2507 silly reify ]
2508 verbose reify failed optional dependency C:\Users\sh87k\Documents\Codex\2026-08-05\build-phase-1-of-my-e\frontend\node_modules\@img\sharp-win32-arm64
2509 silly reify mark deleted [
2509 silly reify   'C:\\Users\\sh87k\\Documents\\Codex\\2026-08-05\\build-phase-1-of-my-e\\frontend\\node_modules\\@img\\sharp-win32-arm64'
2509 silly reify ]
2510 verbose reify failed optional dependency C:\Users\sh87k\Documents\Codex\2026-08-05\build-phase-1-of-my-e\frontend\node_modules\@img\sharp-wasm32
2511 silly reify mark deleted [
2511 silly reify   'C:\\Users\\sh87k\\Documents\\Codex\\2026-08-05\\build-phase-1-of-my-e\\frontend\\node_modules\\@img\\sharp-wasm32'
2511 silly reify ]
2512 verbose reify failed optional dependency C:\Users\sh87k\Documents\Codex\2026-08-05\build-phase-1-of-my-e\frontend\node_modules\@img\sharp-linuxmusl-x64
2513 silly reify mark deleted [
2513 silly reify   'C:\\Users\\sh87k\\Documents\\Codex\\2026-08-05\\build-phase-1-of-my-e\\frontend\\node_modules\\@img\\sharp-linuxmusl-x64'
2513 silly reify ]
2514 verbose reify failed optional dependency C:\Users\sh87k\Documents\Codex\2026-08-05\build-phase-1-of-my-e\frontend\node_modules\@img\sharp-linuxmusl-arm64
2515 silly reify mark deleted [
2515 silly reify   'C:\\Users\\sh87k\\Documents\\Codex\\2026-08-05\\build-phase-1-of-my-e\\frontend\\node_modules\\@img\\sharp-linuxmusl-arm64'
2515 silly reify ]
2516 verbose reify failed optional dependency C:\Users\sh87k\Documents\Codex\2026-08-05\build-phase-1-of-my-e\frontend\node_modules\@img\sharp-linux-x64
2517 silly reify mark deleted [
2517 silly reify   'C:\\Users\\sh87k\\Documents\\Codex\\2026-08-05\\build-phase-1-of-my-e\\frontend\\node_modules\\@img\\sharp-linux-x64'
2517 silly reify ]
2518 verbose reify failed optional dependency C:\Users\sh87k\Documents\Codex\2026-08-05\build-phase-1-of-my-e\frontend\node_modules\@img\sharp-linux-s390x
2519 silly reify mark deleted [
2519 silly reify   'C:\\Users\\sh87k\\Documents\\Codex\\2026-08-05\\build-phase-1-of-my-e\\frontend\\node_modules\\@img\\sharp-linux-s390x'
2519 silly reify ]
2520 verbose reify failed optional dependency C:\Users\sh87k\Documents\Codex\2026-08-05\build-phase-1-of-my-e\frontend\node_modules\@img\sharp-linux-riscv64
2521 silly reify mark deleted [
2521 silly reify   'C:\\Users\\sh87k\\Documents\\Codex\\2026-08-05\\build-phase-1-of-my-e\\frontend\\node_modules\\@img\\sharp-linux-riscv64'
2521 silly reify ]
2522 verbose reify failed optional dependency C:\Users\sh87k\Documents\Codex\2026-08-05\build-phase-1-of-my-e\frontend\node_modules\@img\sharp-linux-ppc64
2523 silly reify mark deleted [
2523 silly reify   'C:\\Users\\sh87k\\Documents\\Codex\\2026-08-05\\build-phase-1-of-my-e\\frontend\\node_modules\\@img\\sharp-linux-ppc64'
2523 silly reify ]
2524 verbose reify failed optional dependency C:\Users\sh87k\Documents\Codex\2026-08-05\build-phase-1-of-my-e\frontend\node_modules\@img\sharp-linux-arm64
2525 silly reify mark deleted [
2525 silly reify   'C:\\Users\\sh87k\\Documents\\Codex\\2026-08-05\\build-phase-1-of-my-e\\frontend\\node_modules\\@img\\sharp-linux-arm64'
2525 silly reify ]
2526 verbose reify failed optional dependency C:\Users\sh87k\Documents\Codex\2026-08-05\build-phase-1-of-my-e\frontend\node_modules\@img\sharp-linux-arm
2527 silly reify mark deleted [
2527 silly reify   'C:\\Users\\sh87k\\Documents\\Codex\\2026-08-05\\build-phase-1-of-my-e\\frontend\\node_modules\\@img\\sharp-linux-arm'
2527 silly reify ]
2528 verbose reify failed optional dependency C:\Users\sh87k\Documents\Codex\2026-08-05\build-phase-1-of-my-e\frontend\node_modules\@img\sharp-libvips-linuxmusl-x64
2529 silly reify mark deleted [
2529 silly reify   'C:\\Users\\sh87k\\Documents\\Codex\\2026-08-05\\build-phase-1-of-my-e\\frontend\\node_modules\\@img\\sharp-libvips-linuxmusl-x64'
2529 silly reify ]
2530 verbose reify failed optional dependency C:\Users\sh87k\Documents\Codex\2026-08-05\build-phase-1-of-my-e\frontend\node_modules\@img\sharp-libvips-linuxmusl-arm64
2531 silly reify mark deleted [
2531 silly reify   'C:\\Users\\sh87k\\Documents\\Codex\\2026-08-05\\build-phase-1-of-my-e\\frontend\\node_modules\\@img\\sharp-libvips-linuxmusl-arm64'
2531 silly reify ]
2532 verbose reify failed optional dependency C:\Users\sh87k\Documents\Codex\2026-08-05\build-phase-1-of-my-e\frontend\node_modules\@img\sharp-libvips-linux-x64
2533 silly reify mark deleted [
2533 silly reify   'C:\\Users\\sh87k\\Documents\\Codex\\2026-08-05\\build-phase-1-of-my-e\\frontend\\node_modules\\@img\\sharp-libvips-linux-x64'
2533 silly reify ]
2534 verbose reify failed optional dependency C:\Users\sh87k\Documents\Codex\2026-08-05\build-phase-1-of-my-e\frontend\node_modules\@img\sharp-libvips-linux-s390x
2535 silly reify mark deleted [
2535 silly reify   'C:\\Users\\sh87k\\Documents\\Codex\\2026-08-05\\build-phase-1-of-my-e\\frontend\\node_modules\\@img\\sharp-libvips-linux-s390x'
2535 silly reify ]
2536 verbose reify failed optional dependency C:\Users\sh87k\Documents\Codex\2026-08-05\build-phase-1-of-my-e\frontend\node_modules\@img\sharp-libvips-linux-riscv64
2537 silly reify mark deleted [
2537 silly reify   'C:\\Users\\sh87k\\Documents\\Codex\\2026-08-05\\build-phase-1-of-my-e\\frontend\\node_modules\\@img\\sharp-libvips-linux-riscv64'
2537 silly reify ]
2538 verbose reify failed optional dependency C:\Users\sh87k\Documents\Codex\2026-08-05\build-phase-1-of-my-e\frontend\node_modules\@img\sharp-libvips-linux-ppc64
2539 silly reify mark deleted [
2539 silly reify   'C:\\Users\\sh87k\\Documents\\Codex\\2026-08-05\\build-phase-1-of-my-e\\frontend\\node_modules\\@img\\sharp-libvips-linux-ppc64'
2539 silly reify ]
2540 verbose reify failed optional dependency C:\Users\sh87k\Documents\Codex\2026-08-05\build-phase-1-of-my-e\frontend\node_modules\@img\sharp-libvips-linux-arm64
2541 silly reify mark deleted [
2541 silly reify   'C:\\Users\\sh87k\\Documents\\Codex\\2026-08-05\\build-phase-1-of-my-e\\frontend\\node_modules\\@img\\sharp-libvips-linux-arm64'
2541 silly reify ]
2542 verbose reify failed optional dependency C:\Users\sh87k\Documents\Codex\2026-08-05\build-phase-1-of-my-e\frontend\node_modules\@img\sharp-libvips-linux-arm
2543 silly reify mark deleted [
2543 silly reify   'C:\\Users\\sh87k\\Documents\\Codex\\2026-08-05\\build-phase-1-of-my-e\\frontend\\node_modules\\@img\\sharp-libvips-linux-arm'
2543 silly reify ]
2544 verbose reify failed optional dependency C:\Users\sh87k\Documents\Codex\2026-08-05\build-phase-1-of-my-e\frontend\node_modules\@img\sharp-libvips-darwin-x64
2545 silly reify mark deleted [
2545 silly reify   'C:\\Users\\sh87k\\Documents\\Codex\\2026-08-05\\build-phase-1-of-my-e\\frontend\\node_modules\\@img\\sharp-libvips-darwin-x64'
2545 silly reify ]
2546 verbose reify failed optional dependency C:\Users\sh87k\Documents\Codex\2026-08-05\build-phase-1-of-my-e\frontend\node_modules\@img\sharp-libvips-darwin-arm64
2547 silly reify mark deleted [
2547 silly reify   'C:\\Users\\sh87k\\Documents\\Codex\\2026-08-05\\build-phase-1-of-my-e\\frontend\\node_modules\\@img\\sharp-libvips-darwin-arm64'
2547 silly reify ]
2548 verbose reify failed optional dependency C:\Users\sh87k\Documents\Codex\2026-08-05\build-phase-1-of-my-e\frontend\node_modules\@img\sharp-darwin-x64
2549 silly reify mark deleted [
2549 silly reify   'C:\\Users\\sh87k\\Documents\\Codex\\2026-08-05\\build-phase-1-of-my-e\\frontend\\node_modules\\@img\\sharp-darwin-x64'
2549 silly reify ]
2550 verbose reify failed optional dependency C:\Users\sh87k\Documents\Codex\2026-08-05\build-phase-1-of-my-e\frontend\node_modules\@img\sharp-darwin-arm64
2551 silly reify mark deleted [
2551 silly reify   'C:\\Users\\sh87k\\Documents\\Codex\\2026-08-05\\build-phase-1-of-my-e\\frontend\\node_modules\\@img\\sharp-darwin-arm64'
2551 silly reify ]
2552 verbose reify failed optional dependency C:\Users\sh87k\Documents\Codex\2026-08-05\build-phase-1-of-my-e\frontend\node_modules\@next\swc-win32-arm64-msvc
2553 silly reify mark deleted [
2553 silly reify   'C:\\Users\\sh87k\\Documents\\Codex\\2026-08-05\\build-phase-1-of-my-e\\frontend\\node_modules\\@next\\swc-win32-arm64-msvc'
2553 silly reify ]
2554 verbose reify failed optional dependency C:\Users\sh87k\Documents\Codex\2026-08-05\build-phase-1-of-my-e\frontend\node_modules\@next\swc-linux-x64-musl
2555 silly reify mark deleted [
2555 silly reify   'C:\\Users\\sh87k\\Documents\\Codex\\2026-08-05\\build-phase-1-of-my-e\\frontend\\node_modules\\@next\\swc-linux-x64-musl'
2555 silly reify ]
2556 verbose reify failed optional dependency C:\Users\sh87k\Documents\Codex\2026-08-05\build-phase-1-of-my-e\frontend\node_modules\@next\swc-linux-x64-gnu
2557 silly reify mark deleted [
2557 silly reify   'C:\\Users\\sh87k\\Documents\\Codex\\2026-08-05\\build-phase-1-of-my-e\\frontend\\node_modules\\@next\\swc-linux-x64-gnu'
2557 silly reify ]
2558 verbose reify failed optional dependency C:\Users\sh87k\Documents\Codex\2026-08-05\build-phase-1-of-my-e\frontend\node_modules\@next\swc-linux-arm64-musl
2559 silly reify mark deleted [
2559 silly reify   'C:\\Users\\sh87k\\Documents\\Codex\\2026-08-05\\build-phase-1-of-my-e\\frontend\\node_modules\\@next\\swc-linux-arm64-musl'
2559 silly reify ]
2560 verbose reify failed optional dependency C:\Users\sh87k\Documents\Codex\2026-08-05\build-phase-1-of-my-e\frontend\node_modules\@next\swc-linux-arm64-gnu
2561 silly reify mark deleted [
2561 silly reify   'C:\\Users\\sh87k\\Documents\\Codex\\2026-08-05\\build-phase-1-of-my-e\\frontend\\node_modules\\@next\\swc-linux-arm64-gnu'
2561 silly reify ]
2562 verbose reify failed optional dependency C:\Users\sh87k\Documents\Codex\2026-08-05\build-phase-1-of-my-e\frontend\node_modules\@next\swc-darwin-x64
2563 silly reify mark deleted [
2563 silly reify   'C:\\Users\\sh87k\\Documents\\Codex\\2026-08-05\\build-phase-1-of-my-e\\frontend\\node_modules\\@next\\swc-darwin-x64'
2563 silly reify ]
2564 verbose reify failed optional dependency C:\Users\sh87k\Documents\Codex\2026-08-05\build-phase-1-of-my-e\frontend\node_modules\@next\swc-darwin-arm64
2565 silly reify mark deleted [
2565 silly reify   'C:\\Users\\sh87k\\Documents\\Codex\\2026-08-05\\build-phase-1-of-my-e\\frontend\\node_modules\\@next\\swc-darwin-arm64'
2565 silly reify ]
2566 http cache is-weakset@https://registry.npmjs.org/is-weakset/-/is-weakset-2.0.4.tgz 0ms (cache hit)
2567 http cache is-weakmap@https://registry.npmjs.org/is-weakmap/-/is-weakmap-2.0.2.tgz 0ms (cache hit)
2568 http cache is-map@https://registry.npmjs.org/is-map/-/is-map-2.0.3.tgz 0ms (cache hit)
2569 http cache async-function@https://registry.npmjs.org/async-function/-/async-function-1.0.0.tgz 0ms (cache hit)
2570 http cache generator-function@https://registry.npmjs.org/generator-function/-/generator-function-2.0.1.tgz 0ms (cache hit)
2571 http cache which-collection@https://registry.npmjs.org/which-collection/-/which-collection-1.0.2.tgz 0ms (cache hit)
2572 http cache is-generator-function@https://registry.npmjs.org/is-generator-function/-/is-generator-function-1.1.2.tgz 0ms (cache hit)
2573 http cache is-finalizationregistry@https://registry.npmjs.org/is-finalizationregistry/-/is-finalizationregistry-1.1.1.tgz 0ms (cache hit)
2574 http cache is-number-object@https://registry.npmjs.org/is-number-object/-/is-number-object-1.1.1.tgz 0ms (cache hit)
2575 http cache is-async-function@https://registry.npmjs.org/is-async-function/-/is-async-function-2.1.1.tgz 0ms (cache hit)
2576 http cache is-boolean-object@https://registry.npmjs.org/is-boolean-object/-/is-boolean-object-1.2.2.tgz 0ms (cache hit)
2577 http cache is-bigint@https://registry.npmjs.org/is-bigint/-/is-bigint-1.1.0.tgz 0ms (cache hit)
2578 http cache @tybys/wasm-util@https://registry.npmjs.org/@tybys/wasm-util/-/wasm-util-0.10.3.tgz 0ms (cache hit)
2579 http cache isexe@https://registry.npmjs.org/isexe/-/isexe-2.0.0.tgz 0ms (cache hit)
2580 http cache punycode@https://registry.npmjs.org/punycode/-/punycode-2.3.1.tgz 0ms (cache hit)
2581 http cache @emnapi/wasi-threads@https://registry.npmjs.org/@emnapi/wasi-threads/-/wasi-threads-1.2.1.tgz 0ms (cache hit)
2582 http cache @emnapi/core@https://registry.npmjs.org/@emnapi/core/-/core-1.10.0.tgz 0ms (cache hit)
2583 http cache escalade@https://registry.npmjs.org/escalade/-/escalade-3.2.0.tgz 1ms (cache hit)
2584 http cache @napi-rs/wasm-runtime@https://registry.npmjs.org/@napi-rs/wasm-runtime/-/wasm-runtime-1.2.2.tgz 0ms (cache hit)
2585 http cache napi-postinstall@https://registry.npmjs.org/napi-postinstall/-/napi-postinstall-0.3.4.tgz 0ms (cache hit)
2586 http cache @unrs/resolver-binding-win32-x64-msvc@https://registry.npmjs.org/@unrs/resolver-binding-win32-x64-msvc/-/resolver-binding-win32-x64-msvc-1.12.2.tgz 0ms (cache hit)
2587 http cache which-boxed-primitive@https://registry.npmjs.org/which-boxed-primitive/-/which-boxed-primitive-1.1.1.tgz 0ms (cache hit)
2588 http cache which-builtin-type@https://registry.npmjs.org/which-builtin-type/-/which-builtin-type-1.2.1.tgz 0ms (cache hit)
2589 http cache reflect.getprototypeof@https://registry.npmjs.org/reflect.getprototypeof/-/reflect.getprototypeof-1.0.10.tgz 0ms (cache hit)
2590 http cache has-bigints@https://registry.npmjs.org/has-bigints/-/has-bigints-1.1.0.tgz 1ms (cache hit)
2591 http cache for-each@https://registry.npmjs.org/for-each/-/for-each-0.3.5.tgz 0ms (cache hit)
2592 http cache minimist@https://registry.npmjs.org/minimist/-/minimist-1.2.8.tgz 0ms (cache hit)
2593 http cache strip-bom@https://registry.npmjs.org/strip-bom/-/strip-bom-3.0.0.tgz 0ms (cache hit)
2594 http cache @types/json5@https://registry.npmjs.org/@types/json5/-/json5-0.0.29.tgz 0ms (cache hit)
2595 http cache json5@https://registry.npmjs.org/json5/-/json5-1.0.2.tgz 0ms (cache hit)
2596 http cache thenify-all@https://registry.npmjs.org/thenify-all/-/thenify-all-1.6.0.tgz 0ms (cache hit)
2597 http cache is-number@https://registry.npmjs.org/is-number/-/is-number-7.0.0.tgz 0ms (cache hit)
2598 http cache thenify@https://registry.npmjs.org/thenify/-/thenify-3.3.1.tgz 0ms (cache hit)
2599 http cache any-promise@https://registry.npmjs.org/any-promise/-/any-promise-1.3.0.tgz 0ms (cache hit)
2600 http cache mz@https://registry.npmjs.org/mz/-/mz-2.7.0.tgz 0ms (cache hit)
2601 http cache ts-interface-checker@https://registry.npmjs.org/ts-interface-checker/-/ts-interface-checker-0.1.13.tgz 0ms (cache hit)
2602 http cache @jridgewell/trace-mapping@https://registry.npmjs.org/@jridgewell/trace-mapping/-/trace-mapping-0.3.31.tgz 0ms (cache hit)
2603 http cache @jridgewell/resolve-uri@https://registry.npmjs.org/@jridgewell/resolve-uri/-/resolve-uri-3.1.2.tgz 0ms (cache hit)
2604 http cache @jridgewell/sourcemap-codec@https://registry.npmjs.org/@jridgewell/sourcemap-codec/-/sourcemap-codec-1.5.5.tgz 0ms (cache hit)
2605 http cache pirates@https://registry.npmjs.org/pirates/-/pirates-4.0.7.tgz 0ms (cache hit)
2606 http cache @jridgewell/gen-mapping@https://registry.npmjs.org/@jridgewell/gen-mapping/-/gen-mapping-0.3.13.tgz 0ms (cache hit)
2607 http cache commander@https://registry.npmjs.org/commander/-/commander-4.1.1.tgz 0ms (cache hit)
2608 http cache lines-and-columns@https://registry.npmjs.org/lines-and-columns/-/lines-and-columns-1.2.4.tgz 0ms (cache hit)
2609 http cache pify@https://registry.npmjs.org/pify/-/pify-2.3.0.tgz 1ms (cache hit)
2610 http cache util-deprecate@https://registry.npmjs.org/util-deprecate/-/util-deprecate-1.0.2.tgz 0ms (cache hit)
2611 http cache cssesc@https://registry.npmjs.org/cssesc/-/cssesc-3.0.0.tgz 0ms (cache hit)
2612 http cache camelcase-css@https://registry.npmjs.org/camelcase-css/-/camelcase-css-2.0.1.tgz 0ms (cache hit)
2613 http cache read-cache@https://registry.npmjs.org/read-cache/-/read-cache-1.0.0.tgz 0ms (cache hit)
2614 http cache binary-extensions@https://registry.npmjs.org/binary-extensions/-/binary-extensions-2.3.0.tgz 0ms (cache hit)
2615 http cache readdirp@https://registry.npmjs.org/readdirp/-/readdirp-3.6.0.tgz 0ms (cache hit)
2616 http cache anymatch@https://registry.npmjs.org/anymatch/-/anymatch-3.1.3.tgz 0ms (cache hit)
2617 http cache is-binary-path@https://registry.npmjs.org/is-binary-path/-/is-binary-path-2.1.0.tgz 0ms (cache hit)
2618 http cache sucrase@https://registry.npmjs.org/sucrase/-/sucrase-3.35.1.tgz 0ms (cache hit)
2619 http cache postcss-selector-parser@https://registry.npmjs.org/postcss-selector-parser/-/postcss-selector-parser-6.1.4.tgz 0ms (cache hit)
2620 http cache postcss-nested@https://registry.npmjs.org/postcss-nested/-/postcss-nested-6.2.0.tgz 0ms (cache hit)
2621 http cache postcss-js@https://registry.npmjs.org/postcss-js/-/postcss-js-4.1.0.tgz 0ms (cache hit)
2622 http cache postcss-load-config@https://registry.npmjs.org/postcss-load-config/-/postcss-load-config-6.0.1.tgz 0ms (cache hit)
2623 http cache postcss-import@https://registry.npmjs.org/postcss-import/-/postcss-import-15.1.0.tgz 0ms (cache hit)
2624 http cache object-hash@https://registry.npmjs.org/object-hash/-/object-hash-3.0.0.tgz 0ms (cache hit)
2625 http cache normalize-path@https://registry.npmjs.org/normalize-path/-/normalize-path-3.0.0.tgz 0ms (cache hit)
2626 http cache jiti@https://registry.npmjs.org/jiti/-/jiti-1.21.7.tgz 0ms (cache hit)
2627 http cache lilconfig@https://registry.npmjs.org/lilconfig/-/lilconfig-3.1.3.tgz 0ms (cache hit)
2628 http cache dlv@https://registry.npmjs.org/dlv/-/dlv-1.1.3.tgz 0ms (cache hit)
2629 http cache @alloc/quick-lru@https://registry.npmjs.org/@alloc/quick-lru/-/quick-lru-5.2.0.tgz 0ms (cache hit)
2630 http cache didyoumean@https://registry.npmjs.org/didyoumean/-/didyoumean-1.2.2.tgz 0ms (cache hit)
2631 http cache arg@https://registry.npmjs.org/arg/-/arg-5.0.2.tgz 0ms (cache hit)
2632 http cache chokidar@https://registry.npmjs.org/chokidar/-/chokidar-3.6.0.tgz 0ms (cache hit)
2633 http cache client-only@https://registry.npmjs.org/client-only/-/client-only-0.0.1.tgz 0ms (cache hit)
2634 http cache has-flag@https://registry.npmjs.org/has-flag/-/has-flag-4.0.0.tgz 0ms (cache hit)
2635 http cache side-channel-weakmap@https://registry.npmjs.org/side-channel-weakmap/-/side-channel-weakmap-1.0.2.tgz 0ms (cache hit)
2636 http cache @emnapi/runtime@https://registry.npmjs.org/@emnapi/runtime/-/runtime-1.11.3.tgz 0ms (cache hit)
2637 http cache side-channel-list@https://registry.npmjs.org/side-channel-list/-/side-channel-list-1.0.1.tgz 0ms (cache hit)
2638 http cache side-channel-map@https://registry.npmjs.org/side-channel-map/-/side-channel-map-1.0.1.tgz 0ms (cache hit)
2639 http cache @img/sharp-win32-x64@https://registry.npmjs.org/@img/sharp-win32-x64/-/sharp-win32-x64-0.34.5.tgz 0ms (cache hit)
2640 http cache @img/colour@https://registry.npmjs.org/@img/colour/-/colour-1.1.0.tgz 0ms (cache hit)
2641 http cache shebang-regex@https://registry.npmjs.org/shebang-regex/-/shebang-regex-3.0.0.tgz 0ms (cache hit)
2642 http cache detect-libc@https://registry.npmjs.org/detect-libc/-/detect-libc-2.1.2.tgz 0ms (cache hit)
2643 http cache isarray@https://registry.npmjs.org/isarray/-/isarray-2.0.5.tgz 0ms (cache hit)
2644 http cache supports-preserve-symlinks-flag@https://registry.npmjs.org/supports-preserve-symlinks-flag/-/supports-preserve-symlinks-flag-1.0.0.tgz 0ms (cache hit)
2645 http cache path-parse@https://registry.npmjs.org/path-parse/-/path-parse-1.0.7.tgz 0ms (cache hit)
2646 http cache scheduler@https://registry.npmjs.org/scheduler/-/scheduler-0.27.0.tgz 0ms (cache hit)
2647 http cache queue-microtask@https://registry.npmjs.org/queue-microtask/-/queue-microtask-1.2.3.tgz 0ms (cache hit)
2648 http cache node-exports-info@https://registry.npmjs.org/node-exports-info/-/node-exports-info-1.6.2.tgz 0ms (cache hit)
2649 http cache js-tokens@https://registry.npmjs.org/js-tokens/-/js-tokens-4.0.0.tgz 0ms (cache hit)
2650 http cache react-is@https://registry.npmjs.org/react-is/-/react-is-16.13.1.tgz 0ms (cache hit)
2651 http cache loose-envify@https://registry.npmjs.org/loose-envify/-/loose-envify-1.4.0.tgz 0ms (cache hit)
2652 http cache source-map-js@https://registry.npmjs.org/source-map-js/-/source-map-js-1.2.1.tgz 0ms (cache hit)
2653 http cache nanoid@https://registry.npmjs.org/nanoid/-/nanoid-3.3.17.tgz 0ms (cache hit)
2654 http cache object-assign@https://registry.npmjs.org/object-assign/-/object-assign-4.1.1.tgz 0ms (cache hit)
2655 http cache callsites@https://registry.npmjs.org/callsites/-/callsites-3.1.0.tgz 0ms (cache hit)
2656 http cache yocto-queue@https://registry.npmjs.org/yocto-queue/-/yocto-queue-0.1.0.tgz 0ms (cache hit)
2657 http cache p-limit@https://registry.npmjs.org/p-limit/-/p-limit-3.1.0.tgz 1ms (cache hit)
2658 http cache fast-levenshtein@https://registry.npmjs.org/fast-levenshtein/-/fast-levenshtein-2.0.6.tgz 0ms (cache hit)
2659 http cache deep-is@https://registry.npmjs.org/deep-is/-/deep-is-0.1.4.tgz 0ms (cache hit)
2660 http cache word-wrap@https://registry.npmjs.org/word-wrap/-/word-wrap-1.2.5.tgz 0ms (cache hit)
2661 http cache tslib@https://registry.npmjs.org/tslib/-/tslib-2.8.1.tgz 0ms (cache hit)
2662 http cache @swc/helpers@https://registry.npmjs.org/@swc/helpers/-/helpers-0.5.15.tgz 0ms (cache hit)
2663 http cache styled-jsx@https://registry.npmjs.org/styled-jsx/-/styled-jsx-5.1.6.tgz 0ms (cache hit)
2664 http cache @next/swc-win32-x64-msvc@https://registry.npmjs.org/@next/swc-win32-x64-msvc/-/swc-win32-x64-msvc-15.5.22.tgz 0ms (cache hit)
2665 http cache sharp@https://registry.npmjs.org/sharp/-/sharp-0.34.5.tgz 0ms (cache hit)
2666 http cache @next/env@https://registry.npmjs.org/@next/env/-/env-15.5.22.tgz 0ms (cache hit)
2667 http cache concat-map@https://registry.npmjs.org/concat-map/-/concat-map-0.0.1.tgz 0ms (cache hit)
2668 http cache balanced-match@https://registry.npmjs.org/balanced-match/-/balanced-match-1.0.2.tgz 0ms (cache hit)
2669 http cache mime-db@https://registry.npmjs.org/mime-db/-/mime-db-1.52.0.tgz 0ms (cache hit)
2670 http cache brace-expansion@https://registry.npmjs.org/brace-expansion/-/brace-expansion-1.1.18.tgz 0ms (cache hit)
2671 http cache to-regex-range@https://registry.npmjs.org/to-regex-range/-/to-regex-range-5.0.1.tgz 0ms (cache hit)
2672 http cache fill-range@https://registry.npmjs.org/fill-range/-/fill-range-7.1.1.tgz 0ms (cache hit)
2673 http cache picomatch@https://registry.npmjs.org/picomatch/-/picomatch-2.3.2.tgz 0ms (cache hit)
2674 http cache p-locate@https://registry.npmjs.org/p-locate/-/p-locate-5.0.0.tgz 0ms (cache hit)
2675 http cache braces@https://registry.npmjs.org/braces/-/braces-3.0.3.tgz 0ms (cache hit)
2676 http cache type-check@https://registry.npmjs.org/type-check/-/type-check-0.4.0.tgz 0ms (cache hit)
2677 http cache prelude-ls@https://registry.npmjs.org/prelude-ls/-/prelude-ls-1.2.1.tgz 0ms (cache hit)
2678 http cache language-subtag-registry@https://registry.npmjs.org/language-subtag-registry/-/language-subtag-registry-0.3.23.tgz 0ms (cache hit)
2679 http cache argparse@https://registry.npmjs.org/argparse/-/argparse-2.0.1.tgz 0ms (cache hit)
2680 http cache json-buffer@https://registry.npmjs.org/json-buffer/-/json-buffer-3.0.1.tgz 0ms (cache hit)
2681 http cache set-function-name@https://registry.npmjs.org/set-function-name/-/set-function-name-2.0.2.tgz 0ms (cache hit)
2682 http cache is-extglob@https://registry.npmjs.org/is-extglob/-/is-extglob-2.1.1.tgz 0ms (cache hit)
2683 http cache side-channel@https://registry.npmjs.org/side-channel/-/side-channel-1.1.1.tgz 0ms (cache hit)
2684 http cache parent-module@https://registry.npmjs.org/parent-module/-/parent-module-1.0.1.tgz 0ms (cache hit)
2685 http cache resolve-from@https://registry.npmjs.org/resolve-from/-/resolve-from-4.0.0.tgz 0ms (cache hit)
2686 http cache agent-base@https://registry.npmjs.org/agent-base/-/agent-base-6.0.2.tgz 0ms (cache hit)
2687 http cache dunder-proto@https://registry.npmjs.org/dunder-proto/-/dunder-proto-1.0.1.tgz 0ms (cache hit)
2688 http cache resolve-pkg-maps@https://registry.npmjs.org/resolve-pkg-maps/-/resolve-pkg-maps-1.0.0.tgz 0ms (cache hit)
2689 http cache functions-have-names@https://registry.npmjs.org/functions-have-names/-/functions-have-names-1.2.3.tgz 0ms (cache hit)
2690 http cache delayed-stream@https://registry.npmjs.org/delayed-stream/-/delayed-stream-1.0.0.tgz 0ms (cache hit)
2691 http cache is-document.all@https://registry.npmjs.org/is-document.all/-/is-document.all-1.0.0.tgz 0ms (cache hit)
2692 http cache mime-types@https://registry.npmjs.org/mime-types/-/mime-types-2.1.35.tgz 0ms (cache hit)
2693 http cache combined-stream@https://registry.npmjs.org/combined-stream/-/combined-stream-1.0.8.tgz 0ms (cache hit)
2694 http cache asynckit@https://registry.npmjs.org/asynckit/-/asynckit-0.4.0.tgz 0ms (cache hit)
2695 http cache flatted@https://registry.npmjs.org/flatted/-/flatted-3.4.4.tgz 0ms (cache hit)
2696 http cache keyv@https://registry.npmjs.org/keyv/-/keyv-4.5.4.tgz 0ms (cache hit)
2697 http cache path-exists@https://registry.npmjs.org/path-exists/-/path-exists-4.0.0.tgz 0ms (cache hit)
2698 http cache locate-path@https://registry.npmjs.org/locate-path/-/locate-path-6.0.0.tgz 0ms (cache hit)
2699 http cache flat-cache@https://registry.npmjs.org/flat-cache/-/flat-cache-4.0.1.tgz 0ms (cache hit)
2700 http cache reusify@https://registry.npmjs.org/reusify/-/reusify-1.1.0.tgz 0ms (cache hit)
2701 http cache @nodelib/fs.scandir@https://registry.npmjs.org/@nodelib/fs.scandir/-/fs.scandir-2.1.5.tgz 0ms (cache hit)
2702 http cache run-parallel@https://registry.npmjs.org/run-parallel/-/run-parallel-1.2.0.tgz 0ms (cache hit)
2703 http cache @nodelib/fs.walk@https://registry.npmjs.org/@nodelib/fs.walk/-/fs.walk-1.2.8.tgz 0ms (cache hit)
2704 http cache @nodelib/fs.stat@https://registry.npmjs.org/@nodelib/fs.stat/-/fs.stat-2.0.5.tgz 0ms (cache hit)
2705 http cache fastq@https://registry.npmjs.org/fastq/-/fastq-1.20.1.tgz 0ms (cache hit)
2706 http cache micromatch@https://registry.npmjs.org/micromatch/-/micromatch-4.0.8.tgz 0ms (cache hit)
2707 http cache merge2@https://registry.npmjs.org/merge2/-/merge2-1.4.1.tgz 0ms (cache hit)
2708 http cache acorn-jsx@https://registry.npmjs.org/acorn-jsx/-/acorn-jsx-5.3.2.tgz 0ms (cache hit)
2709 http cache acorn@https://registry.npmjs.org/acorn/-/acorn-8.18.0.tgz 0ms (cache hit)
2710 http cache esrecurse@https://registry.npmjs.org/esrecurse/-/esrecurse-4.3.0.tgz 0ms (cache hit)
2711 http cache iterator.prototype@https://registry.npmjs.org/iterator.prototype/-/iterator.prototype-1.1.5.tgz 0ms (cache hit)
2712 http cache string.prototype.repeat@https://registry.npmjs.org/string.prototype.repeat/-/string.prototype.repeat-1.0.0.tgz 0ms (cache hit)
2713 http cache prop-types@https://registry.npmjs.org/prop-types/-/prop-types-15.8.1.tgz 0ms (cache hit)
2714 http cache string.prototype.matchall@https://registry.npmjs.org/string.prototype.matchall/-/string.prototype.matchall-4.0.12.tgz 0ms (cache hit)
2715 http cache object.entries@https://registry.npmjs.org/object.entries/-/object.entries-1.1.9.tgz 0ms (cache hit)
2716 http cache estraverse@https://registry.npmjs.org/estraverse/-/estraverse-5.3.0.tgz 0ms (cache hit)
2717 http cache array.prototype.tosorted@https://registry.npmjs.org/array.prototype.tosorted/-/array.prototype.tosorted-1.1.4.tgz 0ms (cache hit)
2718 http cache es-iterator-helpers@https://registry.npmjs.org/es-iterator-helpers/-/es-iterator-helpers-1.4.0.tgz 0ms (cache hit)
2719 http cache array.prototype.findlast@https://registry.npmjs.org/array.prototype.findlast/-/array.prototype.findlast-1.2.5.tgz 0ms (cache hit)
2720 http cache language-tags@https://registry.npmjs.org/language-tags/-/language-tags-1.0.9.tgz 0ms (cache hit)
2721 http cache string.prototype.includes@https://registry.npmjs.org/string.prototype.includes/-/string.prototype.includes-2.0.1.tgz 0ms (cache hit)
2722 http cache jsx-ast-utils@https://registry.npmjs.org/jsx-ast-utils/-/jsx-ast-utils-3.3.5.tgz 0ms (cache hit)
2723 http cache emoji-regex@https://registry.npmjs.org/emoji-regex/-/emoji-regex-9.2.2.tgz 0ms (cache hit)
2724 http cache damerau-levenshtein@https://registry.npmjs.org/damerau-levenshtein/-/damerau-levenshtein-1.0.8.tgz 0ms (cache hit)
2725 http cache axe-core@https://registry.npmjs.org/axe-core/-/axe-core-4.12.1.tgz 0ms (cache hit)
2726 http cache axobject-query@https://registry.npmjs.org/axobject-query/-/axobject-query-4.1.0.tgz 0ms (cache hit)
2727 http cache ast-types-flow@https://registry.npmjs.org/ast-types-flow/-/ast-types-flow-0.0.8.tgz 0ms (cache hit)
2728 http cache aria-query@https://registry.npmjs.org/aria-query/-/aria-query-5.3.2.tgz 0ms (cache hit)
2729 http cache is-symbol@https://registry.npmjs.org/is-symbol/-/is-symbol-1.1.1.tgz 0ms (cache hit)
2730 http cache is-date-object@https://registry.npmjs.org/is-date-object/-/is-date-object-1.1.0.tgz 0ms (cache hit)
2731 http cache es-abstract-get@https://registry.npmjs.org/es-abstract-get/-/es-abstract-get-1.0.0.tgz 0ms (cache hit)
2732 http cache possible-typed-array-names@https://registry.npmjs.org/possible-typed-array-names/-/possible-typed-array-names-1.1.0.tgz 0ms (cache hit)
2733 http cache has-tostringtag@https://registry.npmjs.org/has-tostringtag/-/has-tostringtag-1.0.2.tgz 0ms (cache hit)
2734 http cache unbox-primitive@https://registry.npmjs.org/unbox-primitive/-/unbox-primitive-1.1.0.tgz 0ms (cache hit)
2735 http cache which-typed-array@https://registry.npmjs.org/which-typed-array/-/which-typed-array-1.1.22.tgz 0ms (cache hit)
2736 http cache typed-array-length@https://registry.npmjs.org/typed-array-length/-/typed-array-length-1.0.8.tgz 0ms (cache hit)
2737 http cache typed-array-byte-offset@https://registry.npmjs.org/typed-array-byte-offset/-/typed-array-byte-offset-1.0.4.tgz 0ms (cache hit)
2738 http cache typed-array-buffer@https://registry.npmjs.org/typed-array-buffer/-/typed-array-buffer-1.0.3.tgz 0ms (cache hit)
2739 http cache typed-array-byte-length@https://registry.npmjs.org/typed-array-byte-length/-/typed-array-byte-length-1.0.3.tgz 0ms (cache hit)
2740 http cache string.prototype.trimstart@https://registry.npmjs.org/string.prototype.trimstart/-/string.prototype.trimstart-1.0.8.tgz 0ms (cache hit)
2741 http cache string.prototype.trim@https://registry.npmjs.org/string.prototype.trim/-/string.prototype.trim-1.2.11.tgz 0ms (cache hit)
2742 http cache stop-iteration-iterator@https://registry.npmjs.org/stop-iteration-iterator/-/stop-iteration-iterator-1.1.0.tgz 0ms (cache hit)
2743 http cache set-proto@https://registry.npmjs.org/set-proto/-/set-proto-1.0.0.tgz 0ms (cache hit)
2744 http cache safe-push-apply@https://registry.npmjs.org/safe-push-apply/-/safe-push-apply-1.0.0.tgz 0ms (cache hit)
2745 http cache safe-array-concat@https://registry.npmjs.org/safe-array-concat/-/safe-array-concat-1.1.4.tgz 0ms (cache hit)
2746 http cache safe-regex-test@https://registry.npmjs.org/safe-regex-test/-/safe-regex-test-1.1.0.tgz 0ms (cache hit)
2747 http cache regexp.prototype.flags@https://registry.npmjs.org/regexp.prototype.flags/-/regexp.prototype.flags-1.5.4.tgz 0ms (cache hit)
2748 http cache own-keys@https://registry.npmjs.org/own-keys/-/own-keys-1.0.2.tgz 0ms (cache hit)
2749 http cache object.assign@https://registry.npmjs.org/object.assign/-/object.assign-4.1.7.tgz 0ms (cache hit)
2750 http cache object-inspect@https://registry.npmjs.org/object-inspect/-/object-inspect-1.13.4.tgz 0ms (cache hit)
2751 http cache is-weakref@https://registry.npmjs.org/is-weakref/-/is-weakref-1.1.1.tgz 0ms (cache hit)
2752 http cache is-typed-array@https://registry.npmjs.org/is-typed-array/-/is-typed-array-1.1.15.tgz 0ms (cache hit)
2753 http cache is-shared-array-buffer@https://registry.npmjs.org/is-shared-array-buffer/-/is-shared-array-buffer-1.0.4.tgz 0ms (cache hit)
2754 http cache is-set@https://registry.npmjs.org/is-set/-/is-set-2.0.3.tgz 0ms (cache hit)
2755 http cache is-regex@https://registry.npmjs.org/is-regex/-/is-regex-1.2.1.tgz 0ms (cache hit)
2756 http cache is-data-view@https://registry.npmjs.org/is-data-view/-/is-data-view-1.0.2.tgz 0ms (cache hit)
2757 http cache is-negative-zero@https://registry.npmjs.org/is-negative-zero/-/is-negative-zero-2.0.3.tgz 0ms (cache hit)
2758 http cache is-callable@https://registry.npmjs.org/is-callable/-/is-callable-1.2.7.tgz 0ms (cache hit)
2759 http cache is-array-buffer@https://registry.npmjs.org/is-array-buffer/-/is-array-buffer-3.0.5.tgz 0ms (cache hit)
2760 http cache internal-slot@https://registry.npmjs.org/internal-slot/-/internal-slot-1.1.0.tgz 0ms (cache hit)
2761 http cache has-symbols@https://registry.npmjs.org/has-symbols/-/has-symbols-1.1.0.tgz 0ms (cache hit)
2762 http cache has-proto@https://registry.npmjs.org/has-proto/-/has-proto-1.2.0.tgz 0ms (cache hit)
2763 http cache get-symbol-description@https://registry.npmjs.org/get-symbol-description/-/get-symbol-description-1.1.0.tgz 0ms (cache hit)
2764 http cache globalthis@https://registry.npmjs.org/globalthis/-/globalthis-1.0.4.tgz 0ms (cache hit)
2765 http cache get-proto@https://registry.npmjs.org/get-proto/-/get-proto-1.0.1.tgz 0ms (cache hit)
2766 http cache function.prototype.name@https://registry.npmjs.org/function.prototype.name/-/function.prototype.name-1.2.0.tgz 0ms (cache hit)
2767 http cache es-to-primitive@https://registry.npmjs.org/es-to-primitive/-/es-to-primitive-1.3.4.tgz 0ms (cache hit)
2768 http cache data-view-byte-offset@https://registry.npmjs.org/data-view-byte-offset/-/data-view-byte-offset-1.0.1.tgz 0ms (cache hit)
2769 http cache data-view-byte-length@https://registry.npmjs.org/data-view-byte-length/-/data-view-byte-length-1.0.2.tgz 0ms (cache hit)
2770 http cache es-set-tostringtag@https://registry.npmjs.org/es-set-tostringtag/-/es-set-tostringtag-2.1.0.tgz 0ms (cache hit)
2771 http cache data-view-buffer@https://registry.npmjs.org/data-view-buffer/-/data-view-buffer-1.0.2.tgz 0ms (cache hit)
2772 http cache available-typed-arrays@https://registry.npmjs.org/available-typed-arrays/-/available-typed-arrays-1.0.7.tgz 0ms (cache hit)
2773 http cache arraybuffer.prototype.slice@https://registry.npmjs.org/arraybuffer.prototype.slice/-/arraybuffer.prototype.slice-1.0.4.tgz 0ms (cache hit)
2774 http cache gopd@https://registry.npmjs.org/gopd/-/gopd-1.2.0.tgz 0ms (cache hit)
2775 http cache array-buffer-byte-length@https://registry.npmjs.org/array-buffer-byte-length/-/array-buffer-byte-length-1.0.2.tgz 0ms (cache hit)
2776 http cache define-data-property@https://registry.npmjs.org/define-data-property/-/define-data-property-1.1.4.tgz 0ms (cache hit)
2777 http cache has-property-descriptors@https://registry.npmjs.org/has-property-descriptors/-/has-property-descriptors-1.0.2.tgz 0ms (cache hit)
2778 http cache object-keys@https://registry.npmjs.org/object-keys/-/object-keys-1.1.1.tgz 0ms (cache hit)
2779 http cache set-function-length@https://registry.npmjs.org/set-function-length/-/set-function-length-1.2.2.tgz 0ms (cache hit)
2780 http cache function-bind@https://registry.npmjs.org/function-bind/-/function-bind-1.1.2.tgz 0ms (cache hit)
2781 http cache es-define-property@https://registry.npmjs.org/es-define-property/-/es-define-property-1.0.1.tgz 0ms (cache hit)
2782 http cache es-shim-unscopables@https://registry.npmjs.org/es-shim-unscopables/-/es-shim-unscopables-1.1.0.tgz 0ms (cache hit)
2783 http cache call-bind-apply-helpers@https://registry.npmjs.org/call-bind-apply-helpers/-/call-bind-apply-helpers-1.0.2.tgz 0ms (cache hit)
2784 http cache get-intrinsic@https://registry.npmjs.org/get-intrinsic/-/get-intrinsic-1.3.0.tgz 0ms (cache hit)
2785 http cache es-errors@https://registry.npmjs.org/es-errors/-/es-errors-1.3.0.tgz 0ms (cache hit)
2786 http cache math-intrinsics@https://registry.npmjs.org/math-intrinsics/-/math-intrinsics-1.1.0.tgz 0ms (cache hit)
2787 http cache is-string@https://registry.npmjs.org/is-string/-/is-string-1.1.1.tgz 0ms (cache hit)
2788 http cache es-abstract@https://registry.npmjs.org/es-abstract/-/es-abstract-1.24.2.tgz 0ms (cache hit)
2789 http cache call-bind@https://registry.npmjs.org/call-bind/-/call-bind-1.0.9.tgz 0ms (cache hit)
2790 http cache es-object-atoms@https://registry.npmjs.org/es-object-atoms/-/es-object-atoms-1.1.2.tgz 0ms (cache hit)
2791 http cache define-properties@https://registry.npmjs.org/define-properties/-/define-properties-1.2.1.tgz 0ms (cache hit)
2792 http cache call-bound@https://registry.npmjs.org/call-bound/-/call-bound-1.0.4.tgz 0ms (cache hit)
2793 http cache tsconfig-paths@https://registry.npmjs.org/tsconfig-paths/-/tsconfig-paths-3.15.0.tgz 0ms (cache hit)
2794 http cache string.prototype.trimend@https://registry.npmjs.org/string.prototype.trimend/-/string.prototype.trimend-1.0.10.tgz 0ms (cache hit)
2795 http cache object.values@https://registry.npmjs.org/object.values/-/object.values-1.2.1.tgz 0ms (cache hit)
2796 http cache object.groupby@https://registry.npmjs.org/object.groupby/-/object.groupby-1.0.3.tgz 0ms (cache hit)
2797 http cache object.fromentries@https://registry.npmjs.org/object.fromentries/-/object.fromentries-2.0.8.tgz 0ms (cache hit)
2798 http cache hasown@https://registry.npmjs.org/hasown/-/hasown-2.0.4.tgz 0ms (cache hit)
2799 http cache doctrine@https://registry.npmjs.org/doctrine/-/doctrine-2.1.0.tgz 0ms (cache hit)
2800 http cache eslint-module-utils@https://registry.npmjs.org/eslint-module-utils/-/eslint-module-utils-2.14.0.tgz 0ms (cache hit)
2801 http cache array.prototype.flatmap@https://registry.npmjs.org/array.prototype.flatmap/-/array.prototype.flatmap-1.3.3.tgz 0ms (cache hit)
2802 http cache array.prototype.findlastindex@https://registry.npmjs.org/array.prototype.findlastindex/-/array.prototype.findlastindex-1.2.6.tgz 0ms (cache hit)
2803 http cache @rtsao/scc@https://registry.npmjs.org/@rtsao/scc/-/scc-1.1.0.tgz 0ms (cache hit)
2804 http cache array-includes@https://registry.npmjs.org/array-includes/-/array-includes-3.1.9.tgz 0ms (cache hit)
2805 http cache array.prototype.flat@https://registry.npmjs.org/array.prototype.flat/-/array.prototype.flat-1.3.3.tgz 0ms (cache hit)
2806 http cache unrs-resolver@https://registry.npmjs.org/unrs-resolver/-/unrs-resolver-1.12.2.tgz 0ms (cache hit)
2807 http cache is-bun-module@https://registry.npmjs.org/is-bun-module/-/is-bun-module-2.0.0.tgz 0ms (cache hit)
2808 http cache @nolyfill/is-core-module@https://registry.npmjs.org/@nolyfill/is-core-module/-/is-core-module-1.0.39.tgz 0ms (cache hit)
2809 http cache stable-hash@https://registry.npmjs.org/stable-hash/-/stable-hash-0.0.5.tgz 0ms (cache hit)
2810 http cache get-tsconfig@https://registry.npmjs.org/get-tsconfig/-/get-tsconfig-4.14.1.tgz 0ms (cache hit)
2811 http cache @typescript-eslint/tsconfig-utils@https://registry.npmjs.org/@typescript-eslint/tsconfig-utils/-/tsconfig-utils-8.66.0.tgz 0ms (cache hit)
2812 http cache resolve@https://registry.npmjs.org/resolve/-/resolve-2.0.0-next.7.tgz 0ms (cache hit)
2813 http cache @typescript-eslint/project-service@https://registry.npmjs.org/@typescript-eslint/project-service/-/project-service-8.66.0.tgz 0ms (cache hit)
2814 http cache tinyglobby@https://registry.npmjs.org/tinyglobby/-/tinyglobby-0.2.17.tgz 0ms (cache hit)
2815 http cache @typescript-eslint/typescript-estree@https://registry.npmjs.org/@typescript-eslint/typescript-estree/-/typescript-estree-8.66.0.tgz 0ms (cache hit)
2816 http cache is-core-module@https://registry.npmjs.org/is-core-module/-/is-core-module-2.16.2.tgz 0ms (cache hit)
2817 http cache ts-api-utils@https://registry.npmjs.org/ts-api-utils/-/ts-api-utils-2.5.0.tgz 0ms (cache hit)
2818 http cache @typescript-eslint/types@https://registry.npmjs.org/@typescript-eslint/types/-/types-8.66.0.tgz 0ms (cache hit)
2819 http cache semver@https://registry.npmjs.org/semver/-/semver-7.8.5.tgz 0ms (cache hit)
2820 http cache @typescript-eslint/utils@https://registry.npmjs.org/@typescript-eslint/utils/-/utils-8.66.0.tgz 0ms (cache hit)
2821 http cache @typescript-eslint/visitor-keys@https://registry.npmjs.org/@typescript-eslint/visitor-keys/-/visitor-keys-8.66.0.tgz 0ms (cache hit)
2822 http cache @typescript-eslint/type-utils@https://registry.npmjs.org/@typescript-eslint/type-utils/-/type-utils-8.66.0.tgz 0ms (cache hit)
2823 http cache @typescript-eslint/scope-manager@https://registry.npmjs.org/@typescript-eslint/scope-manager/-/scope-manager-8.66.0.tgz 0ms (cache hit)
2824 http cache fast-glob@https://registry.npmjs.org/fast-glob/-/fast-glob-3.3.1.tgz 0ms (cache hit)
2825 http cache eslint-plugin-jsx-a11y@https://registry.npmjs.org/eslint-plugin-jsx-a11y/-/eslint-plugin-jsx-a11y-6.10.2.tgz 0ms (cache hit)
2826 http cache eslint-plugin-react-hooks@https://registry.npmjs.org/eslint-plugin-react-hooks/-/eslint-plugin-react-hooks-5.2.0.tgz 0ms (cache hit)
2827 http cache @typescript-eslint/parser@https://registry.npmjs.org/@typescript-eslint/parser/-/parser-8.66.0.tgz 0ms (cache hit)
2828 http cache @typescript-eslint/eslint-plugin@https://registry.npmjs.org/@typescript-eslint/eslint-plugin/-/eslint-plugin-8.66.0.tgz 0ms (cache hit)
2829 http cache eslint-plugin-react@https://registry.npmjs.org/eslint-plugin-react/-/eslint-plugin-react-7.37.5.tgz 0ms (cache hit)
2830 http cache eslint-plugin-import@https://registry.npmjs.org/eslint-plugin-import/-/eslint-plugin-import-2.32.0.tgz 0ms (cache hit)
2831 http cache eslint-import-resolver-typescript@https://registry.npmjs.org/eslint-import-resolver-typescript/-/eslint-import-resolver-typescript-3.10.1.tgz 0ms (cache hit)
2832 http cache @rushstack/eslint-patch@https://registry.npmjs.org/@rushstack/eslint-patch/-/eslint-patch-1.16.1.tgz 0ms (cache hit)
2833 http cache eslint-import-resolver-node@https://registry.npmjs.org/eslint-import-resolver-node/-/eslint-import-resolver-node-0.3.10.tgz 0ms (cache hit)
2834 http cache @next/eslint-plugin-next@https://registry.npmjs.org/@next/eslint-plugin-next/-/eslint-plugin-next-15.5.22.tgz 0ms (cache hit)
2835 http cache which@https://registry.npmjs.org/which/-/which-2.0.2.tgz 0ms (cache hit)
2836 http cache path-key@https://registry.npmjs.org/path-key/-/path-key-3.1.1.tgz 0ms (cache hit)
2837 http cache color-name@https://registry.npmjs.org/color-name/-/color-name-1.1.4.tgz 0ms (cache hit)
2838 http cache color-convert@https://registry.npmjs.org/color-convert/-/color-convert-2.0.1.tgz 0ms (cache hit)
2839 http cache ansi-styles@https://registry.npmjs.org/ansi-styles/-/ansi-styles-4.3.0.tgz 0ms (cache hit)
2840 http cache supports-color@https://registry.npmjs.org/supports-color/-/supports-color-7.2.0.tgz 0ms (cache hit)
2841 http cache shebang-command@https://registry.npmjs.org/shebang-command/-/shebang-command-2.0.0.tgz 0ms (cache hit)
2842 http cache @humanfs/types@https://registry.npmjs.org/@humanfs/types/-/types-0.15.0.tgz 0ms (cache hit)
2843 http cache @humanfs/core@https://registry.npmjs.org/@humanfs/core/-/core-0.19.2.tgz 0ms (cache hit)
2844 http cache @types/json-schema@https://registry.npmjs.org/@types/json-schema/-/json-schema-7.0.15.tgz 1ms (cache hit)
2845 http cache levn@https://registry.npmjs.org/levn/-/levn-0.4.1.tgz 0ms (cache hit)
2846 http cache @eslint/object-schema@https://registry.npmjs.org/@eslint/object-schema/-/object-schema-2.1.7.tgz 0ms (cache hit)
2847 http cache optionator@https://registry.npmjs.org/optionator/-/optionator-0.9.4.tgz 0ms (cache hit)
2848 http cache natural-compare@https://registry.npmjs.org/natural-compare/-/natural-compare-1.4.0.tgz 0ms (cache hit)
2849 http cache is-glob@https://registry.npmjs.org/is-glob/-/is-glob-4.0.3.tgz 0ms (cache hit)
2850 http cache json-stable-stringify-without-jsonify@https://registry.npmjs.org/json-stable-stringify-without-jsonify/-/json-stable-stringify-without-jsonify-1.0.1.tgz 0ms (cache hit)
2851 http cache lodash.merge@https://registry.npmjs.org/lodash.merge/-/lodash.merge-4.6.2.tgz 0ms (cache hit)
2852 http cache imurmurhash@https://registry.npmjs.org/imurmurhash/-/imurmurhash-0.1.4.tgz 0ms (cache hit)
2853 http cache glob-parent@https://registry.npmjs.org/glob-parent/-/glob-parent-6.0.2.tgz 0ms (cache hit)
2854 http cache find-up@https://registry.npmjs.org/find-up/-/find-up-5.0.0.tgz 0ms (cache hit)
2855 http cache esutils@https://registry.npmjs.org/esutils/-/esutils-2.0.3.tgz 0ms (cache hit)
2856 http cache file-entry-cache@https://registry.npmjs.org/file-entry-cache/-/file-entry-cache-8.0.0.tgz 0ms (cache hit)
2857 http cache esquery@https://registry.npmjs.org/esquery/-/esquery-1.7.0.tgz 0ms (cache hit)
2858 http cache eslint-visitor-keys@https://registry.npmjs.org/eslint-visitor-keys/-/eslint-visitor-keys-4.2.1.tgz 0ms (cache hit)
2859 http cache eslint-scope@https://registry.npmjs.org/eslint-scope/-/eslint-scope-8.4.0.tgz 0ms (cache hit)
2860 http cache @humanwhocodes/retry@https://registry.npmjs.org/@humanwhocodes/retry/-/retry-0.4.3.tgz 0ms (cache hit)
2861 http cache escape-string-regexp@https://registry.npmjs.org/escape-string-regexp/-/escape-string-regexp-4.0.0.tgz 0ms (cache hit)
2862 http cache @humanwhocodes/module-importer@https://registry.npmjs.org/@humanwhocodes/module-importer/-/module-importer-1.0.1.tgz 0ms (cache hit)
2863 http cache @types/estree@https://registry.npmjs.org/@types/estree/-/estree-1.0.9.tgz 0ms (cache hit)
2864 http cache cross-spawn@https://registry.npmjs.org/cross-spawn/-/cross-spawn-7.0.6.tgz 0ms (cache hit)
2865 http cache @humanfs/node@https://registry.npmjs.org/@humanfs/node/-/node-0.16.8.tgz 0ms (cache hit)
2866 http cache chalk@https://registry.npmjs.org/chalk/-/chalk-4.1.2.tgz 0ms (cache hit)
2867 http cache @eslint/plugin-kit@https://registry.npmjs.org/@eslint/plugin-kit/-/plugin-kit-0.4.1.tgz 0ms (cache hit)
2868 http cache @eslint/js@https://registry.npmjs.org/@eslint/js/-/js-9.39.5.tgz 0ms (cache hit)
2869 http cache @eslint/core@https://registry.npmjs.org/@eslint/core/-/core-0.17.0.tgz 0ms (cache hit)
2870 http cache @eslint/config-helpers@https://registry.npmjs.org/@eslint/config-helpers/-/config-helpers-0.4.2.tgz 0ms (cache hit)
2871 http cache @eslint-community/regexpp@https://registry.npmjs.org/@eslint-community/regexpp/-/regexpp-4.12.2.tgz 0ms (cache hit)
2872 http cache @eslint/config-array@https://registry.npmjs.org/@eslint/config-array/-/config-array-0.21.2.tgz 0ms (cache hit)
2873 http cache ms@https://registry.npmjs.org/ms/-/ms-2.1.3.tgz 0ms (cache hit)
2874 http cache @eslint-community/eslint-utils@https://registry.npmjs.org/@eslint-community/eslint-utils/-/eslint-utils-4.10.1.tgz 0ms (cache hit)
2875 http cache update-browserslist-db@https://registry.npmjs.org/update-browserslist-db/-/update-browserslist-db-1.2.3.tgz 0ms (cache hit)
2876 http cache electron-to-chromium@https://registry.npmjs.org/electron-to-chromium/-/electron-to-chromium-1.5.400.tgz 0ms (cache hit)
2877 http cache baseline-browser-mapping@https://registry.npmjs.org/baseline-browser-mapping/-/baseline-browser-mapping-2.11.12.tgz 0ms (cache hit)
2878 http cache proxy-from-env@https://registry.npmjs.org/proxy-from-env/-/proxy-from-env-2.1.0.tgz 0ms (cache hit)
2879 http cache node-releases@https://registry.npmjs.org/node-releases/-/node-releases-2.0.52.tgz 0ms (cache hit)
2880 http cache https-proxy-agent@https://registry.npmjs.org/https-proxy-agent/-/https-proxy-agent-5.0.1.tgz 0ms (cache hit)
2881 http cache form-data@https://registry.npmjs.org/form-data/-/form-data-4.0.6.tgz 0ms (cache hit)
2882 http cache follow-redirects@https://registry.npmjs.org/follow-redirects/-/follow-redirects-1.16.0.tgz 0ms (cache hit)
2883 http cache postcss-value-parser@https://registry.npmjs.org/postcss-value-parser/-/postcss-value-parser-4.2.0.tgz 0ms (cache hit)
2884 http cache caniuse-lite@https://registry.npmjs.org/caniuse-lite/-/caniuse-lite-1.0.30001806.tgz 0ms (cache hit)
2885 http cache picocolors@https://registry.npmjs.org/picocolors/-/picocolors-1.1.1.tgz 0ms (cache hit)
2886 http cache fraction.js@https://registry.npmjs.org/fraction.js/-/fraction.js-5.3.4.tgz 0ms (cache hit)
2887 http cache uri-js@https://registry.npmjs.org/uri-js/-/uri-js-4.4.1.tgz 0ms (cache hit)
2888 http cache json-schema-traverse@https://registry.npmjs.org/json-schema-traverse/-/json-schema-traverse-0.4.1.tgz 0ms (cache hit)
2889 http cache fast-json-stable-stringify@https://registry.npmjs.org/fast-json-stable-stringify/-/fast-json-stable-stringify-2.1.0.tgz 0ms (cache hit)
2890 http cache browserslist@https://registry.npmjs.org/browserslist/-/browserslist-4.28.7.tgz 0ms (cache hit)
2891 http cache fast-deep-equal@https://registry.npmjs.org/fast-deep-equal/-/fast-deep-equal-3.1.3.tgz 1ms (cache hit)
2892 http cache csstype@https://registry.npmjs.org/csstype/-/csstype-3.2.3.tgz 0ms (cache hit)
2893 http cache @radix-ui/react-compose-refs@https://registry.npmjs.org/@radix-ui/react-compose-refs/-/react-compose-refs-1.1.5.tgz 0ms (cache hit)
2894 http cache undici-types@https://registry.npmjs.org/undici-types/-/undici-types-6.21.0.tgz 0ms (cache hit)
2895 http cache strip-json-comments@https://registry.npmjs.org/strip-json-comments/-/strip-json-comments-3.1.1.tgz 0ms (cache hit)
2896 http cache minimatch@https://registry.npmjs.org/minimatch/-/minimatch-3.1.5.tgz 0ms (cache hit)
2897 http cache js-yaml@https://registry.npmjs.org/js-yaml/-/js-yaml-4.3.1.tgz 0ms (cache hit)
2898 http cache ignore@https://registry.npmjs.org/ignore/-/ignore-5.3.2.tgz 0ms (cache hit)
2899 http cache globals@https://registry.npmjs.org/globals/-/globals-14.0.0.tgz 0ms (cache hit)
2900 http cache import-fresh@https://registry.npmjs.org/import-fresh/-/import-fresh-3.3.1.tgz 0ms (cache hit)
2901 http cache espree@https://registry.npmjs.org/espree/-/espree-10.4.0.tgz 0ms (cache hit)
2902 http cache debug@https://registry.npmjs.org/debug/-/debug-4.4.3.tgz 0ms (cache hit)
2903 http cache ajv@https://registry.npmjs.org/ajv/-/ajv-6.15.0.tgz 0ms (cache hit)
2904 http cache tailwindcss@https://registry.npmjs.org/tailwindcss/-/tailwindcss-3.4.19.tgz 0ms (cache hit)
2905 http cache typescript@https://registry.npmjs.org/typescript/-/typescript-5.9.3.tgz 0ms (cache hit)
2906 http cache tailwind-merge@https://registry.npmjs.org/tailwind-merge/-/tailwind-merge-2.6.1.tgz 0ms (cache hit)
2907 http cache react-dom@https://registry.npmjs.org/react-dom/-/react-dom-19.2.8.tgz 0ms (cache hit)
2908 http cache next@https://registry.npmjs.org/next/-/next-15.5.22.tgz 0ms (cache hit)
2909 http cache eslint-config-next@https://registry.npmjs.org/eslint-config-next/-/eslint-config-next-15.5.22.tgz 0ms (cache hit)
2910 http cache clsx@https://registry.npmjs.org/clsx/-/clsx-2.1.1.tgz 0ms (cache hit)
2911 http cache eslint@https://registry.npmjs.org/eslint/-/eslint-9.39.5.tgz 0ms (cache hit)
2912 http cache lucide-react@https://registry.npmjs.org/lucide-react/-/lucide-react-0.468.0.tgz 0ms (cache hit)
2913 http cache class-variance-authority@https://registry.npmjs.org/class-variance-authority/-/class-variance-authority-0.7.1.tgz 0ms (cache hit)
2914 http cache axios@https://registry.npmjs.org/axios/-/axios-1.19.0.tgz 0ms (cache hit)
2915 http cache @types/react-dom@https://registry.npmjs.org/@types/react-dom/-/react-dom-19.2.4.tgz 0ms (cache hit)
2916 http cache postcss@https://registry.npmjs.org/postcss/-/postcss-8.5.25.tgz 0ms (cache hit)
2917 http cache autoprefixer@https://registry.npmjs.org/autoprefixer/-/autoprefixer-10.5.4.tgz 0ms (cache hit)
2918 http cache @types/react@https://registry.npmjs.org/@types/react/-/react-19.2.18.tgz 0ms (cache hit)
2919 http cache react@https://registry.npmjs.org/react/-/react-19.2.8.tgz 0ms (cache hit)
2920 http cache @radix-ui/react-slot@https://registry.npmjs.org/@radix-ui/react-slot/-/react-slot-1.3.3.tgz 0ms (cache hit)
2921 http cache @eslint/eslintrc@https://registry.npmjs.org/@eslint/eslintrc/-/eslintrc-3.3.6.tgz 0ms (cache hit)
2922 http cache @types/node@https://registry.npmjs.org/@types/node/-/node-22.20.1.tgz 0ms (cache hit)
2923 http cache @emnapi/runtime@https://registry.npmjs.org/@emnapi/runtime/-/runtime-1.10.0.tgz 0ms (cache hit)
2924 http cache semver@https://registry.npmjs.org/semver/-/semver-6.3.1.tgz 0ms (cache hit)
2925 http cache glob-parent@https://registry.npmjs.org/glob-parent/-/glob-parent-5.1.2.tgz 0ms (cache hit)
2926 http cache resolve@https://registry.npmjs.org/resolve/-/resolve-1.22.12.tgz 0ms (cache hit)
2927 http cache debug@https://registry.npmjs.org/debug/-/debug-3.2.7.tgz 0ms (cache hit)
2928 http cache picomatch@https://registry.npmjs.org/picomatch/-/picomatch-4.0.5.tgz 0ms (cache hit)
2929 http cache fdir@https://registry.npmjs.org/fdir/-/fdir-6.5.0.tgz 0ms (cache hit)
2930 http cache glob-parent@https://registry.npmjs.org/glob-parent/-/glob-parent-5.1.2.tgz 0ms (cache hit)
2931 http cache brace-expansion@https://registry.npmjs.org/brace-expansion/-/brace-expansion-5.0.9.tgz 0ms (cache hit)
2932 http cache eslint-visitor-keys@https://registry.npmjs.org/eslint-visitor-keys/-/eslint-visitor-keys-5.0.1.tgz 0ms (cache hit)
2933 http cache semver@https://registry.npmjs.org/semver/-/semver-6.3.1.tgz 0ms (cache hit)
2934 http cache balanced-match@https://registry.npmjs.org/balanced-match/-/balanced-match-4.0.4.tgz 0ms (cache hit)
2935 http cache minimatch@https://registry.npmjs.org/minimatch/-/minimatch-10.2.6.tgz 0ms (cache hit)
2936 http cache semver@https://registry.npmjs.org/semver/-/semver-6.3.1.tgz 0ms (cache hit)
2937 http cache debug@https://registry.npmjs.org/debug/-/debug-3.2.7.tgz 0ms (cache hit)
2938 http cache debug@https://registry.npmjs.org/debug/-/debug-3.2.7.tgz 0ms (cache hit)
2939 http cache eslint-visitor-keys@https://registry.npmjs.org/eslint-visitor-keys/-/eslint-visitor-keys-3.4.3.tgz 0ms (cache hit)
2940 http cache glob-parent@https://registry.npmjs.org/glob-parent/-/glob-parent-5.1.2.tgz 0ms (cache hit)
2941 http cache ignore@https://registry.npmjs.org/ignore/-/ignore-7.0.6.tgz 0ms (cache hit)
2942 http cache postcss@https://registry.npmjs.org/postcss/-/postcss-8.4.31.tgz 0ms (cache hit)
2943 silly tarball no local data for is-weakset@https://registry.npmjs.org/is-weakset/-/is-weakset-2.0.4.tgz. Extracting by manifest.
2944 http cache resolve@https://registry.npmjs.org/resolve/-/resolve-1.22.12.tgz 0ms (cache hit)
2945 silly tarball no local data for is-map@https://registry.npmjs.org/is-map/-/is-map-2.0.3.tgz. Extracting by manifest.
2946 http cache fast-glob@https://registry.npmjs.org/fast-glob/-/fast-glob-3.3.3.tgz 0ms (cache hit)
2947 silly tarball no local data for async-function@https://registry.npmjs.org/async-function/-/async-function-1.0.0.tgz. Extracting by manifest.
2948 silly tarball no local data for is-weakmap@https://registry.npmjs.org/is-weakmap/-/is-weakmap-2.0.2.tgz. Extracting by manifest.
2949 silly tarball no local data for generator-function@https://registry.npmjs.org/generator-function/-/generator-function-2.0.1.tgz. Extracting by manifest.
2950 silly tarball no local data for which-collection@https://registry.npmjs.org/which-collection/-/which-collection-1.0.2.tgz. Extracting by manifest.
2951 silly tarball no local data for is-generator-function@https://registry.npmjs.org/is-generator-function/-/is-generator-function-1.1.2.tgz. Extracting by manifest.
2952 silly tarball no local data for is-number-object@https://registry.npmjs.org/is-number-object/-/is-number-object-1.1.1.tgz. Extracting by manifest.
2953 silly tarball no local data for is-finalizationregistry@https://registry.npmjs.org/is-finalizationregistry/-/is-finalizationregistry-1.1.1.tgz. Extracting by manifest.
2954 silly tarball no local data for is-async-function@https://registry.npmjs.org/is-async-function/-/is-async-function-2.1.1.tgz. Extracting by manifest.
2955 silly tarball no local data for is-boolean-object@https://registry.npmjs.org/is-boolean-object/-/is-boolean-object-1.2.2.tgz. Extracting by manifest.
2956 silly tarball no local data for is-bigint@https://registry.npmjs.org/is-bigint/-/is-bigint-1.1.0.tgz. Extracting by manifest.
2957 silly tarball no local data for isexe@https://registry.npmjs.org/isexe/-/isexe-2.0.0.tgz. Extracting by manifest.
2958 silly tarball no local data for punycode@https://registry.npmjs.org/punycode/-/punycode-2.3.1.tgz. Extracting by manifest.
2959 silly tarball no local data for @tybys/wasm-util@https://registry.npmjs.org/@tybys/wasm-util/-/wasm-util-0.10.3.tgz. Extracting by manifest.
2960 silly tarball no local data for @emnapi/wasi-threads@https://registry.npmjs.org/@emnapi/wasi-threads/-/wasi-threads-1.2.1.tgz. Extracting by manifest.
2961 silly tarball no local data for @emnapi/core@https://registry.npmjs.org/@emnapi/core/-/core-1.10.0.tgz. Extracting by manifest.
2962 silly tarball no local data for napi-postinstall@https://registry.npmjs.org/napi-postinstall/-/napi-postinstall-0.3.4.tgz. Extracting by manifest.
2963 silly tarball no local data for escalade@https://registry.npmjs.org/escalade/-/escalade-3.2.0.tgz. Extracting by manifest.
2964 silly tarball no local data for @napi-rs/wasm-runtime@https://registry.npmjs.org/@napi-rs/wasm-runtime/-/wasm-runtime-1.2.2.tgz. Extracting by manifest.
2965 silly tarball no local data for @unrs/resolver-binding-win32-x64-msvc@https://registry.npmjs.org/@unrs/resolver-binding-win32-x64-msvc/-/resolver-binding-win32-x64-msvc-1.12.2.tgz. Extracting by manifest.
2966 silly tarball no local data for which-builtin-type@https://registry.npmjs.org/which-builtin-type/-/which-builtin-type-1.2.1.tgz. Extracting by manifest.
2967 silly tarball no local data for which-boxed-primitive@https://registry.npmjs.org/which-boxed-primitive/-/which-boxed-primitive-1.1.1.tgz. Extracting by manifest.
2968 silly tarball no local data for has-bigints@https://registry.npmjs.org/has-bigints/-/has-bigints-1.1.0.tgz. Extracting by manifest.
2969 silly tarball no local data for reflect.getprototypeof@https://registry.npmjs.org/reflect.getprototypeof/-/reflect.getprototypeof-1.0.10.tgz. Extracting by manifest.
2970 silly tarball no local data for for-each@https://registry.npmjs.org/for-each/-/for-each-0.3.5.tgz. Extracting by manifest.
2971 silly tarball no local data for minimist@https://registry.npmjs.org/minimist/-/minimist-1.2.8.tgz. Extracting by manifest.
2972 silly tarball no local data for strip-bom@https://registry.npmjs.org/strip-bom/-/strip-bom-3.0.0.tgz. Extracting by manifest.
2973 silly tarball no local data for thenify-all@https://registry.npmjs.org/thenify-all/-/thenify-all-1.6.0.tgz. Extracting by manifest.
2974 silly tarball no local data for json5@https://registry.npmjs.org/json5/-/json5-1.0.2.tgz. Extracting by manifest.
2975 silly tarball no local data for @types/json5@https://registry.npmjs.org/@types/json5/-/json5-0.0.29.tgz. Extracting by manifest.
2976 silly tarball no local data for thenify@https://registry.npmjs.org/thenify/-/thenify-3.3.1.tgz. Extracting by manifest.
2977 silly tarball no local data for is-number@https://registry.npmjs.org/is-number/-/is-number-7.0.0.tgz. Extracting by manifest.
2978 silly tarball no local data for any-promise@https://registry.npmjs.org/any-promise/-/any-promise-1.3.0.tgz. Extracting by manifest.
2979 silly tarball no local data for ts-interface-checker@https://registry.npmjs.org/ts-interface-checker/-/ts-interface-checker-0.1.13.tgz. Extracting by manifest.
2980 silly tarball no local data for mz@https://registry.npmjs.org/mz/-/mz-2.7.0.tgz. Extracting by manifest.
2981 silly tarball no local data for @jridgewell/trace-mapping@https://registry.npmjs.org/@jridgewell/trace-mapping/-/trace-mapping-0.3.31.tgz. Extracting by manifest.
2982 silly tarball no local data for @jridgewell/resolve-uri@https://registry.npmjs.org/@jridgewell/resolve-uri/-/resolve-uri-3.1.2.tgz. Extracting by manifest.
2983 silly tarball no local data for @jridgewell/gen-mapping@https://registry.npmjs.org/@jridgewell/gen-mapping/-/gen-mapping-0.3.13.tgz. Extracting by manifest.
2984 silly tarball no local data for pirates@https://registry.npmjs.org/pirates/-/pirates-4.0.7.tgz. Extracting by manifest.
2985 silly tarball no local data for @jridgewell/sourcemap-codec@https://registry.npmjs.org/@jridgewell/sourcemap-codec/-/sourcemap-codec-1.5.5.tgz. Extracting by manifest.
2986 silly tarball no local data for commander@https://registry.npmjs.org/commander/-/commander-4.1.1.tgz. Extracting by manifest.
2987 silly tarball no local data for lines-and-columns@https://registry.npmjs.org/lines-and-columns/-/lines-and-columns-1.2.4.tgz. Extracting by manifest.
2988 silly tarball no local data for util-deprecate@https://registry.npmjs.org/util-deprecate/-/util-deprecate-1.0.2.tgz. Extracting by manifest.
2989 silly tarball no local data for pify@https://registry.npmjs.org/pify/-/pify-2.3.0.tgz. Extracting by manifest.
2990 silly tarball no local data for cssesc@https://registry.npmjs.org/cssesc/-/cssesc-3.0.0.tgz. Extracting by manifest.
2991 silly tarball no local data for camelcase-css@https://registry.npmjs.org/camelcase-css/-/camelcase-css-2.0.1.tgz. Extracting by manifest.
2992 silly tarball no local data for read-cache@https://registry.npmjs.org/read-cache/-/read-cache-1.0.0.tgz. Extracting by manifest.
2993 silly tarball no local data for binary-extensions@https://registry.npmjs.org/binary-extensions/-/binary-extensions-2.3.0.tgz. Extracting by manifest.
2994 silly tarball no local data for readdirp@https://registry.npmjs.org/readdirp/-/readdirp-3.6.0.tgz. Extracting by manifest.
2995 silly tarball no local data for anymatch@https://registry.npmjs.org/anymatch/-/anymatch-3.1.3.tgz. Extracting by manifest.
2996 silly tarball no local data for is-binary-path@https://registry.npmjs.org/is-binary-path/-/is-binary-path-2.1.0.tgz. Extracting by manifest.
2997 silly tarball no local data for sucrase@https://registry.npmjs.org/sucrase/-/sucrase-3.35.1.tgz. Extracting by manifest.
2998 silly tarball no local data for postcss-selector-parser@https://registry.npmjs.org/postcss-selector-parser/-/postcss-selector-parser-6.1.4.tgz. Extracting by manifest.
2999 silly tarball no local data for postcss-nested@https://registry.npmjs.org/postcss-nested/-/postcss-nested-6.2.0.tgz. Extracting by manifest.
3000 silly tarball no local data for postcss-js@https://registry.npmjs.org/postcss-js/-/postcss-js-4.1.0.tgz. Extracting by manifest.
3001 silly tarball no local data for postcss-load-config@https://registry.npmjs.org/postcss-load-config/-/postcss-load-config-6.0.1.tgz. Extracting by manifest.
3002 silly tarball no local data for postcss-import@https://registry.npmjs.org/postcss-import/-/postcss-import-15.1.0.tgz. Extracting by manifest.
3003 silly tarball no local data for object-hash@https://registry.npmjs.org/object-hash/-/object-hash-3.0.0.tgz. Extracting by manifest.
3004 silly tarball no local data for normalize-path@https://registry.npmjs.org/normalize-path/-/normalize-path-3.0.0.tgz. Extracting by manifest.
3005 silly tarball no local data for jiti@https://registry.npmjs.org/jiti/-/jiti-1.21.7.tgz. Extracting by manifest.
3006 silly tarball no local data for lilconfig@https://registry.npmjs.org/lilconfig/-/lilconfig-3.1.3.tgz. Extracting by manifest.
3007 silly tarball no local data for dlv@https://registry.npmjs.org/dlv/-/dlv-1.1.3.tgz. Extracting by manifest.
3008 silly tarball no local data for @alloc/quick-lru@https://registry.npmjs.org/@alloc/quick-lru/-/quick-lru-5.2.0.tgz. Extracting by manifest.
3009 silly tarball no local data for didyoumean@https://registry.npmjs.org/didyoumean/-/didyoumean-1.2.2.tgz. Extracting by manifest.
3010 silly tarball no local data for arg@https://registry.npmjs.org/arg/-/arg-5.0.2.tgz. Extracting by manifest.
3011 silly tarball no local data for chokidar@https://registry.npmjs.org/chokidar/-/chokidar-3.6.0.tgz. Extracting by manifest.
3012 silly tarball no local data for client-only@https://registry.npmjs.org/client-only/-/client-only-0.0.1.tgz. Extracting by manifest.
3013 silly tarball no local data for has-flag@https://registry.npmjs.org/has-flag/-/has-flag-4.0.0.tgz. Extracting by manifest.
3014 silly tarball no local data for side-channel-weakmap@https://registry.npmjs.org/side-channel-weakmap/-/side-channel-weakmap-1.0.2.tgz. Extracting by manifest.
3015 silly tarball no local data for @emnapi/runtime@https://registry.npmjs.org/@emnapi/runtime/-/runtime-1.11.3.tgz. Extracting by manifest.
3016 silly tarball no local data for side-channel-list@https://registry.npmjs.org/side-channel-list/-/side-channel-list-1.0.1.tgz. Extracting by manifest.
3017 silly tarball no local data for side-channel-map@https://registry.npmjs.org/side-channel-map/-/side-channel-map-1.0.1.tgz. Extracting by manifest.
3018 silly tarball no local data for @img/sharp-win32-x64@https://registry.npmjs.org/@img/sharp-win32-x64/-/sharp-win32-x64-0.34.5.tgz. Extracting by manifest.
3019 silly tarball no local data for @img/colour@https://registry.npmjs.org/@img/colour/-/colour-1.1.0.tgz. Extracting by manifest.
3020 silly tarball no local data for shebang-regex@https://registry.npmjs.org/shebang-regex/-/shebang-regex-3.0.0.tgz. Extracting by manifest.
3021 silly tarball no local data for detect-libc@https://registry.npmjs.org/detect-libc/-/detect-libc-2.1.2.tgz. Extracting by manifest.
3022 silly tarball no local data for isarray@https://registry.npmjs.org/isarray/-/isarray-2.0.5.tgz. Extracting by manifest.
3023 silly tarball no local data for supports-preserve-symlinks-flag@https://registry.npmjs.org/supports-preserve-symlinks-flag/-/supports-preserve-symlinks-flag-1.0.0.tgz. Extracting by manifest.
3024 silly tarball no local data for path-parse@https://registry.npmjs.org/path-parse/-/path-parse-1.0.7.tgz. Extracting by manifest.
3025 silly tarball no local data for scheduler@https://registry.npmjs.org/scheduler/-/scheduler-0.27.0.tgz. Extracting by manifest.
3026 silly tarball no local data for queue-microtask@https://registry.npmjs.org/queue-microtask/-/queue-microtask-1.2.3.tgz. Extracting by manifest.
3027 silly tarball no local data for node-exports-info@https://registry.npmjs.org/node-exports-info/-/node-exports-info-1.6.2.tgz. Extracting by manifest.
3028 silly tarball no local data for js-tokens@https://registry.npmjs.org/js-tokens/-/js-tokens-4.0.0.tgz. Extracting by manifest.
3029 silly tarball no local data for react-is@https://registry.npmjs.org/react-is/-/react-is-16.13.1.tgz. Extracting by manifest.
3030 silly tarball no local data for loose-envify@https://registry.npmjs.org/loose-envify/-/loose-envify-1.4.0.tgz. Extracting by manifest.
3031 silly tarball no local data for source-map-js@https://registry.npmjs.org/source-map-js/-/source-map-js-1.2.1.tgz. Extracting by manifest.
3032 silly tarball no local data for nanoid@https://registry.npmjs.org/nanoid/-/nanoid-3.3.17.tgz. Extracting by manifest.
3033 silly tarball no local data for object-assign@https://registry.npmjs.org/object-assign/-/object-assign-4.1.1.tgz. Extracting by manifest.
3034 silly tarball no local data for callsites@https://registry.npmjs.org/callsites/-/callsites-3.1.0.tgz. Extracting by manifest.
3035 silly tarball no local data for yocto-queue@https://registry.npmjs.org/yocto-queue/-/yocto-queue-0.1.0.tgz. Extracting by manifest.
3036 silly tarball no local data for p-limit@https://registry.npmjs.org/p-limit/-/p-limit-3.1.0.tgz. Extracting by manifest.
3037 silly tarball no local data for fast-levenshtein@https://registry.npmjs.org/fast-levenshtein/-/fast-levenshtein-2.0.6.tgz. Extracting by manifest.
3038 silly tarball no local data for deep-is@https://registry.npmjs.org/deep-is/-/deep-is-0.1.4.tgz. Extracting by manifest.
3039 silly tarball no local data for word-wrap@https://registry.npmjs.org/word-wrap/-/word-wrap-1.2.5.tgz. Extracting by manifest.
3040 silly tarball no local data for tslib@https://registry.npmjs.org/tslib/-/tslib-2.8.1.tgz. Extracting by manifest.
3041 silly tarball no local data for @swc/helpers@https://registry.npmjs.org/@swc/helpers/-/helpers-0.5.15.tgz. Extracting by manifest.
3042 silly tarball no local data for styled-jsx@https://registry.npmjs.org/styled-jsx/-/styled-jsx-5.1.6.tgz. Extracting by manifest.
3043 silly tarball no local data for @next/swc-win32-x64-msvc@https://registry.npmjs.org/@next/swc-win32-x64-msvc/-/swc-win32-x64-msvc-15.5.22.tgz. Extracting by manifest.
3044 silly tarball no local data for sharp@https://registry.npmjs.org/sharp/-/sharp-0.34.5.tgz. Extracting by manifest.
3045 silly tarball no local data for @next/env@https://registry.npmjs.org/@next/env/-/env-15.5.22.tgz. Extracting by manifest.
3046 silly tarball no local data for concat-map@https://registry.npmjs.org/concat-map/-/concat-map-0.0.1.tgz. Extracting by manifest.
3047 silly tarball no local data for balanced-match@https://registry.npmjs.org/balanced-match/-/balanced-match-1.0.2.tgz. Extracting by manifest.
3048 silly tarball no local data for mime-db@https://registry.npmjs.org/mime-db/-/mime-db-1.52.0.tgz. Extracting by manifest.
3049 silly tarball no local data for brace-expansion@https://registry.npmjs.org/brace-expansion/-/brace-expansion-1.1.18.tgz. Extracting by manifest.
3050 silly tarball no local data for to-regex-range@https://registry.npmjs.org/to-regex-range/-/to-regex-range-5.0.1.tgz. Extracting by manifest.
3051 silly tarball no local data for fill-range@https://registry.npmjs.org/fill-range/-/fill-range-7.1.1.tgz. Extracting by manifest.
3052 silly tarball no local data for picomatch@https://registry.npmjs.org/picomatch/-/picomatch-2.3.2.tgz. Extracting by manifest.
3053 silly tarball no local data for p-locate@https://registry.npmjs.org/p-locate/-/p-locate-5.0.0.tgz. Extracting by manifest.
3054 silly tarball no local data for braces@https://registry.npmjs.org/braces/-/braces-3.0.3.tgz. Extracting by manifest.
3055 silly tarball no local data for type-check@https://registry.npmjs.org/type-check/-/type-check-0.4.0.tgz. Extracting by manifest.
3056 silly tarball no local data for prelude-ls@https://registry.npmjs.org/prelude-ls/-/prelude-ls-1.2.1.tgz. Extracting by manifest.
3057 silly tarball no local data for language-subtag-registry@https://registry.npmjs.org/language-subtag-registry/-/language-subtag-registry-0.3.23.tgz. Extracting by manifest.
3058 silly tarball no local data for argparse@https://registry.npmjs.org/argparse/-/argparse-2.0.1.tgz. Extracting by manifest.
3059 silly tarball no local data for json-buffer@https://registry.npmjs.org/json-buffer/-/json-buffer-3.0.1.tgz. Extracting by manifest.
3060 silly tarball no local data for set-function-name@https://registry.npmjs.org/set-function-name/-/set-function-name-2.0.2.tgz. Extracting by manifest.
3061 silly tarball no local data for is-extglob@https://registry.npmjs.org/is-extglob/-/is-extglob-2.1.1.tgz. Extracting by manifest.
3062 silly tarball no local data for side-channel@https://registry.npmjs.org/side-channel/-/side-channel-1.1.1.tgz. Extracting by manifest.
3063 silly tarball no local data for parent-module@https://registry.npmjs.org/parent-module/-/parent-module-1.0.1.tgz. Extracting by manifest.
3064 silly tarball no local data for resolve-from@https://registry.npmjs.org/resolve-from/-/resolve-from-4.0.0.tgz. Extracting by manifest.
3065 silly tarball no local data for agent-base@https://registry.npmjs.org/agent-base/-/agent-base-6.0.2.tgz. Extracting by manifest.
3066 silly tarball no local data for dunder-proto@https://registry.npmjs.org/dunder-proto/-/dunder-proto-1.0.1.tgz. Extracting by manifest.
3067 silly tarball no local data for resolve-pkg-maps@https://registry.npmjs.org/resolve-pkg-maps/-/resolve-pkg-maps-1.0.0.tgz. Extracting by manifest.
3068 silly tarball no local data for functions-have-names@https://registry.npmjs.org/functions-have-names/-/functions-have-names-1.2.3.tgz. Extracting by manifest.
3069 silly tarball no local data for delayed-stream@https://registry.npmjs.org/delayed-stream/-/delayed-stream-1.0.0.tgz. Extracting by manifest.
3070 silly tarball no local data for is-document.all@https://registry.npmjs.org/is-document.all/-/is-document.all-1.0.0.tgz. Extracting by manifest.
3071 silly tarball no local data for mime-types@https://registry.npmjs.org/mime-types/-/mime-types-2.1.35.tgz. Extracting by manifest.
3072 silly tarball no local data for combined-stream@https://registry.npmjs.org/combined-stream/-/combined-stream-1.0.8.tgz. Extracting by manifest.
3073 silly tarball no local data for asynckit@https://registry.npmjs.org/asynckit/-/asynckit-0.4.0.tgz. Extracting by manifest.
3074 silly tarball no local data for flatted@https://registry.npmjs.org/flatted/-/flatted-3.4.4.tgz. Extracting by manifest.
3075 silly tarball no local data for keyv@https://registry.npmjs.org/keyv/-/keyv-4.5.4.tgz. Extracting by manifest.
3076 silly tarball no local data for path-exists@https://registry.npmjs.org/path-exists/-/path-exists-4.0.0.tgz. Extracting by manifest.
3077 silly tarball no local data for locate-path@https://registry.npmjs.org/locate-path/-/locate-path-6.0.0.tgz. Extracting by manifest.
3078 silly tarball no local data for flat-cache@https://registry.npmjs.org/flat-cache/-/flat-cache-4.0.1.tgz. Extracting by manifest.
3079 silly tarball no local data for reusify@https://registry.npmjs.org/reusify/-/reusify-1.1.0.tgz. Extracting by manifest.
3080 silly tarball no local data for @nodelib/fs.scandir@https://registry.npmjs.org/@nodelib/fs.scandir/-/fs.scandir-2.1.5.tgz. Extracting by manifest.
3081 silly tarball no local data for run-parallel@https://registry.npmjs.org/run-parallel/-/run-parallel-1.2.0.tgz. Extracting by manifest.
3082 silly tarball no local data for @nodelib/fs.walk@https://registry.npmjs.org/@nodelib/fs.walk/-/fs.walk-1.2.8.tgz. Extracting by manifest.
3083 silly tarball no local data for @nodelib/fs.stat@https://registry.npmjs.org/@nodelib/fs.stat/-/fs.stat-2.0.5.tgz. Extracting by manifest.
3084 silly tarball no local data for fastq@https://registry.npmjs.org/fastq/-/fastq-1.20.1.tgz. Extracting by manifest.
3085 silly tarball no local data for micromatch@https://registry.npmjs.org/micromatch/-/micromatch-4.0.8.tgz. Extracting by manifest.
3086 silly tarball no local data for merge2@https://registry.npmjs.org/merge2/-/merge2-1.4.1.tgz. Extracting by manifest.
3087 silly tarball no local data for acorn-jsx@https://registry.npmjs.org/acorn-jsx/-/acorn-jsx-5.3.2.tgz. Extracting by manifest.
3088 silly tarball no local data for acorn@https://registry.npmjs.org/acorn/-/acorn-8.18.0.tgz. Extracting by manifest.
3089 silly tarball no local data for esrecurse@https://registry.npmjs.org/esrecurse/-/esrecurse-4.3.0.tgz. Extracting by manifest.
3090 silly tarball no local data for iterator.prototype@https://registry.npmjs.org/iterator.prototype/-/iterator.prototype-1.1.5.tgz. Extracting by manifest.
3091 silly tarball no local data for string.prototype.repeat@https://registry.npmjs.org/string.prototype.repeat/-/string.prototype.repeat-1.0.0.tgz. Extracting by manifest.
3092 silly tarball no local data for prop-types@https://registry.npmjs.org/prop-types/-/prop-types-15.8.1.tgz. Extracting by manifest.
3093 silly tarball no local data for string.prototype.matchall@https://registry.npmjs.org/string.prototype.matchall/-/string.prototype.matchall-4.0.12.tgz. Extracting by manifest.
3094 silly tarball no local data for object.entries@https://registry.npmjs.org/object.entries/-/object.entries-1.1.9.tgz. Extracting by manifest.
3095 silly tarball no local data for estraverse@https://registry.npmjs.org/estraverse/-/estraverse-5.3.0.tgz. Extracting by manifest.
3096 silly tarball no local data for array.prototype.tosorted@https://registry.npmjs.org/array.prototype.tosorted/-/array.prototype.tosorted-1.1.4.tgz. Extracting by manifest.
3097 silly tarball no local data for es-iterator-helpers@https://registry.npmjs.org/es-iterator-helpers/-/es-iterator-helpers-1.4.0.tgz. Extracting by manifest.
3098 silly tarball no local data for array.prototype.findlast@https://registry.npmjs.org/array.prototype.findlast/-/array.prototype.findlast-1.2.5.tgz. Extracting by manifest.
3099 silly tarball no local data for language-tags@https://registry.npmjs.org/language-tags/-/language-tags-1.0.9.tgz. Extracting by manifest.
3100 silly tarball no local data for string.prototype.includes@https://registry.npmjs.org/string.prototype.includes/-/string.prototype.includes-2.0.1.tgz. Extracting by manifest.
3101 silly tarball no local data for jsx-ast-utils@https://registry.npmjs.org/jsx-ast-utils/-/jsx-ast-utils-3.3.5.tgz. Extracting by manifest.
3102 silly tarball no local data for emoji-regex@https://registry.npmjs.org/emoji-regex/-/emoji-regex-9.2.2.tgz. Extracting by manifest.
3103 silly tarball no local data for damerau-levenshtein@https://registry.npmjs.org/damerau-levenshtein/-/damerau-levenshtein-1.0.8.tgz. Extracting by manifest.
3104 silly tarball no local data for axe-core@https://registry.npmjs.org/axe-core/-/axe-core-4.12.1.tgz. Extracting by manifest.
3105 silly tarball no local data for axobject-query@https://registry.npmjs.org/axobject-query/-/axobject-query-4.1.0.tgz. Extracting by manifest.
3106 silly tarball no local data for ast-types-flow@https://registry.npmjs.org/ast-types-flow/-/ast-types-flow-0.0.8.tgz. Extracting by manifest.
3107 silly tarball no local data for aria-query@https://registry.npmjs.org/aria-query/-/aria-query-5.3.2.tgz. Extracting by manifest.
3108 silly tarball no local data for is-symbol@https://registry.npmjs.org/is-symbol/-/is-symbol-1.1.1.tgz. Extracting by manifest.
3109 silly tarball no local data for is-date-object@https://registry.npmjs.org/is-date-object/-/is-date-object-1.1.0.tgz. Extracting by manifest.
3110 silly tarball no local data for es-abstract-get@https://registry.npmjs.org/es-abstract-get/-/es-abstract-get-1.0.0.tgz. Extracting by manifest.
3111 silly tarball no local data for possible-typed-array-names@https://registry.npmjs.org/possible-typed-array-names/-/possible-typed-array-names-1.1.0.tgz. Extracting by manifest.
3112 silly tarball no local data for has-tostringtag@https://registry.npmjs.org/has-tostringtag/-/has-tostringtag-1.0.2.tgz. Extracting by manifest.
3113 silly tarball no local data for unbox-primitive@https://registry.npmjs.org/unbox-primitive/-/unbox-primitive-1.1.0.tgz. Extracting by manifest.
3114 silly tarball no local data for which-typed-array@https://registry.npmjs.org/which-typed-array/-/which-typed-array-1.1.22.tgz. Extracting by manifest.
3115 silly tarball no local data for typed-array-length@https://registry.npmjs.org/typed-array-length/-/typed-array-length-1.0.8.tgz. Extracting by manifest.
3116 silly tarball no local data for typed-array-byte-offset@https://registry.npmjs.org/typed-array-byte-offset/-/typed-array-byte-offset-1.0.4.tgz. Extracting by manifest.
3117 silly tarball no local data for typed-array-buffer@https://registry.npmjs.org/typed-array-buffer/-/typed-array-buffer-1.0.3.tgz. Extracting by manifest.
3118 silly tarball no local data for typed-array-byte-length@https://registry.npmjs.org/typed-array-byte-length/-/typed-array-byte-length-1.0.3.tgz. Extracting by manifest.
3119 silly tarball no local data for string.prototype.trimstart@https://registry.npmjs.org/string.prototype.trimstart/-/string.prototype.trimstart-1.0.8.tgz. Extracting by manifest.
3120 silly tarball no local data for string.prototype.trim@https://registry.npmjs.org/string.prototype.trim/-/string.prototype.trim-1.2.11.tgz. Extracting by manifest.
3121 silly tarball no local data for stop-iteration-iterator@https://registry.npmjs.org/stop-iteration-iterator/-/stop-iteration-iterator-1.1.0.tgz. Extracting by manifest.
3122 silly tarball no local data for set-proto@https://registry.npmjs.org/set-proto/-/set-proto-1.0.0.tgz. Extracting by manifest.
3123 silly tarball no local data for safe-push-apply@https://registry.npmjs.org/safe-push-apply/-/safe-push-apply-1.0.0.tgz. Extracting by manifest.
3124 silly tarball no local data for safe-array-concat@https://registry.npmjs.org/safe-array-concat/-/safe-array-concat-1.1.4.tgz. Extracting by manifest.
3125 silly tarball no local data for safe-regex-test@https://registry.npmjs.org/safe-regex-test/-/safe-regex-test-1.1.0.tgz. Extracting by manifest.
3126 silly tarball no local data for regexp.prototype.flags@https://registry.npmjs.org/regexp.prototype.flags/-/regexp.prototype.flags-1.5.4.tgz. Extracting by manifest.
3127 silly tarball no local data for own-keys@https://registry.npmjs.org/own-keys/-/own-keys-1.0.2.tgz. Extracting by manifest.
3128 silly tarball no local data for object.assign@https://registry.npmjs.org/object.assign/-/object.assign-4.1.7.tgz. Extracting by manifest.
3129 silly tarball no local data for object-inspect@https://registry.npmjs.org/object-inspect/-/object-inspect-1.13.4.tgz. Extracting by manifest.
3130 silly tarball no local data for is-weakref@https://registry.npmjs.org/is-weakref/-/is-weakref-1.1.1.tgz. Extracting by manifest.
3131 silly tarball no local data for is-typed-array@https://registry.npmjs.org/is-typed-array/-/is-typed-array-1.1.15.tgz. Extracting by manifest.
3132 silly tarball no local data for is-shared-array-buffer@https://registry.npmjs.org/is-shared-array-buffer/-/is-shared-array-buffer-1.0.4.tgz. Extracting by manifest.
3133 silly tarball no local data for is-set@https://registry.npmjs.org/is-set/-/is-set-2.0.3.tgz. Extracting by manifest.
3134 silly tarball no local data for is-regex@https://registry.npmjs.org/is-regex/-/is-regex-1.2.1.tgz. Extracting by manifest.
3135 silly tarball no local data for is-data-view@https://registry.npmjs.org/is-data-view/-/is-data-view-1.0.2.tgz. Extracting by manifest.
3136 silly tarball no local data for is-negative-zero@https://registry.npmjs.org/is-negative-zero/-/is-negative-zero-2.0.3.tgz. Extracting by manifest.
3137 silly tarball no local data for is-callable@https://registry.npmjs.org/is-callable/-/is-callable-1.2.7.tgz. Extracting by manifest.
3138 silly tarball no local data for is-array-buffer@https://registry.npmjs.org/is-array-buffer/-/is-array-buffer-3.0.5.tgz. Extracting by manifest.
3139 silly tarball no local data for internal-slot@https://registry.npmjs.org/internal-slot/-/internal-slot-1.1.0.tgz. Extracting by manifest.
3140 silly tarball no local data for has-symbols@https://registry.npmjs.org/has-symbols/-/has-symbols-1.1.0.tgz. Extracting by manifest.
3141 silly tarball no local data for has-proto@https://registry.npmjs.org/has-proto/-/has-proto-1.2.0.tgz. Extracting by manifest.
3142 silly tarball no local data for get-symbol-description@https://registry.npmjs.org/get-symbol-description/-/get-symbol-description-1.1.0.tgz. Extracting by manifest.
3143 silly tarball no local data for globalthis@https://registry.npmjs.org/globalthis/-/globalthis-1.0.4.tgz. Extracting by manifest.
3144 silly tarball no local data for get-proto@https://registry.npmjs.org/get-proto/-/get-proto-1.0.1.tgz. Extracting by manifest.
3145 silly tarball no local data for function.prototype.name@https://registry.npmjs.org/function.prototype.name/-/function.prototype.name-1.2.0.tgz. Extracting by manifest.
3146 silly tarball no local data for es-to-primitive@https://registry.npmjs.org/es-to-primitive/-/es-to-primitive-1.3.4.tgz. Extracting by manifest.
3147 silly tarball no local data for data-view-byte-offset@https://registry.npmjs.org/data-view-byte-offset/-/data-view-byte-offset-1.0.1.tgz. Extracting by manifest.
3148 silly tarball no local data for data-view-byte-length@https://registry.npmjs.org/data-view-byte-length/-/data-view-byte-length-1.0.2.tgz. Extracting by manifest.
3149 silly tarball no local data for es-set-tostringtag@https://registry.npmjs.org/es-set-tostringtag/-/es-set-tostringtag-2.1.0.tgz. Extracting by manifest.
3150 silly tarball no local data for data-view-buffer@https://registry.npmjs.org/data-view-buffer/-/data-view-buffer-1.0.2.tgz. Extracting by manifest.
3151 silly tarball no local data for available-typed-arrays@https://registry.npmjs.org/available-typed-arrays/-/available-typed-arrays-1.0.7.tgz. Extracting by manifest.
3152 silly tarball no local data for arraybuffer.prototype.slice@https://registry.npmjs.org/arraybuffer.prototype.slice/-/arraybuffer.prototype.slice-1.0.4.tgz. Extracting by manifest.
3153 silly tarball no local data for gopd@https://registry.npmjs.org/gopd/-/gopd-1.2.0.tgz. Extracting by manifest.
3154 silly tarball no local data for array-buffer-byte-length@https://registry.npmjs.org/array-buffer-byte-length/-/array-buffer-byte-length-1.0.2.tgz. Extracting by manifest.
3155 silly tarball no local data for define-data-property@https://registry.npmjs.org/define-data-property/-/define-data-property-1.1.4.tgz. Extracting by manifest.
3156 silly tarball no local data for has-property-descriptors@https://registry.npmjs.org/has-property-descriptors/-/has-property-descriptors-1.0.2.tgz. Extracting by manifest.
3157 silly tarball no local data for object-keys@https://registry.npmjs.org/object-keys/-/object-keys-1.1.1.tgz. Extracting by manifest.
3158 silly tarball no local data for set-function-length@https://registry.npmjs.org/set-function-length/-/set-function-length-1.2.2.tgz. Extracting by manifest.
3159 silly tarball no local data for function-bind@https://registry.npmjs.org/function-bind/-/function-bind-1.1.2.tgz. Extracting by manifest.
3160 silly tarball no local data for es-define-property@https://registry.npmjs.org/es-define-property/-/es-define-property-1.0.1.tgz. Extracting by manifest.
3161 silly tarball no local data for es-shim-unscopables@https://registry.npmjs.org/es-shim-unscopables/-/es-shim-unscopables-1.1.0.tgz. Extracting by manifest.
3162 silly tarball no local data for call-bind-apply-helpers@https://registry.npmjs.org/call-bind-apply-helpers/-/call-bind-apply-helpers-1.0.2.tgz. Extracting by manifest.
3163 silly tarball no local data for get-intrinsic@https://registry.npmjs.org/get-intrinsic/-/get-intrinsic-1.3.0.tgz. Extracting by manifest.
3164 silly tarball no local data for es-errors@https://registry.npmjs.org/es-errors/-/es-errors-1.3.0.tgz. Extracting by manifest.
3165 silly tarball no local data for math-intrinsics@https://registry.npmjs.org/math-intrinsics/-/math-intrinsics-1.1.0.tgz. Extracting by manifest.
3166 silly tarball no local data for is-string@https://registry.npmjs.org/is-string/-/is-string-1.1.1.tgz. Extracting by manifest.
3167 silly tarball no local data for es-abstract@https://registry.npmjs.org/es-abstract/-/es-abstract-1.24.2.tgz. Extracting by manifest.
3168 silly tarball no local data for call-bind@https://registry.npmjs.org/call-bind/-/call-bind-1.0.9.tgz. Extracting by manifest.
3169 silly tarball no local data for es-object-atoms@https://registry.npmjs.org/es-object-atoms/-/es-object-atoms-1.1.2.tgz. Extracting by manifest.
3170 silly tarball no local data for define-properties@https://registry.npmjs.org/define-properties/-/define-properties-1.2.1.tgz. Extracting by manifest.
3171 silly tarball no local data for call-bound@https://registry.npmjs.org/call-bound/-/call-bound-1.0.4.tgz. Extracting by manifest.
3172 silly tarball no local data for tsconfig-paths@https://registry.npmjs.org/tsconfig-paths/-/tsconfig-paths-3.15.0.tgz. Extracting by manifest.
3173 silly tarball no local data for string.prototype.trimend@https://registry.npmjs.org/string.prototype.trimend/-/string.prototype.trimend-1.0.10.tgz. Extracting by manifest.
3174 silly tarball no local data for object.values@https://registry.npmjs.org/object.values/-/object.values-1.2.1.tgz. Extracting by manifest.
3175 silly tarball no local data for object.groupby@https://registry.npmjs.org/object.groupby/-/object.groupby-1.0.3.tgz. Extracting by manifest.
3176 silly tarball no local data for object.fromentries@https://registry.npmjs.org/object.fromentries/-/object.fromentries-2.0.8.tgz. Extracting by manifest.
3177 silly tarball no local data for hasown@https://registry.npmjs.org/hasown/-/hasown-2.0.4.tgz. Extracting by manifest.
3178 silly tarball no local data for doctrine@https://registry.npmjs.org/doctrine/-/doctrine-2.1.0.tgz. Extracting by manifest.
3179 silly tarball no local data for eslint-module-utils@https://registry.npmjs.org/eslint-module-utils/-/eslint-module-utils-2.14.0.tgz. Extracting by manifest.
3180 silly tarball no local data for array.prototype.flatmap@https://registry.npmjs.org/array.prototype.flatmap/-/array.prototype.flatmap-1.3.3.tgz. Extracting by manifest.
3181 silly tarball no local data for array.prototype.findlastindex@https://registry.npmjs.org/array.prototype.findlastindex/-/array.prototype.findlastindex-1.2.6.tgz. Extracting by manifest.
3182 silly tarball no local data for @rtsao/scc@https://registry.npmjs.org/@rtsao/scc/-/scc-1.1.0.tgz. Extracting by manifest.
3183 silly tarball no local data for array-includes@https://registry.npmjs.org/array-includes/-/array-includes-3.1.9.tgz. Extracting by manifest.
3184 silly tarball no local data for array.prototype.flat@https://registry.npmjs.org/array.prototype.flat/-/array.prototype.flat-1.3.3.tgz. Extracting by manifest.
3185 silly tarball no local data for unrs-resolver@https://registry.npmjs.org/unrs-resolver/-/unrs-resolver-1.12.2.tgz. Extracting by manifest.
3186 silly tarball no local data for is-bun-module@https://registry.npmjs.org/is-bun-module/-/is-bun-module-2.0.0.tgz. Extracting by manifest.
3187 silly tarball no local data for @nolyfill/is-core-module@https://registry.npmjs.org/@nolyfill/is-core-module/-/is-core-module-1.0.39.tgz. Extracting by manifest.
3188 silly tarball no local data for stable-hash@https://registry.npmjs.org/stable-hash/-/stable-hash-0.0.5.tgz. Extracting by manifest.
3189 silly tarball no local data for get-tsconfig@https://registry.npmjs.org/get-tsconfig/-/get-tsconfig-4.14.1.tgz. Extracting by manifest.
3190 silly tarball no local data for @typescript-eslint/tsconfig-utils@https://registry.npmjs.org/@typescript-eslint/tsconfig-utils/-/tsconfig-utils-8.66.0.tgz. Extracting by manifest.
3191 silly tarball no local data for resolve@https://registry.npmjs.org/resolve/-/resolve-2.0.0-next.7.tgz. Extracting by manifest.
3192 silly tarball no local data for @typescript-eslint/project-service@https://registry.npmjs.org/@typescript-eslint/project-service/-/project-service-8.66.0.tgz. Extracting by manifest.
3193 silly tarball no local data for tinyglobby@https://registry.npmjs.org/tinyglobby/-/tinyglobby-0.2.17.tgz. Extracting by manifest.
3194 silly tarball no local data for @typescript-eslint/typescript-estree@https://registry.npmjs.org/@typescript-eslint/typescript-estree/-/typescript-estree-8.66.0.tgz. Extracting by manifest.
3195 silly tarball no local data for is-core-module@https://registry.npmjs.org/is-core-module/-/is-core-module-2.16.2.tgz. Extracting by manifest.
3196 silly tarball no local data for ts-api-utils@https://registry.npmjs.org/ts-api-utils/-/ts-api-utils-2.5.0.tgz. Extracting by manifest.
3197 silly tarball no local data for @typescript-eslint/types@https://registry.npmjs.org/@typescript-eslint/types/-/types-8.66.0.tgz. Extracting by manifest.
3198 silly tarball no local data for semver@https://registry.npmjs.org/semver/-/semver-7.8.5.tgz. Extracting by manifest.
3199 silly tarball no local data for @typescript-eslint/utils@https://registry.npmjs.org/@typescript-eslint/utils/-/utils-8.66.0.tgz. Extracting by manifest.
3200 silly tarball no local data for @typescript-eslint/visitor-keys@https://registry.npmjs.org/@typescript-eslint/visitor-keys/-/visitor-keys-8.66.0.tgz. Extracting by manifest.
3201 silly tarball no local data for @typescript-eslint/type-utils@https://registry.npmjs.org/@typescript-eslint/type-utils/-/type-utils-8.66.0.tgz. Extracting by manifest.
3202 silly tarball no local data for @typescript-eslint/scope-manager@https://registry.npmjs.org/@typescript-eslint/scope-manager/-/scope-manager-8.66.0.tgz. Extracting by manifest.
3203 silly tarball no local data for fast-glob@https://registry.npmjs.org/fast-glob/-/fast-glob-3.3.1.tgz. Extracting by manifest.
3204 silly tarball no local data for eslint-plugin-jsx-a11y@https://registry.npmjs.org/eslint-plugin-jsx-a11y/-/eslint-plugin-jsx-a11y-6.10.2.tgz. Extracting by manifest.
3205 silly tarball no local data for eslint-plugin-react-hooks@https://registry.npmjs.org/eslint-plugin-react-hooks/-/eslint-plugin-react-hooks-5.2.0.tgz. Extracting by manifest.
3206 silly tarball no local data for @typescript-eslint/parser@https://registry.npmjs.org/@typescript-eslint/parser/-/parser-8.66.0.tgz. Extracting by manifest.
3207 silly tarball no local data for @typescript-eslint/eslint-plugin@https://registry.npmjs.org/@typescript-eslint/eslint-plugin/-/eslint-plugin-8.66.0.tgz. Extracting by manifest.
3208 silly tarball no local data for eslint-plugin-react@https://registry.npmjs.org/eslint-plugin-react/-/eslint-plugin-react-7.37.5.tgz. Extracting by manifest.
3209 silly tarball no local data for eslint-plugin-import@https://registry.npmjs.org/eslint-plugin-import/-/eslint-plugin-import-2.32.0.tgz. Extracting by manifest.
3210 silly tarball no local data for eslint-import-resolver-typescript@https://registry.npmjs.org/eslint-import-resolver-typescript/-/eslint-import-resolver-typescript-3.10.1.tgz. Extracting by manifest.
3211 silly tarball no local data for @rushstack/eslint-patch@https://registry.npmjs.org/@rushstack/eslint-patch/-/eslint-patch-1.16.1.tgz. Extracting by manifest.
3212 silly tarball no local data for eslint-import-resolver-node@https://registry.npmjs.org/eslint-import-resolver-node/-/eslint-import-resolver-node-0.3.10.tgz. Extracting by manifest.
3213 silly tarball no local data for @next/eslint-plugin-next@https://registry.npmjs.org/@next/eslint-plugin-next/-/eslint-plugin-next-15.5.22.tgz. Extracting by manifest.
3214 silly tarball no local data for which@https://registry.npmjs.org/which/-/which-2.0.2.tgz. Extracting by manifest.
3215 silly tarball no local data for path-key@https://registry.npmjs.org/path-key/-/path-key-3.1.1.tgz. Extracting by manifest.
3216 silly tarball no local data for color-name@https://registry.npmjs.org/color-name/-/color-name-1.1.4.tgz. Extracting by manifest.
3217 silly tarball no local data for color-convert@https://registry.npmjs.org/color-convert/-/color-convert-2.0.1.tgz. Extracting by manifest.
3218 silly tarball no local data for ansi-styles@https://registry.npmjs.org/ansi-styles/-/ansi-styles-4.3.0.tgz. Extracting by manifest.
3219 silly tarball no local data for supports-color@https://registry.npmjs.org/supports-color/-/supports-color-7.2.0.tgz. Extracting by manifest.
3220 silly tarball no local data for shebang-command@https://registry.npmjs.org/shebang-command/-/shebang-command-2.0.0.tgz. Extracting by manifest.
3221 silly tarball no local data for @humanfs/types@https://registry.npmjs.org/@humanfs/types/-/types-0.15.0.tgz. Extracting by manifest.
3222 silly tarball no local data for @humanfs/core@https://registry.npmjs.org/@humanfs/core/-/core-0.19.2.tgz. Extracting by manifest.
3223 silly tarball no local data for @types/json-schema@https://registry.npmjs.org/@types/json-schema/-/json-schema-7.0.15.tgz. Extracting by manifest.
3224 silly tarball no local data for levn@https://registry.npmjs.org/levn/-/levn-0.4.1.tgz. Extracting by manifest.
3225 silly tarball no local data for @eslint/object-schema@https://registry.npmjs.org/@eslint/object-schema/-/object-schema-2.1.7.tgz. Extracting by manifest.
3226 silly tarball no local data for optionator@https://registry.npmjs.org/optionator/-/optionator-0.9.4.tgz. Extracting by manifest.
3227 silly tarball no local data for natural-compare@https://registry.npmjs.org/natural-compare/-/natural-compare-1.4.0.tgz. Extracting by manifest.
3228 silly tarball no local data for is-glob@https://registry.npmjs.org/is-glob/-/is-glob-4.0.3.tgz. Extracting by manifest.
3229 silly tarball no local data for json-stable-stringify-without-jsonify@https://registry.npmjs.org/json-stable-stringify-without-jsonify/-/json-stable-stringify-without-jsonify-1.0.1.tgz. Extracting by manifest.
3230 silly tarball no local data for lodash.merge@https://registry.npmjs.org/lodash.merge/-/lodash.merge-4.6.2.tgz. Extracting by manifest.
3231 silly tarball no local data for imurmurhash@https://registry.npmjs.org/imurmurhash/-/imurmurhash-0.1.4.tgz. Extracting by manifest.
3232 silly tarball no local data for glob-parent@https://registry.npmjs.org/glob-parent/-/glob-parent-6.0.2.tgz. Extracting by manifest.
3233 silly tarball no local data for find-up@https://registry.npmjs.org/find-up/-/find-up-5.0.0.tgz. Extracting by manifest.
3234 silly tarball no local data for esutils@https://registry.npmjs.org/esutils/-/esutils-2.0.3.tgz. Extracting by manifest.
3235 silly tarball no local data for file-entry-cache@https://registry.npmjs.org/file-entry-cache/-/file-entry-cache-8.0.0.tgz. Extracting by manifest.
3236 silly tarball no local data for esquery@https://registry.npmjs.org/esquery/-/esquery-1.7.0.tgz. Extracting by manifest.
3237 silly tarball no local data for eslint-visitor-keys@https://registry.npmjs.org/eslint-visitor-keys/-/eslint-visitor-keys-4.2.1.tgz. Extracting by manifest.
3238 silly tarball no local data for eslint-scope@https://registry.npmjs.org/eslint-scope/-/eslint-scope-8.4.0.tgz. Extracting by manifest.
3239 silly tarball no local data for @humanwhocodes/retry@https://registry.npmjs.org/@humanwhocodes/retry/-/retry-0.4.3.tgz. Extracting by manifest.
3240 silly tarball no local data for escape-string-regexp@https://registry.npmjs.org/escape-string-regexp/-/escape-string-regexp-4.0.0.tgz. Extracting by manifest.
3241 silly tarball no local data for @humanwhocodes/module-importer@https://registry.npmjs.org/@humanwhocodes/module-importer/-/module-importer-1.0.1.tgz. Extracting by manifest.
3242 silly tarball no local data for @types/estree@https://registry.npmjs.org/@types/estree/-/estree-1.0.9.tgz. Extracting by manifest.
3243 silly tarball no local data for cross-spawn@https://registry.npmjs.org/cross-spawn/-/cross-spawn-7.0.6.tgz. Extracting by manifest.
3244 silly tarball no local data for @humanfs/node@https://registry.npmjs.org/@humanfs/node/-/node-0.16.8.tgz. Extracting by manifest.
3245 silly tarball no local data for chalk@https://registry.npmjs.org/chalk/-/chalk-4.1.2.tgz. Extracting by manifest.
3246 silly tarball no local data for @eslint/plugin-kit@https://registry.npmjs.org/@eslint/plugin-kit/-/plugin-kit-0.4.1.tgz. Extracting by manifest.
3247 silly tarball no local data for @eslint/js@https://registry.npmjs.org/@eslint/js/-/js-9.39.5.tgz. Extracting by manifest.
3248 silly tarball no local data for @eslint/core@https://registry.npmjs.org/@eslint/core/-/core-0.17.0.tgz. Extracting by manifest.
3249 silly tarball no local data for @eslint/config-helpers@https://registry.npmjs.org/@eslint/config-helpers/-/config-helpers-0.4.2.tgz. Extracting by manifest.
3250 silly tarball no local data for @eslint-community/regexpp@https://registry.npmjs.org/@eslint-community/regexpp/-/regexpp-4.12.2.tgz. Extracting by manifest.
3251 silly tarball no local data for @eslint/config-array@https://registry.npmjs.org/@eslint/config-array/-/config-array-0.21.2.tgz. Extracting by manifest.
3252 silly tarball no local data for ms@https://registry.npmjs.org/ms/-/ms-2.1.3.tgz. Extracting by manifest.
3253 silly tarball no local data for @eslint-community/eslint-utils@https://registry.npmjs.org/@eslint-community/eslint-utils/-/eslint-utils-4.10.1.tgz. Extracting by manifest.
3254 silly tarball no local data for update-browserslist-db@https://registry.npmjs.org/update-browserslist-db/-/update-browserslist-db-1.2.3.tgz. Extracting by manifest.
3255 silly tarball no local data for electron-to-chromium@https://registry.npmjs.org/electron-to-chromium/-/electron-to-chromium-1.5.400.tgz. Extracting by manifest.
3256 silly tarball no local data for baseline-browser-mapping@https://registry.npmjs.org/baseline-browser-mapping/-/baseline-browser-mapping-2.11.12.tgz. Extracting by manifest.
3257 silly tarball no local data for proxy-from-env@https://registry.npmjs.org/proxy-from-env/-/proxy-from-env-2.1.0.tgz. Extracting by manifest.
3258 silly tarball no local data for node-releases@https://registry.npmjs.org/node-releases/-/node-releases-2.0.52.tgz. Extracting by manifest.
3259 silly tarball no local data for https-proxy-agent@https://registry.npmjs.org/https-proxy-agent/-/https-proxy-agent-5.0.1.tgz. Extracting by manifest.
3260 silly tarball no local data for form-data@https://registry.npmjs.org/form-data/-/form-data-4.0.6.tgz. Extracting by manifest.
3261 silly tarball no local data for follow-redirects@https://registry.npmjs.org/follow-redirects/-/follow-redirects-1.16.0.tgz. Extracting by manifest.
3262 silly tarball no local data for postcss-value-parser@https://registry.npmjs.org/postcss-value-parser/-/postcss-value-parser-4.2.0.tgz. Extracting by manifest.
3263 silly tarball no local data for caniuse-lite@https://registry.npmjs.org/caniuse-lite/-/caniuse-lite-1.0.30001806.tgz. Extracting by manifest.
3264 silly tarball no local data for picocolors@https://registry.npmjs.org/picocolors/-/picocolors-1.1.1.tgz. Extracting by manifest.
3265 silly tarball no local data for fraction.js@https://registry.npmjs.org/fraction.js/-/fraction.js-5.3.4.tgz. Extracting by manifest.
3266 silly tarball no local data for uri-js@https://registry.npmjs.org/uri-js/-/uri-js-4.4.1.tgz. Extracting by manifest.
3267 silly tarball no local data for json-schema-traverse@https://registry.npmjs.org/json-schema-traverse/-/json-schema-traverse-0.4.1.tgz. Extracting by manifest.
3268 silly tarball no local data for fast-json-stable-stringify@https://registry.npmjs.org/fast-json-stable-stringify/-/fast-json-stable-stringify-2.1.0.tgz. Extracting by manifest.
3269 silly tarball no local data for browserslist@https://registry.npmjs.org/browserslist/-/browserslist-4.28.7.tgz. Extracting by manifest.
3270 silly tarball no local data for fast-deep-equal@https://registry.npmjs.org/fast-deep-equal/-/fast-deep-equal-3.1.3.tgz. Extracting by manifest.
3271 silly tarball no local data for csstype@https://registry.npmjs.org/csstype/-/csstype-3.2.3.tgz. Extracting by manifest.
3272 silly tarball no local data for @radix-ui/react-compose-refs@https://registry.npmjs.org/@radix-ui/react-compose-refs/-/react-compose-refs-1.1.5.tgz. Extracting by manifest.
3273 silly tarball no local data for undici-types@https://registry.npmjs.org/undici-types/-/undici-types-6.21.0.tgz. Extracting by manifest.
3274 silly tarball no local data for strip-json-comments@https://registry.npmjs.org/strip-json-comments/-/strip-json-comments-3.1.1.tgz. Extracting by manifest.
3275 silly tarball no local data for minimatch@https://registry.npmjs.org/minimatch/-/minimatch-3.1.5.tgz. Extracting by manifest.
3276 silly tarball no local data for js-yaml@https://registry.npmjs.org/js-yaml/-/js-yaml-4.3.1.tgz. Extracting by manifest.
3277 silly tarball no local data for ignore@https://registry.npmjs.org/ignore/-/ignore-5.3.2.tgz. Extracting by manifest.
3278 silly tarball no local data for globals@https://registry.npmjs.org/globals/-/globals-14.0.0.tgz. Extracting by manifest.
3279 silly tarball no local data for import-fresh@https://registry.npmjs.org/import-fresh/-/import-fresh-3.3.1.tgz. Extracting by manifest.
3280 silly tarball no local data for espree@https://registry.npmjs.org/espree/-/espree-10.4.0.tgz. Extracting by manifest.
3281 silly tarball no local data for debug@https://registry.npmjs.org/debug/-/debug-4.4.3.tgz. Extracting by manifest.
3282 silly tarball no local data for ajv@https://registry.npmjs.org/ajv/-/ajv-6.15.0.tgz. Extracting by manifest.
3283 silly tarball no local data for tailwindcss@https://registry.npmjs.org/tailwindcss/-/tailwindcss-3.4.19.tgz. Extracting by manifest.
3284 silly tarball no local data for typescript@https://registry.npmjs.org/typescript/-/typescript-5.9.3.tgz. Extracting by manifest.
3285 silly tarball no local data for tailwind-merge@https://registry.npmjs.org/tailwind-merge/-/tailwind-merge-2.6.1.tgz. Extracting by manifest.
3286 silly tarball no local data for react-dom@https://registry.npmjs.org/react-dom/-/react-dom-19.2.8.tgz. Extracting by manifest.
3287 silly tarball no local data for next@https://registry.npmjs.org/next/-/next-15.5.22.tgz. Extracting by manifest.
3288 silly tarball no local data for eslint-config-next@https://registry.npmjs.org/eslint-config-next/-/eslint-config-next-15.5.22.tgz. Extracting by manifest.
3289 silly tarball no local data for clsx@https://registry.npmjs.org/clsx/-/clsx-2.1.1.tgz. Extracting by manifest.
3290 silly tarball no local data for eslint@https://registry.npmjs.org/eslint/-/eslint-9.39.5.tgz. Extracting by manifest.
3291 silly tarball no local data for lucide-react@https://registry.npmjs.org/lucide-react/-/lucide-react-0.468.0.tgz. Extracting by manifest.
3292 silly tarball no local data for class-variance-authority@https://registry.npmjs.org/class-variance-authority/-/class-variance-authority-0.7.1.tgz. Extracting by manifest.
3293 silly tarball no local data for axios@https://registry.npmjs.org/axios/-/axios-1.19.0.tgz. Extracting by manifest.
3294 silly tarball no local data for @types/react-dom@https://registry.npmjs.org/@types/react-dom/-/react-dom-19.2.4.tgz. Extracting by manifest.
3295 silly tarball no local data for postcss@https://registry.npmjs.org/postcss/-/postcss-8.5.25.tgz. Extracting by manifest.
3296 silly tarball no local data for autoprefixer@https://registry.npmjs.org/autoprefixer/-/autoprefixer-10.5.4.tgz. Extracting by manifest.
3297 silly tarball no local data for @types/react@https://registry.npmjs.org/@types/react/-/react-19.2.18.tgz. Extracting by manifest.
3298 silly tarball no local data for react@https://registry.npmjs.org/react/-/react-19.2.8.tgz. Extracting by manifest.
3299 silly tarball no local data for @radix-ui/react-slot@https://registry.npmjs.org/@radix-ui/react-slot/-/react-slot-1.3.3.tgz. Extracting by manifest.
3300 silly tarball no local data for @eslint/eslintrc@https://registry.npmjs.org/@eslint/eslintrc/-/eslintrc-3.3.6.tgz. Extracting by manifest.
3301 silly tarball no local data for @types/node@https://registry.npmjs.org/@types/node/-/node-22.20.1.tgz. Extracting by manifest.
3302 silly tarball no local data for @emnapi/runtime@https://registry.npmjs.org/@emnapi/runtime/-/runtime-1.10.0.tgz. Extracting by manifest.
3303 silly tarball no local data for semver@https://registry.npmjs.org/semver/-/semver-6.3.1.tgz. Extracting by manifest.
3304 silly tarball no local data for glob-parent@https://registry.npmjs.org/glob-parent/-/glob-parent-5.1.2.tgz. Extracting by manifest.
3305 silly tarball no local data for resolve@https://registry.npmjs.org/resolve/-/resolve-1.22.12.tgz. Extracting by manifest.
3306 silly tarball no local data for debug@https://registry.npmjs.org/debug/-/debug-3.2.7.tgz. Extracting by manifest.
3307 silly tarball no local data for picomatch@https://registry.npmjs.org/picomatch/-/picomatch-4.0.5.tgz. Extracting by manifest.
3308 silly tarball no local data for fdir@https://registry.npmjs.org/fdir/-/fdir-6.5.0.tgz. Extracting by manifest.
3309 silly tarball no local data for glob-parent@https://registry.npmjs.org/glob-parent/-/glob-parent-5.1.2.tgz. Extracting by manifest.
3310 silly tarball no local data for brace-expansion@https://registry.npmjs.org/brace-expansion/-/brace-expansion-5.0.9.tgz. Extracting by manifest.
3311 silly tarball no local data for eslint-visitor-keys@https://registry.npmjs.org/eslint-visitor-keys/-/eslint-visitor-keys-5.0.1.tgz. Extracting by manifest.
3312 silly tarball no local data for semver@https://registry.npmjs.org/semver/-/semver-6.3.1.tgz. Extracting by manifest.
3313 silly tarball no local data for balanced-match@https://registry.npmjs.org/balanced-match/-/balanced-match-4.0.4.tgz. Extracting by manifest.
3314 silly tarball no local data for minimatch@https://registry.npmjs.org/minimatch/-/minimatch-10.2.6.tgz. Extracting by manifest.
3315 silly tarball no local data for semver@https://registry.npmjs.org/semver/-/semver-6.3.1.tgz. Extracting by manifest.
3316 silly tarball no local data for debug@https://registry.npmjs.org/debug/-/debug-3.2.7.tgz. Extracting by manifest.
3317 silly tarball no local data for debug@https://registry.npmjs.org/debug/-/debug-3.2.7.tgz. Extracting by manifest.
3318 silly tarball no local data for eslint-visitor-keys@https://registry.npmjs.org/eslint-visitor-keys/-/eslint-visitor-keys-3.4.3.tgz. Extracting by manifest.
3319 silly tarball no local data for glob-parent@https://registry.npmjs.org/glob-parent/-/glob-parent-5.1.2.tgz. Extracting by manifest.
3320 silly tarball no local data for ignore@https://registry.npmjs.org/ignore/-/ignore-7.0.6.tgz. Extracting by manifest.
3321 silly tarball no local data for postcss@https://registry.npmjs.org/postcss/-/postcss-8.4.31.tgz. Extracting by manifest.
3322 silly tarball no local data for resolve@https://registry.npmjs.org/resolve/-/resolve-1.22.12.tgz. Extracting by manifest.
3323 silly tarball no local data for fast-glob@https://registry.npmjs.org/fast-glob/-/fast-glob-3.3.3.tgz. Extracting by manifest.
3324 http fetch POST 200 https://registry.npmjs.org/-/npm/v1/security/advisories/bulk 540ms
3325 silly audit report {
3325 silly audit report   postcss: [
3325 silly audit report     {
3325 silly audit report       id: 1130709,
3325 silly audit report       url: 'https://github.com/advisories/GHSA-fxqj-rqcc-2cmp',
3325 silly audit report       title: 'PostCSS: incomplete fix of GHSA-6g55-p6wh-862q — attacker-controlled sourceMappingURL reads arbitrary .map files when `from` is unset',
3325 silly audit report       severity: 'moderate',
3325 silly audit report       vulnerable_versions: '<=8.5.22',
3325 silly audit report       cwe: [Array],
3325 silly audit report       cvss: [Object]
3325 silly audit report     },
3325 silly audit report     {
3325 silly audit report       id: 1117015,
3325 silly audit report       url: 'https://github.com/advisories/GHSA-qx2v-qp2m-jg93',
3325 silly audit report       title: 'PostCSS has XSS via Unescaped </style> in its CSS Stringify Output',
3325 silly audit report       severity: 'moderate',
3325 silly audit report       vulnerable_versions: '<8.5.10',
3325 silly audit report       cwe: [Array],
3325 silly audit report       cvss: [Object]
3325 silly audit report     },
3325 silly audit report     {
3325 silly audit report       id: 1124252,
3325 silly audit report       url: 'https://github.com/advisories/GHSA-6g55-p6wh-862q',
3325 silly audit report       title: 'PostCSS: Arbitrary file read and information disclosure via attacker-controlled sourceMappingURL in CSS comments',
3325 silly audit report       severity: 'high',
3325 silly audit report       vulnerable_versions: '<=8.5.11',
3325 silly audit report       cwe: [Array],
3325 silly audit report       cvss: [Object]
3325 silly audit report     },
3325 silly audit report     {
3325 silly audit report       id: 1124288,
3325 silly audit report       url: 'https://github.com/advisories/GHSA-r28c-9q8g-f849',
3325 silly audit report       title: 'PostCSS: Path Traversal in Previous Source Map Auto-Loading (sourceMappingURL) leads to Arbitrary .map File Disclosure',
3325 silly audit report       severity: 'high',
3325 silly audit report       vulnerable_versions: '<=8.5.17',
3325 silly audit report       cwe: [Array],
3325 silly audit report       cvss: [Object]
3325 silly audit report     }
3325 silly audit report   ],
3325 silly audit report   sharp: [
3325 silly audit report     {
3325 silly audit report       id: 1124066,
3325 silly audit report       url: 'https://github.com/advisories/GHSA-f88m-g3jw-g9cj',
3325 silly audit report       title: 'sharp inherited vulnerabilities in libvips: CVE-2026-33327, CVE-2026-33328, CVE-2026-35590, CVE-2026-35591',
3325 silly audit report       severity: 'high',
3325 silly audit report       vulnerable_versions: '<0.35.0',
3325 silly audit report       cwe: [Array],
3325 silly audit report       cvss: [Object]
3325 silly audit report     }
3325 silly audit report   ]
3325 silly audit report }
3326 silly packumentCache corgi:https://registry.npmjs.org/postcss cache-miss
3327 silly packumentCache corgi:https://registry.npmjs.org/sharp cache-miss
3328 http fetch GET 200 https://registry.npmjs.org/async-function/-/async-function-1.0.0.tgz 345ms (cache miss)
3329 http fetch GET 200 https://registry.npmjs.org/is-map/-/is-map-2.0.3.tgz 345ms (cache miss)
3330 http fetch GET 200 https://registry.npmjs.org/is-weakmap/-/is-weakmap-2.0.2.tgz 352ms (cache miss)
3331 http fetch GET 200 https://registry.npmjs.org/generator-function/-/generator-function-2.0.1.tgz 355ms (cache miss)
3332 http fetch GET 200 https://registry.npmjs.org/is-number-object/-/is-number-object-1.1.1.tgz 360ms (cache miss)
3333 http fetch GET 200 https://registry.npmjs.org/which-collection/-/which-collection-1.0.2.tgz 370ms (cache miss)
3334 http fetch GET 200 https://registry.npmjs.org/is-finalizationregistry/-/is-finalizationregistry-1.1.1.tgz 375ms (cache miss)
3335 http fetch GET 200 https://registry.npmjs.org/is-weakset/-/is-weakset-2.0.4.tgz 405ms (cache miss)
3336 http fetch GET 200 https://registry.npmjs.org/is-async-function/-/is-async-function-2.1.1.tgz 405ms (cache miss)
3337 http fetch GET 200 https://registry.npmjs.org/is-generator-function/-/is-generator-function-1.1.2.tgz 416ms (cache miss)
3338 http fetch GET 200 https://registry.npmjs.org/escalade/-/escalade-3.2.0.tgz 651ms (cache miss)
3339 http fetch GET 200 https://registry.npmjs.org/napi-postinstall/-/napi-postinstall-0.3.4.tgz 753ms (cache miss)
3340 http fetch GET 200 https://registry.npmjs.org/@emnapi/core/-/core-1.10.0.tgz 767ms (cache miss)
3341 http fetch GET 200 https://registry.npmjs.org/which-boxed-primitive/-/which-boxed-primitive-1.1.1.tgz 812ms (cache miss)
3342 http fetch GET 200 https://registry.npmjs.org/which-builtin-type/-/which-builtin-type-1.2.1.tgz 833ms (cache miss)
3343 http fetch GET 200 https://registry.npmjs.org/has-bigints/-/has-bigints-1.1.0.tgz 838ms (cache miss)
3344 http fetch GET 200 https://registry.npmjs.org/@tybys/wasm-util/-/wasm-util-0.10.3.tgz 848ms (cache miss)
3345 http fetch GET 200 https://registry.npmjs.org/reflect.getprototypeof/-/reflect.getprototypeof-1.0.10.tgz 900ms (cache miss)
3346 http fetch GET 200 https://registry.npmjs.org/@emnapi/wasi-threads/-/wasi-threads-1.2.1.tgz 935ms (cache miss)
3347 http fetch GET 200 https://registry.npmjs.org/for-each/-/for-each-0.3.5.tgz 978ms (cache miss)
3348 http fetch GET 200 https://registry.npmjs.org/@napi-rs/wasm-runtime/-/wasm-runtime-1.2.2.tgz 1040ms (cache miss)
3349 http fetch GET 200 https://registry.npmjs.org/minimist/-/minimist-1.2.8.tgz 1052ms (cache miss)
3350 http fetch GET 200 https://registry.npmjs.org/strip-bom/-/strip-bom-3.0.0.tgz 1071ms (cache miss)
3351 http fetch GET 200 https://registry.npmjs.org/thenify-all/-/thenify-all-1.6.0.tgz 1131ms (cache miss)
3352 http fetch GET 200 https://registry.npmjs.org/json5/-/json5-1.0.2.tgz 1208ms (cache miss)
3353 http fetch GET 200 https://registry.npmjs.org/thenify/-/thenify-3.3.1.tgz 1302ms (cache miss)
3354 http fetch GET 200 https://registry.npmjs.org/is-boolean-object/-/is-boolean-object-1.2.2.tgz 1344ms (cache miss)
3355 http fetch GET 200 https://registry.npmjs.org/punycode/-/punycode-2.3.1.tgz 1347ms (cache miss)
3356 http fetch GET 200 https://registry.npmjs.org/is-bigint/-/is-bigint-1.1.0.tgz 1369ms (cache miss)
3357 http fetch GET 200 https://registry.npmjs.org/is-number/-/is-number-7.0.0.tgz 1402ms (cache miss)
3358 http fetch GET 200 https://registry.npmjs.org/isexe/-/isexe-2.0.0.tgz 1413ms (cache miss)
3359 http fetch GET 200 https://registry.npmjs.org/any-promise/-/any-promise-1.3.0.tgz 1427ms (cache miss)
3360 http fetch GET 200 https://registry.npmjs.org/mz/-/mz-2.7.0.tgz 1440ms (cache miss)
3361 http fetch GET 200 https://registry.npmjs.org/ts-interface-checker/-/ts-interface-checker-0.1.13.tgz 1457ms (cache miss)
3362 http fetch GET 200 https://registry.npmjs.org/@jridgewell/resolve-uri/-/resolve-uri-3.1.2.tgz 1537ms (cache miss)
3363 http fetch GET 200 https://registry.npmjs.org/@jridgewell/trace-mapping/-/trace-mapping-0.3.31.tgz 1567ms (cache miss)
3364 http fetch GET 200 https://registry.npmjs.org/@types/json5/-/json5-0.0.29.tgz 1624ms (cache miss)
3365 http fetch GET 200 https://registry.npmjs.org/@jridgewell/gen-mapping/-/gen-mapping-0.3.13.tgz 1691ms (cache miss)
3366 http fetch GET 200 https://registry.npmjs.org/pirates/-/pirates-4.0.7.tgz 1921ms (cache miss)
3367 http fetch GET 200 https://registry.npmjs.org/@unrs/resolver-binding-win32-x64-msvc/-/resolver-binding-win32-x64-msvc-1.12.2.tgz 2030ms (cache miss)
3368 http fetch GET 200 https://registry.npmjs.org/commander/-/commander-4.1.1.tgz 2122ms (cache miss)
3369 http fetch GET 200 https://registry.npmjs.org/lines-and-columns/-/lines-and-columns-1.2.4.tgz 2183ms (cache miss)
3370 http fetch GET 200 https://registry.npmjs.org/@jridgewell/sourcemap-codec/-/sourcemap-codec-1.5.5.tgz 2198ms (cache miss)
3371 http fetch GET 200 https://registry.npmjs.org/util-deprecate/-/util-deprecate-1.0.2.tgz 2226ms (cache miss)
3372 http fetch GET 200 https://registry.npmjs.org/pify/-/pify-2.3.0.tgz 2382ms (cache miss)
3373 http fetch GET 200 https://registry.npmjs.org/read-cache/-/read-cache-1.0.0.tgz 2464ms (cache miss)
3374 http fetch GET 200 https://registry.npmjs.org/binary-extensions/-/binary-extensions-2.3.0.tgz 2468ms (cache miss)
3375 http fetch GET 200 https://registry.npmjs.org/cssesc/-/cssesc-3.0.0.tgz 2470ms (cache miss)
3376 http fetch GET 200 https://registry.npmjs.org/camelcase-css/-/camelcase-css-2.0.1.tgz 2470ms (cache miss)
3377 http fetch GET 200 https://registry.npmjs.org/readdirp/-/readdirp-3.6.0.tgz 2487ms (cache miss)
3378 http fetch GET 200 https://registry.npmjs.org/anymatch/-/anymatch-3.1.3.tgz 2503ms (cache miss)
3379 http fetch GET 200 https://registry.npmjs.org/is-binary-path/-/is-binary-path-2.1.0.tgz 2589ms (cache miss)
3380 http fetch GET 200 https://registry.npmjs.org/sucrase/-/sucrase-3.35.1.tgz 3119ms (cache miss)
3381 http fetch GET 200 https://registry.npmjs.org/postcss-nested/-/postcss-nested-6.2.0.tgz 3348ms (cache miss)
3382 http fetch GET 200 https://registry.npmjs.org/postcss-selector-parser/-/postcss-selector-parser-6.1.4.tgz 3417ms (cache miss)
3383 http fetch GET 200 https://registry.npmjs.org/postcss-js/-/postcss-js-4.1.0.tgz 3535ms (cache miss)
3384 http fetch GET 200 https://registry.npmjs.org/object-hash/-/object-hash-3.0.0.tgz 3545ms (cache miss)
3385 http fetch GET 200 https://registry.npmjs.org/postcss-import/-/postcss-import-15.1.0.tgz 3547ms (cache miss)
3386 http fetch GET 200 https://registry.npmjs.org/normalize-path/-/normalize-path-3.0.0.tgz 3836ms (cache miss)
3387 http fetch GET 200 https://registry.npmjs.org/jiti/-/jiti-1.21.7.tgz 3908ms (cache miss)
3388 http fetch GET 200 https://registry.npmjs.org/lilconfig/-/lilconfig-3.1.3.tgz 4020ms (cache miss)
3389 http fetch GET 200 https://registry.npmjs.org/dlv/-/dlv-1.1.3.tgz 4022ms (cache miss)
3390 http fetch GET 200 https://registry.npmjs.org/didyoumean/-/didyoumean-1.2.2.tgz 4021ms (cache miss)
3391 http fetch GET 200 https://registry.npmjs.org/arg/-/arg-5.0.2.tgz 4035ms (cache miss)
3392 http fetch GET 200 https://registry.npmjs.org/chokidar/-/chokidar-3.6.0.tgz 4128ms (cache miss)
3393 http fetch GET 200 https://registry.npmjs.org/@alloc/quick-lru/-/quick-lru-5.2.0.tgz 4277ms (cache miss)
3394 http fetch GET 200 https://registry.npmjs.org/client-only/-/client-only-0.0.1.tgz 4473ms (cache miss)
3395 http fetch GET 200 https://registry.npmjs.org/postcss-load-config/-/postcss-load-config-6.0.1.tgz 4478ms (cache miss)
3396 http fetch GET 200 https://registry.npmjs.org/has-flag/-/has-flag-4.0.0.tgz 4717ms (cache miss)
3397 http fetch GET 200 https://registry.npmjs.org/side-channel-weakmap/-/side-channel-weakmap-1.0.2.tgz 4811ms (cache miss)
3398 http fetch GET 200 https://registry.npmjs.org/@emnapi/runtime/-/runtime-1.11.3.tgz 5017ms (cache miss)
3399 http fetch GET 200 https://registry.npmjs.org/side-channel-map/-/side-channel-map-1.0.1.tgz 5023ms (cache miss)
3400 http fetch GET 200 https://registry.npmjs.org/side-channel-list/-/side-channel-list-1.0.1.tgz 5027ms (cache miss)
3401 http fetch GET 200 https://registry.npmjs.org/@img/colour/-/colour-1.1.0.tgz 5285ms (cache miss)
3402 http fetch GET 200 https://registry.npmjs.org/shebang-regex/-/shebang-regex-3.0.0.tgz 5340ms (cache miss)
3403 http fetch GET 200 https://registry.npmjs.org/isarray/-/isarray-2.0.5.tgz 5374ms (cache miss)
3404 http fetch GET 200 https://registry.npmjs.org/detect-libc/-/detect-libc-2.1.2.tgz 5385ms (cache miss)
3405 http fetch GET 200 https://registry.npmjs.org/supports-preserve-symlinks-flag/-/supports-preserve-symlinks-flag-1.0.0.tgz 5385ms (cache miss)
3406 http fetch GET 200 https://registry.npmjs.org/path-parse/-/path-parse-1.0.7.tgz 5397ms (cache miss)
3407 http fetch GET 200 https://registry.npmjs.org/scheduler/-/scheduler-0.27.0.tgz 5644ms (cache miss)
3408 http fetch GET 200 https://registry.npmjs.org/queue-microtask/-/queue-microtask-1.2.3.tgz 5818ms (cache miss)
3409 http fetch GET 200 https://registry.npmjs.org/js-tokens/-/js-tokens-4.0.0.tgz 6535ms (cache miss)
3410 http fetch GET 200 https://registry.npmjs.org/loose-envify/-/loose-envify-1.4.0.tgz 6736ms (cache miss)
3411 http fetch GET 200 https://registry.npmjs.org/yocto-queue/-/yocto-queue-0.1.0.tgz 6741ms (cache miss)
3412 http fetch GET 200 https://registry.npmjs.org/callsites/-/callsites-3.1.0.tgz 6783ms (cache miss)
3413 http fetch GET 200 https://registry.npmjs.org/p-limit/-/p-limit-3.1.0.tgz 6783ms (cache miss)
3414 http fetch GET 200 https://registry.npmjs.org/object-assign/-/object-assign-4.1.1.tgz 6785ms (cache miss)
3415 http fetch GET 200 https://registry.npmjs.org/react-is/-/react-is-16.13.1.tgz 6786ms (cache miss)
3416 http fetch GET 200 https://registry.npmjs.org/deep-is/-/deep-is-0.1.4.tgz 6784ms (cache miss)
3417 http fetch GET 200 https://registry.npmjs.org/fast-levenshtein/-/fast-levenshtein-2.0.6.tgz 6784ms (cache miss)
3418 http fetch GET 200 https://registry.npmjs.org/source-map-js/-/source-map-js-1.2.1.tgz 6819ms (cache miss)
3419 http fetch GET 200 https://registry.npmjs.org/nanoid/-/nanoid-3.3.17.tgz 6821ms (cache miss)
3420 http fetch GET 200 https://registry.npmjs.org/node-exports-info/-/node-exports-info-1.6.2.tgz 6850ms (cache miss)
3421 http fetch GET 200 https://registry.npmjs.org/tslib/-/tslib-2.8.1.tgz 7222ms (cache miss)
3422 http fetch GET 200 https://registry.npmjs.org/word-wrap/-/word-wrap-1.2.5.tgz 7530ms (cache miss)
3423 http fetch GET 200 https://registry.npmjs.org/concat-map/-/concat-map-0.0.1.tgz 8938ms (cache miss)
3424 http fetch GET 200 https://registry.npmjs.org/p-locate/-/p-locate-5.0.0.tgz 8936ms (cache miss)
3425 http fetch GET 200 https://registry.npmjs.org/balanced-match/-/balanced-match-1.0.2.tgz 8942ms (cache miss)
3426 http fetch GET 200 https://registry.npmjs.org/fill-range/-/fill-range-7.1.1.tgz 8942ms (cache miss)
3427 http fetch GET 200 https://registry.npmjs.org/to-regex-range/-/to-regex-range-5.0.1.tgz 8943ms (cache miss)
3428 http fetch GET 200 https://registry.npmjs.org/brace-expansion/-/brace-expansion-1.1.18.tgz 8965ms (cache miss)
3429 http fetch GET 200 https://registry.npmjs.org/mime-db/-/mime-db-1.52.0.tgz 8986ms (cache miss)
3430 http fetch GET 200 https://registry.npmjs.org/@img/sharp-win32-x64/-/sharp-win32-x64-0.34.5.tgz 9009ms (cache miss)
3431 http fetch GET 200 https://registry.npmjs.org/styled-jsx/-/styled-jsx-5.1.6.tgz 9040ms (cache miss)
3432 http fetch GET 200 https://registry.npmjs.org/sharp/-/sharp-0.34.5.tgz 9070ms (cache miss)
3433 http fetch GET 200 https://registry.npmjs.org/@next/env/-/env-15.5.22.tgz 9522ms (cache miss)
3434 http fetch GET 200 https://registry.npmjs.org/braces/-/braces-3.0.3.tgz 9614ms (cache miss)
3435 http fetch GET 200 https://registry.npmjs.org/@swc/helpers/-/helpers-0.5.15.tgz 9729ms (cache miss)
3436 http fetch GET 200 https://registry.npmjs.org/picomatch/-/picomatch-2.3.2.tgz 10354ms (cache miss)
3437 http fetch GET 200 https://registry.npmjs.org/prelude-ls/-/prelude-ls-1.2.1.tgz 10463ms (cache miss)
3438 http fetch GET 200 https://registry.npmjs.org/json-buffer/-/json-buffer-3.0.1.tgz 10552ms (cache miss)
3439 http fetch GET 200 https://registry.npmjs.org/language-subtag-registry/-/language-subtag-registry-0.3.23.tgz 11001ms (cache miss)
3440 http fetch GET 200 https://registry.npmjs.org/parent-module/-/parent-module-1.0.1.tgz 11189ms (cache miss)
3441 http fetch GET 200 https://registry.npmjs.org/resolve-from/-/resolve-from-4.0.0.tgz 11194ms (cache miss)
3442 http fetch GET 200 https://registry.npmjs.org/type-check/-/type-check-0.4.0.tgz 11230ms (cache miss)
3443 http fetch GET 200 https://registry.npmjs.org/agent-base/-/agent-base-6.0.2.tgz 11437ms (cache miss)
3444 http fetch GET 200 https://registry.npmjs.org/resolve-pkg-maps/-/resolve-pkg-maps-1.0.0.tgz 11442ms (cache miss)
3445 http fetch GET 200 https://registry.npmjs.org/dunder-proto/-/dunder-proto-1.0.1.tgz 11453ms (cache miss)
3446 http fetch GET 200 https://registry.npmjs.org/is-extglob/-/is-extglob-2.1.1.tgz 11838ms (cache miss)
3447 http fetch GET 200 https://registry.npmjs.org/side-channel/-/side-channel-1.1.1.tgz 11849ms (cache miss)
3448 http fetch GET 200 https://registry.npmjs.org/delayed-stream/-/delayed-stream-1.0.0.tgz 11891ms (cache miss)
3449 http fetch GET 200 https://registry.npmjs.org/is-document.all/-/is-document.all-1.0.0.tgz 11921ms (cache miss)
3450 http fetch GET 200 https://registry.npmjs.org/functions-have-names/-/functions-have-names-1.2.3.tgz 12079ms (cache miss)
3451 http fetch GET 200 https://registry.npmjs.org/set-function-name/-/set-function-name-2.0.2.tgz 12316ms (cache miss)
3452 http fetch GET 200 https://registry.npmjs.org/keyv/-/keyv-4.5.4.tgz 13141ms (cache miss)
3453 http fetch GET 200 https://registry.npmjs.org/locate-path/-/locate-path-6.0.0.tgz 13645ms (cache miss)
3454 http fetch GET 200 https://registry.npmjs.org/path-exists/-/path-exists-4.0.0.tgz 13652ms (cache miss)
3455 http fetch GET 200 https://registry.npmjs.org/asynckit/-/asynckit-0.4.0.tgz 13771ms (cache miss)
3456 http fetch GET 200 https://registry.npmjs.org/run-parallel/-/run-parallel-1.2.0.tgz 13953ms (cache miss)
3457 http fetch GET 200 https://registry.npmjs.org/reusify/-/reusify-1.1.0.tgz 13953ms (cache miss)
3458 http fetch GET 200 https://registry.npmjs.org/flat-cache/-/flat-cache-4.0.1.tgz 13964ms (cache miss)
3459 http fetch GET 200 https://registry.npmjs.org/combined-stream/-/combined-stream-1.0.8.tgz 13971ms (cache miss)
3460 http fetch GET 200 https://registry.npmjs.org/@nodelib/fs.walk/-/fs.walk-1.2.8.tgz 14180ms (cache miss)
3461 http fetch GET 200 https://registry.npmjs.org/@nodelib/fs.scandir/-/fs.scandir-2.1.5.tgz 14216ms (cache miss)
3462 http fetch GET 200 https://registry.npmjs.org/flatted/-/flatted-3.4.4.tgz 14305ms (cache miss)
3463 http fetch GET 200 https://registry.npmjs.org/@nodelib/fs.stat/-/fs.stat-2.0.5.tgz 14672ms (cache miss)
3464 http fetch GET 200 https://registry.npmjs.org/fastq/-/fastq-1.20.1.tgz 14922ms (cache miss)
3465 http fetch GET 200 https://registry.npmjs.org/micromatch/-/micromatch-4.0.8.tgz 14981ms (cache miss)
3466 http fetch GET 200 https://registry.npmjs.org/acorn-jsx/-/acorn-jsx-5.3.2.tgz 15788ms (cache miss)
3467 http fetch GET 200 https://registry.npmjs.org/argparse/-/argparse-2.0.1.tgz 16002ms (cache miss)
3468 http fetch GET 200 https://registry.npmjs.org/esrecurse/-/esrecurse-4.3.0.tgz 16477ms (cache miss)
3469 http fetch GET 200 https://registry.npmjs.org/string.prototype.repeat/-/string.prototype.repeat-1.0.0.tgz 16478ms (cache miss)
3470 http fetch GET 200 https://registry.npmjs.org/string.prototype.matchall/-/string.prototype.matchall-4.0.12.tgz 16506ms (cache miss)
3471 http fetch GET 200 https://registry.npmjs.org/iterator.prototype/-/iterator.prototype-1.1.5.tgz 16678ms (cache miss)
3472 http fetch GET 200 https://registry.npmjs.org/array.prototype.tosorted/-/array.prototype.tosorted-1.1.4.tgz 16676ms (cache miss)
3473 http fetch GET 200 https://registry.npmjs.org/es-iterator-helpers/-/es-iterator-helpers-1.4.0.tgz 17046ms (cache miss)
3474 http fetch GET 200 https://registry.npmjs.org/mime-types/-/mime-types-2.1.35.tgz 17349ms (cache miss)
3475 http fetch GET 200 https://registry.npmjs.org/acorn/-/acorn-8.18.0.tgz 17361ms (cache miss)
3476 http fetch GET 200 https://registry.npmjs.org/prop-types/-/prop-types-15.8.1.tgz 17400ms (cache miss)
3477 http fetch GET 200 https://registry.npmjs.org/estraverse/-/estraverse-5.3.0.tgz 17490ms (cache miss)
3478 http fetch GET 200 https://registry.npmjs.org/object.entries/-/object.entries-1.1.9.tgz 17546ms (cache miss)
3479 http fetch GET 200 https://registry.npmjs.org/string.prototype.includes/-/string.prototype.includes-2.0.1.tgz 18151ms (cache miss)
3480 http fetch GET 200 https://registry.npmjs.org/language-tags/-/language-tags-1.0.9.tgz 18173ms (cache miss)
3481 http fetch GET 200 https://registry.npmjs.org/damerau-levenshtein/-/damerau-levenshtein-1.0.8.tgz 18174ms (cache miss)
3482 http fetch GET 200 https://registry.npmjs.org/jsx-ast-utils/-/jsx-ast-utils-3.3.5.tgz 18329ms (cache miss)
3483 http fetch GET 200 https://registry.npmjs.org/emoji-regex/-/emoji-regex-9.2.2.tgz 18358ms (cache miss)
3484 http fetch GET 200 https://registry.npmjs.org/merge2/-/merge2-1.4.1.tgz 18444ms (cache miss)
3485 http fetch GET 200 https://registry.npmjs.org/axobject-query/-/axobject-query-4.1.0.tgz 18467ms (cache miss)
3486 http fetch GET 200 https://registry.npmjs.org/array.prototype.findlast/-/array.prototype.findlast-1.2.5.tgz 18634ms (cache miss)
3487 http fetch GET 200 https://registry.npmjs.org/axe-core/-/axe-core-4.12.1.tgz 18755ms (cache miss)
3488 http fetch GET 200 https://registry.npmjs.org/string.prototype.trimstart/-/string.prototype.trimstart-1.0.8.tgz 21175ms (cache miss)
3489 http fetch GET 200 https://registry.npmjs.org/has-tostringtag/-/has-tostringtag-1.0.2.tgz 21193ms (cache miss)
3490 http fetch GET 200 https://registry.npmjs.org/typed-array-buffer/-/typed-array-buffer-1.0.3.tgz 21359ms (cache miss)
3491 http fetch GET 200 https://registry.npmjs.org/es-abstract-get/-/es-abstract-get-1.0.0.tgz 21727ms (cache miss)
3492 http fetch GET 200 https://registry.npmjs.org/stop-iteration-iterator/-/stop-iteration-iterator-1.1.0.tgz 28088ms (cache miss)
3493 http fetch GET https://registry.npmjs.org/which-typed-array/-/which-typed-array-1.1.22.tgz attempt 1 failed with ECONNRESET
3494 http fetch GET https://registry.npmjs.org/typed-array-byte-length/-/typed-array-byte-length-1.0.3.tgz attempt 1 failed with ECONNRESET
3495 http fetch GET 200 https://registry.npmjs.org/string.prototype.trim/-/string.prototype.trim-1.2.11.tgz 32764ms (cache miss)
3496 http fetch GET https://registry.npmjs.org/safe-push-apply/-/safe-push-apply-1.0.0.tgz attempt 1 failed with ECONNRESET
3497 http fetch GET 200 https://registry.npmjs.org/is-date-object/-/is-date-object-1.1.0.tgz 33741ms (cache miss)
3498 http fetch GET https://registry.npmjs.org/unbox-primitive/-/unbox-primitive-1.1.0.tgz attempt 1 failed with ECONNRESET
3499 http fetch GET https://registry.npmjs.org/typed-array-length/-/typed-array-length-1.0.8.tgz attempt 1 failed with ECONNRESET
3500 http fetch GET https://registry.npmjs.org/typed-array-byte-offset/-/typed-array-byte-offset-1.0.4.tgz attempt 1 failed with ECONNRESET
3501 http fetch GET https://registry.npmjs.org/is-symbol/-/is-symbol-1.1.1.tgz attempt 1 failed with ECONNRESET
3502 http fetch GET 200 https://registry.npmjs.org/safe-array-concat/-/safe-array-concat-1.1.4.tgz 39955ms (cache miss)
3503 http fetch GET 200 https://registry.npmjs.org/own-keys/-/own-keys-1.0.2.tgz 40862ms (cache miss)
3504 http fetch GET 200 https://registry.npmjs.org/object.assign/-/object.assign-4.1.7.tgz 41442ms (cache miss)
3505 http fetch GET 200 https://registry.npmjs.org/object-inspect/-/object-inspect-1.13.4.tgz 41668ms (cache miss)
3506 http fetch GET 200 https://registry.npmjs.org/is-weakref/-/is-weakref-1.1.1.tgz 41919ms (cache miss)
3507 http fetch GET 200 https://registry.npmjs.org/regexp.prototype.flags/-/regexp.prototype.flags-1.5.4.tgz 42722ms (cache miss)
3508 http fetch GET https://registry.npmjs.org/safe-regex-test/-/safe-regex-test-1.1.0.tgz attempt 1 failed with ECONNRESET
3509 http fetch GET 200 https://registry.npmjs.org/is-set/-/is-set-2.0.3.tgz 46399ms (cache miss)
3510 http fetch GET https://registry.npmjs.org/set-proto/-/set-proto-1.0.0.tgz attempt 1 failed with ECONNRESET
3511 http fetch GET 200 https://registry.npmjs.org/internal-slot/-/internal-slot-1.1.0.tgz 47131ms (cache miss)
3512 http fetch GET 200 https://registry.npmjs.org/is-callable/-/is-callable-1.2.7.tgz 47150ms (cache miss)
3513 http fetch GET 200 https://registry.npmjs.org/has-symbols/-/has-symbols-1.1.0.tgz 47377ms (cache miss)
3514 http fetch GET 200 https://registry.npmjs.org/has-proto/-/has-proto-1.2.0.tgz 47441ms (cache miss)
3515 http fetch GET 200 https://registry.npmjs.org/globalthis/-/globalthis-1.0.4.tgz 47445ms (cache miss)
3516 http fetch GET 200 https://registry.npmjs.org/get-symbol-description/-/get-symbol-description-1.1.0.tgz 47458ms (cache miss)
3517 http fetch GET 200 https://registry.npmjs.org/get-proto/-/get-proto-1.0.1.tgz 47565ms (cache miss)
3518 http fetch GET 200 https://registry.npmjs.org/function.prototype.name/-/function.prototype.name-1.2.0.tgz 47654ms (cache miss)
3519 http fetch GET 200 https://registry.npmjs.org/is-regex/-/is-regex-1.2.1.tgz 47671ms (cache miss)
3520 http fetch GET 200 https://registry.npmjs.org/data-view-byte-offset/-/data-view-byte-offset-1.0.1.tgz 47684ms (cache miss)
3521 http fetch GET 200 https://registry.npmjs.org/data-view-byte-length/-/data-view-byte-length-1.0.2.tgz 47687ms (cache miss)
3522 http fetch GET 200 https://registry.npmjs.org/es-to-primitive/-/es-to-primitive-1.3.4.tgz 47690ms (cache miss)
3523 http fetch GET 200 https://registry.npmjs.org/es-set-tostringtag/-/es-set-tostringtag-2.1.0.tgz 47784ms (cache miss)
3524 http fetch GET 200 https://registry.npmjs.org/data-view-buffer/-/data-view-buffer-1.0.2.tgz 47815ms (cache miss)
3525 http fetch GET 200 https://registry.npmjs.org/available-typed-arrays/-/available-typed-arrays-1.0.7.tgz 47823ms (cache miss)
3526 http fetch GET 200 https://registry.npmjs.org/arraybuffer.prototype.slice/-/arraybuffer.prototype.slice-1.0.4.tgz 47860ms (cache miss)
3527 http fetch GET 200 https://registry.npmjs.org/array-buffer-byte-length/-/array-buffer-byte-length-1.0.2.tgz 47868ms (cache miss)
3528 http fetch GET 200 https://registry.npmjs.org/gopd/-/gopd-1.2.0.tgz 47880ms (cache miss)
3529 http fetch GET 200 https://registry.npmjs.org/has-property-descriptors/-/has-property-descriptors-1.0.2.tgz 47888ms (cache miss)
3530 http fetch GET 200 https://registry.npmjs.org/define-data-property/-/define-data-property-1.1.4.tgz 47889ms (cache miss)
3531 http fetch GET 200 https://registry.npmjs.org/unbox-primitive/-/unbox-primitive-1.1.0.tgz 47917ms attempt #2 (cache miss)
3532 http fetch GET 200 https://registry.npmjs.org/set-function-length/-/set-function-length-1.2.2.tgz 47964ms (cache miss)
3533 http fetch GET 200 https://registry.npmjs.org/object-keys/-/object-keys-1.1.1.tgz 47995ms (cache miss)
3534 http fetch GET 200 https://registry.npmjs.org/es-define-property/-/es-define-property-1.0.1.tgz 48002ms (cache miss)
3535 http fetch GET 200 https://registry.npmjs.org/function-bind/-/function-bind-1.1.2.tgz 48011ms (cache miss)
3536 http fetch GET 200 https://registry.npmjs.org/es-shim-unscopables/-/es-shim-unscopables-1.1.0.tgz 48011ms (cache miss)
3537 http fetch GET 200 https://registry.npmjs.org/get-intrinsic/-/get-intrinsic-1.3.0.tgz 48064ms (cache miss)
3538 http fetch GET 200 https://registry.npmjs.org/call-bind-apply-helpers/-/call-bind-apply-helpers-1.0.2.tgz 48074ms (cache miss)
3539 http fetch GET 200 https://registry.npmjs.org/es-errors/-/es-errors-1.3.0.tgz 48114ms (cache miss)
3540 http fetch GET 200 https://registry.npmjs.org/is-string/-/is-string-1.1.1.tgz 48115ms (cache miss)
3541 http fetch GET 200 https://registry.npmjs.org/math-intrinsics/-/math-intrinsics-1.1.0.tgz 48146ms (cache miss)
3542 http fetch GET 200 https://registry.npmjs.org/call-bind/-/call-bind-1.0.9.tgz 48161ms (cache miss)
3543 http fetch GET 200 https://registry.npmjs.org/es-object-atoms/-/es-object-atoms-1.1.2.tgz 48188ms (cache miss)
3544 http fetch GET 200 https://registry.npmjs.org/define-properties/-/define-properties-1.2.1.tgz 48296ms (cache miss)
3545 http fetch GET 200 https://registry.npmjs.org/call-bound/-/call-bound-1.0.4.tgz 48349ms (cache miss)
3546 http fetch GET https://registry.npmjs.org/is-shared-array-buffer/-/is-shared-array-buffer-1.0.4.tgz attempt 1 failed with ECONNRESET
3547 http fetch GET 200 https://registry.npmjs.org/string.prototype.trimend/-/string.prototype.trimend-1.0.10.tgz 48460ms (cache miss)
3548 http fetch GET 200 https://registry.npmjs.org/hasown/-/hasown-2.0.4.tgz 48488ms (cache miss)
3549 http fetch GET 200 https://registry.npmjs.org/object.values/-/object.values-1.2.1.tgz 48497ms (cache miss)
3550 http fetch GET 200 https://registry.npmjs.org/object.groupby/-/object.groupby-1.0.3.tgz 48510ms (cache miss)
3551 http fetch GET 200 https://registry.npmjs.org/object.fromentries/-/object.fromentries-2.0.8.tgz 48536ms (cache miss)
3552 http fetch GET 200 https://registry.npmjs.org/doctrine/-/doctrine-2.1.0.tgz 48585ms (cache miss)
3553 http fetch GET 200 https://registry.npmjs.org/@rtsao/scc/-/scc-1.1.0.tgz 48586ms (cache miss)
3554 http fetch GET 200 https://registry.npmjs.org/array-includes/-/array-includes-3.1.9.tgz 48650ms (cache miss)
3555 http fetch GET 200 https://registry.npmjs.org/array.prototype.flatmap/-/array.prototype.flatmap-1.3.3.tgz 48661ms (cache miss)
3556 http fetch GET 200 https://registry.npmjs.org/array.prototype.findlastindex/-/array.prototype.findlastindex-1.2.6.tgz 48681ms (cache miss)
3557 http fetch GET 200 https://registry.npmjs.org/unrs-resolver/-/unrs-resolver-1.12.2.tgz 48680ms (cache miss)
3558 http fetch GET 200 https://registry.npmjs.org/@nolyfill/is-core-module/-/is-core-module-1.0.39.tgz 48682ms (cache miss)
3559 http fetch GET 200 https://registry.npmjs.org/is-bun-module/-/is-bun-module-2.0.0.tgz 48694ms (cache miss)
3560 http fetch GET 200 https://registry.npmjs.org/stable-hash/-/stable-hash-0.0.5.tgz 48718ms (cache miss)
3561 http fetch GET 200 https://registry.npmjs.org/eslint-module-utils/-/eslint-module-utils-2.14.0.tgz 48762ms (cache miss)
3562 http fetch GET 200 https://registry.npmjs.org/array.prototype.flat/-/array.prototype.flat-1.3.3.tgz 48764ms (cache miss)
3563 http fetch GET 200 https://registry.npmjs.org/tinyglobby/-/tinyglobby-0.2.17.tgz 48777ms (cache miss)
3564 http fetch GET 200 https://registry.npmjs.org/@typescript-eslint/tsconfig-utils/-/tsconfig-utils-8.66.0.tgz 48780ms (cache miss)
3565 http fetch GET 200 https://registry.npmjs.org/@typescript-eslint/project-service/-/project-service-8.66.0.tgz 48783ms (cache miss)
3566 http fetch GET 200 https://registry.npmjs.org/get-tsconfig/-/get-tsconfig-4.14.1.tgz 48816ms (cache miss)
3567 http fetch GET 200 https://registry.npmjs.org/tsconfig-paths/-/tsconfig-paths-3.15.0.tgz 48872ms (cache miss)
3568 http fetch GET 200 https://registry.npmjs.org/is-core-module/-/is-core-module-2.16.2.tgz 48916ms (cache miss)
3569 http fetch GET 200 https://registry.npmjs.org/is-negative-zero/-/is-negative-zero-2.0.3.tgz 48966ms (cache miss)
3570 http fetch GET 200 https://registry.npmjs.org/ts-api-utils/-/ts-api-utils-2.5.0.tgz 48949ms (cache miss)
3571 http fetch GET 200 https://registry.npmjs.org/@typescript-eslint/visitor-keys/-/visitor-keys-8.66.0.tgz 48963ms (cache miss)
3572 http fetch GET 200 https://registry.npmjs.org/@typescript-eslint/types/-/types-8.66.0.tgz 48979ms (cache miss)
3573 http fetch GET 200 https://registry.npmjs.org/eslint-plugin-react-hooks/-/eslint-plugin-react-hooks-5.2.0.tgz 49051ms (cache miss)
3574 http fetch GET 200 https://registry.npmjs.org/@typescript-eslint/parser/-/parser-8.66.0.tgz 49061ms (cache miss)
3575 http fetch GET 200 https://registry.npmjs.org/eslint-import-resolver-node/-/eslint-import-resolver-node-0.3.10.tgz 49123ms (cache miss)
3576 http fetch GET 200 https://registry.npmjs.org/eslint-import-resolver-typescript/-/eslint-import-resolver-typescript-3.10.1.tgz 49129ms (cache miss)
3577 http fetch GET 200 https://registry.npmjs.org/which/-/which-2.0.2.tgz 49188ms (cache miss)
3578 http fetch GET 200 https://registry.npmjs.org/is-typed-array/-/is-typed-array-1.1.15.tgz 49227ms (cache miss)
3579 http fetch GET 200 https://registry.npmjs.org/color-name/-/color-name-1.1.4.tgz 49282ms (cache miss)
3580 http fetch GET 200 https://registry.npmjs.org/supports-color/-/supports-color-7.2.0.tgz 49302ms (cache miss)
3581 http fetch GET 200 https://registry.npmjs.org/path-key/-/path-key-3.1.1.tgz 49306ms (cache miss)
3582 http fetch GET 200 https://registry.npmjs.org/ansi-styles/-/ansi-styles-4.3.0.tgz 49306ms (cache miss)
3583 http fetch GET 200 https://registry.npmjs.org/color-convert/-/color-convert-2.0.1.tgz 49318ms (cache miss)
3584 http fetch GET 200 https://registry.npmjs.org/shebang-command/-/shebang-command-2.0.0.tgz 49399ms (cache miss)
3585 http fetch GET 200 https://registry.npmjs.org/@types/json-schema/-/json-schema-7.0.15.tgz 49442ms (cache miss)
3586 http fetch GET 200 https://registry.npmjs.org/@humanfs/types/-/types-0.15.0.tgz 49462ms (cache miss)
3587 http fetch GET 200 https://registry.npmjs.org/semver/-/semver-7.8.5.tgz 49492ms (cache miss)
3588 http fetch GET 200 https://registry.npmjs.org/natural-compare/-/natural-compare-1.4.0.tgz 49482ms (cache miss)
3589 http fetch GET 200 https://registry.npmjs.org/optionator/-/optionator-0.9.4.tgz 49484ms (cache miss)
3590 http fetch GET 200 https://registry.npmjs.org/is-glob/-/is-glob-4.0.3.tgz 49501ms (cache miss)
3591 http fetch GET 200 https://registry.npmjs.org/levn/-/levn-0.4.1.tgz 49504ms (cache miss)
3592 http fetch GET 200 https://registry.npmjs.org/lodash.merge/-/lodash.merge-4.6.2.tgz 49509ms (cache miss)
3593 http fetch GET 200 https://registry.npmjs.org/@typescript-eslint/type-utils/-/type-utils-8.66.0.tgz 49534ms (cache miss)
3594 http fetch GET 200 https://registry.npmjs.org/glob-parent/-/glob-parent-6.0.2.tgz 49529ms (cache miss)
3595 http fetch GET 200 https://registry.npmjs.org/imurmurhash/-/imurmurhash-0.1.4.tgz 49543ms (cache miss)
3596 http fetch GET 200 https://registry.npmjs.org/find-up/-/find-up-5.0.0.tgz 49544ms (cache miss)
3597 http fetch GET 200 https://registry.npmjs.org/file-entry-cache/-/file-entry-cache-8.0.0.tgz 49556ms (cache miss)
3598 http fetch GET 200 https://registry.npmjs.org/@humanwhocodes/retry/-/retry-0.4.3.tgz 49588ms (cache miss)
3599 http fetch GET 200 https://registry.npmjs.org/@humanwhocodes/module-importer/-/module-importer-1.0.1.tgz 49597ms (cache miss)
3600 http fetch GET 200 https://registry.npmjs.org/escape-string-regexp/-/escape-string-regexp-4.0.0.tgz 49604ms (cache miss)
3601 http fetch GET 200 https://registry.npmjs.org/@eslint/object-schema/-/object-schema-2.1.7.tgz 49674ms (cache miss)
3602 http fetch GET 200 https://registry.npmjs.org/esutils/-/esutils-2.0.3.tgz 49674ms (cache miss)
3603 http fetch GET 200 https://registry.npmjs.org/@types/estree/-/estree-1.0.9.tgz 49677ms (cache miss)
3604 http fetch GET 200 https://registry.npmjs.org/@eslint/js/-/js-9.39.5.tgz 49675ms (cache miss)
3605 http fetch GET 200 https://registry.npmjs.org/@eslint/config-helpers/-/config-helpers-0.4.2.tgz 49677ms (cache miss)
3606 http fetch GET 200 https://registry.npmjs.org/eslint-visitor-keys/-/eslint-visitor-keys-4.2.1.tgz 49690ms (cache miss)
3607 http fetch GET 200 https://registry.npmjs.org/@humanfs/core/-/core-0.19.2.tgz 49720ms (cache miss)
3608 http fetch GET 200 https://registry.npmjs.org/cross-spawn/-/cross-spawn-7.0.6.tgz 49741ms (cache miss)
3609 http fetch GET 200 https://registry.npmjs.org/chalk/-/chalk-4.1.2.tgz 49754ms (cache miss)
3610 http fetch GET 200 https://registry.npmjs.org/@eslint/core/-/core-0.17.0.tgz 49775ms (cache miss)
3611 http fetch GET 200 https://registry.npmjs.org/ms/-/ms-2.1.3.tgz 49806ms (cache miss)
3612 http fetch GET 200 https://registry.npmjs.org/update-browserslist-db/-/update-browserslist-db-1.2.3.tgz 49815ms (cache miss)
3613 http fetch GET 200 https://registry.npmjs.org/json-stable-stringify-without-jsonify/-/json-stable-stringify-without-jsonify-1.0.1.tgz 49824ms (cache miss)
3614 http fetch GET 200 https://registry.npmjs.org/@humanfs/node/-/node-0.16.8.tgz 49820ms (cache miss)
3615 http fetch GET 200 https://registry.npmjs.org/fast-glob/-/fast-glob-3.3.1.tgz 49836ms (cache miss)
3616 http fetch GET 200 https://registry.npmjs.org/node-releases/-/node-releases-2.0.52.tgz 49838ms (cache miss)
3617 http fetch GET 200 https://registry.npmjs.org/proxy-from-env/-/proxy-from-env-2.1.0.tgz 49841ms (cache miss)
3618 http fetch GET 200 https://registry.npmjs.org/follow-redirects/-/follow-redirects-1.16.0.tgz 49891ms (cache miss)
3619 http fetch GET 200 https://registry.npmjs.org/eslint-scope/-/eslint-scope-8.4.0.tgz 49901ms (cache miss)
3620 http fetch GET 200 https://registry.npmjs.org/postcss-value-parser/-/postcss-value-parser-4.2.0.tgz 49899ms (cache miss)
3621 http fetch GET 200 https://registry.npmjs.org/@eslint/plugin-kit/-/plugin-kit-0.4.1.tgz 49906ms (cache miss)
3622 http fetch GET 200 https://registry.npmjs.org/picocolors/-/picocolors-1.1.1.tgz 49911ms (cache miss)
3623 http fetch GET 200 https://registry.npmjs.org/fast-json-stable-stringify/-/fast-json-stable-stringify-2.1.0.tgz 49937ms (cache miss)
3624 http fetch GET 200 https://registry.npmjs.org/fast-deep-equal/-/fast-deep-equal-3.1.3.tgz 49943ms (cache miss)
3625 http fetch GET 200 https://registry.npmjs.org/is-array-buffer/-/is-array-buffer-3.0.5.tgz 50002ms (cache miss)
3626 http fetch GET 200 https://registry.npmjs.org/@radix-ui/react-compose-refs/-/react-compose-refs-1.1.5.tgz 49976ms (cache miss)
3627 http fetch GET 200 https://registry.npmjs.org/form-data/-/form-data-4.0.6.tgz 50000ms (cache miss)
3628 http fetch GET 200 https://registry.npmjs.org/baseline-browser-mapping/-/baseline-browser-mapping-2.11.12.tgz 50041ms (cache miss)
3629 http fetch GET 200 https://registry.npmjs.org/https-proxy-agent/-/https-proxy-agent-5.0.1.tgz 50051ms (cache miss)
3630 http fetch GET 200 https://registry.npmjs.org/strip-json-comments/-/strip-json-comments-3.1.1.tgz 50045ms (cache miss)
3631 http fetch GET 200 https://registry.npmjs.org/json-schema-traverse/-/json-schema-traverse-0.4.1.tgz 50052ms (cache miss)
3632 http fetch GET 200 https://registry.npmjs.org/minimatch/-/minimatch-3.1.5.tgz 50054ms (cache miss)
3633 http fetch GET 200 https://registry.npmjs.org/@eslint-community/regexpp/-/regexpp-4.12.2.tgz 50069ms (cache miss)
3634 http fetch GET 200 https://registry.npmjs.org/import-fresh/-/import-fresh-3.3.1.tgz 50106ms (cache miss)
3635 http fetch GET 200 https://registry.npmjs.org/electron-to-chromium/-/electron-to-chromium-1.5.400.tgz 50128ms (cache miss)
3636 http fetch GET 200 https://registry.npmjs.org/ignore/-/ignore-5.3.2.tgz 50158ms (cache miss)
3637 http fetch GET 200 https://registry.npmjs.org/browserslist/-/browserslist-4.28.7.tgz 50164ms (cache miss)
3638 http fetch GET 200 https://registry.npmjs.org/debug/-/debug-4.4.3.tgz 50168ms (cache miss)
3639 http fetch GET 200 https://registry.npmjs.org/@eslint-community/eslint-utils/-/eslint-utils-4.10.1.tgz 50206ms (cache miss)
3640 http fetch GET 200 https://registry.npmjs.org/@eslint/config-array/-/config-array-0.21.2.tgz 50208ms (cache miss)
3641 http fetch GET 200 https://registry.npmjs.org/eslint-config-next/-/eslint-config-next-15.5.22.tgz 50225ms (cache miss)
3642 http fetch GET 200 https://registry.npmjs.org/clsx/-/clsx-2.1.1.tgz 50238ms (cache miss)
3643 http fetch GET 200 https://registry.npmjs.org/esquery/-/esquery-1.7.0.tgz 50332ms (cache miss)
3644 http fetch GET 200 https://registry.npmjs.org/espree/-/espree-10.4.0.tgz 50341ms (cache miss)
3645 http fetch GET 200 https://registry.npmjs.org/@typescript-eslint/utils/-/utils-8.66.0.tgz 50384ms (cache miss)
3646 http fetch GET 200 https://registry.npmjs.org/@typescript-eslint/typescript-estree/-/typescript-estree-8.66.0.tgz 50393ms (cache miss)
3647 http fetch GET 200 https://registry.npmjs.org/fraction.js/-/fraction.js-5.3.4.tgz 50421ms (cache miss)
3648 http fetch GET 200 https://registry.npmjs.org/csstype/-/csstype-3.2.3.tgz 50443ms (cache miss)
3649 http fetch GET 200 https://registry.npmjs.org/class-variance-authority/-/class-variance-authority-0.7.1.tgz 50456ms (cache miss)
3650 http fetch GET 200 https://registry.npmjs.org/@next/eslint-plugin-next/-/eslint-plugin-next-15.5.22.tgz 50644ms (cache miss)
3651 http fetch GET 200 https://registry.npmjs.org/undici-types/-/undici-types-6.21.0.tgz 50713ms (cache miss)
3652 http fetch GET 200 https://registry.npmjs.org/@types/react-dom/-/react-dom-19.2.4.tgz 50721ms (cache miss)
3653 http fetch GET 200 https://registry.npmjs.org/resolve/-/resolve-2.0.0-next.7.tgz 50791ms (cache miss)
3654 http fetch GET 200 https://registry.npmjs.org/tailwind-merge/-/tailwind-merge-2.6.1.tgz 50798ms (cache miss)
3655 http fetch GET 200 https://registry.npmjs.org/uri-js/-/uri-js-4.4.1.tgz 50847ms (cache miss)
3656 http fetch GET 200 https://registry.npmjs.org/js-yaml/-/js-yaml-4.3.1.tgz 50909ms (cache miss)
3657 http fetch GET 200 https://registry.npmjs.org/globals/-/globals-14.0.0.tgz 51032ms (cache miss)
3658 http fetch GET 200 https://registry.npmjs.org/@radix-ui/react-slot/-/react-slot-1.3.3.tgz 51355ms (cache miss)
3659 http fetch GET 200 https://registry.npmjs.org/@types/react/-/react-19.2.18.tgz 51380ms (cache miss)
3660 http fetch GET 200 https://registry.npmjs.org/postcss/-/postcss-8.5.25.tgz 51560ms (cache miss)
3661 http fetch GET 200 https://registry.npmjs.org/eslint-plugin-import/-/eslint-plugin-import-2.32.0.tgz 51595ms (cache miss)
3662 http fetch GET 200 https://registry.npmjs.org/@rushstack/eslint-patch/-/eslint-patch-1.16.1.tgz 51623ms (cache miss)
3663 http fetch GET 200 https://registry.npmjs.org/is-data-view/-/is-data-view-1.0.2.tgz 51699ms (cache miss)
3664 http fetch GET 200 https://registry.npmjs.org/ajv/-/ajv-6.15.0.tgz 51646ms (cache miss)
3665 http fetch GET 200 https://registry.npmjs.org/@eslint/eslintrc/-/eslintrc-3.3.6.tgz 51924ms (cache miss)
3666 http fetch GET 200 https://registry.npmjs.org/glob-parent/-/glob-parent-5.1.2.tgz 51962ms (cache miss)
3667 http fetch GET 200 https://registry.npmjs.org/axios/-/axios-1.19.0.tgz 51993ms (cache miss)
3668 http fetch GET 200 https://registry.npmjs.org/semver/-/semver-6.3.1.tgz 52013ms (cache miss)
3669 http fetch GET 200 https://registry.npmjs.org/autoprefixer/-/autoprefixer-10.5.4.tgz 52019ms (cache miss)
3670 http fetch GET 200 https://registry.npmjs.org/debug/-/debug-3.2.7.tgz 52187ms (cache miss)
3671 http fetch GET 200 https://registry.npmjs.org/react-dom/-/react-dom-19.2.8.tgz 52226ms (cache miss)
3672 http fetch GET 200 https://registry.npmjs.org/eslint-plugin-jsx-a11y/-/eslint-plugin-jsx-a11y-6.10.2.tgz 52295ms (cache miss)
3673 http fetch GET 200 https://registry.npmjs.org/picomatch/-/picomatch-4.0.5.tgz 52291ms (cache miss)
3674 http fetch GET 200 https://registry.npmjs.org/fdir/-/fdir-6.5.0.tgz 52310ms (cache miss)
3675 http fetch GET 200 https://registry.npmjs.org/@emnapi/runtime/-/runtime-1.10.0.tgz 52355ms (cache miss)
3676 http fetch GET 200 https://registry.npmjs.org/react/-/react-19.2.8.tgz 52462ms (cache miss)
3677 http fetch GET 200 https://registry.npmjs.org/glob-parent/-/glob-parent-5.1.2.tgz 52506ms (cache miss)
3678 http fetch GET 200 https://registry.npmjs.org/balanced-match/-/balanced-match-4.0.4.tgz 52568ms (cache miss)
3679 http fetch GET 200 https://registry.npmjs.org/eslint-visitor-keys/-/eslint-visitor-keys-3.4.3.tgz 52597ms (cache miss)
3680 http fetch GET 200 https://registry.npmjs.org/semver/-/semver-6.3.1.tgz 52604ms (cache miss)
3681 http fetch GET 200 https://registry.npmjs.org/semver/-/semver-6.3.1.tgz 52622ms (cache miss)
3682 http fetch GET 200 https://registry.npmjs.org/brace-expansion/-/brace-expansion-5.0.9.tgz 52630ms (cache miss)
3683 http fetch GET 200 https://registry.npmjs.org/eslint-visitor-keys/-/eslint-visitor-keys-5.0.1.tgz 52651ms (cache miss)
3684 http fetch GET 200 https://registry.npmjs.org/glob-parent/-/glob-parent-5.1.2.tgz 52666ms (cache miss)
3685 http fetch GET 200 https://registry.npmjs.org/debug/-/debug-3.2.7.tgz 52688ms (cache miss)
3686 http fetch GET 200 https://registry.npmjs.org/ignore/-/ignore-7.0.6.tgz 52694ms (cache miss)
3687 http fetch GET https://registry.npmjs.org/aria-query/-/aria-query-5.3.2.tgz attempt 1 failed with ECONNRESET
3688 http fetch GET 200 https://registry.npmjs.org/which-typed-array/-/which-typed-array-1.1.22.tgz 52812ms attempt #2 (cache miss)
3689 http fetch GET 200 https://registry.npmjs.org/typed-array-byte-length/-/typed-array-byte-length-1.0.3.tgz 52828ms attempt #2 (cache miss)
3690 http fetch GET 200 https://registry.npmjs.org/safe-push-apply/-/safe-push-apply-1.0.0.tgz 52826ms attempt #2 (cache miss)
3691 http fetch GET 200 https://registry.npmjs.org/sharp 52607ms (cache miss)
3692 silly packumentCache corgi:https://registry.npmjs.org/sharp set size:undefined disposed:false
3693 http fetch GET 200 https://registry.npmjs.org/postcss 52633ms (cache miss)
3694 silly packumentCache corgi:https://registry.npmjs.org/postcss set size:undefined disposed:false
3695 http fetch GET 200 https://registry.npmjs.org/typed-array-length/-/typed-array-length-1.0.8.tgz 52933ms attempt #2 (cache miss)
3696 http fetch GET 200 https://registry.npmjs.org/is-symbol/-/is-symbol-1.1.1.tgz 52956ms attempt #2 (cache miss)
3697 silly packumentCache corgi:https://registry.npmjs.org/next cache-miss
3698 http fetch GET 200 https://registry.npmjs.org/typed-array-byte-offset/-/typed-array-byte-offset-1.0.4.tgz 53027ms attempt #2 (cache miss)
3699 http fetch GET 200 https://registry.npmjs.org/@types/node/-/node-22.20.1.tgz 53062ms (cache miss)
3700 http fetch GET 200 https://registry.npmjs.org/debug/-/debug-3.2.7.tgz 53107ms (cache miss)
3701 http fetch GET 200 https://registry.npmjs.org/resolve/-/resolve-1.22.12.tgz 53187ms (cache miss)
3702 http fetch GET 200 https://registry.npmjs.org/minimatch/-/minimatch-10.2.6.tgz 53248ms (cache miss)
3703 http fetch GET 200 https://registry.npmjs.org/postcss/-/postcss-8.4.31.tgz 53263ms (cache miss)
3704 http fetch GET 200 https://registry.npmjs.org/fast-glob/-/fast-glob-3.3.3.tgz 53280ms (cache miss)
3705 http fetch GET 200 https://registry.npmjs.org/@typescript-eslint/scope-manager/-/scope-manager-8.66.0.tgz 53342ms (cache miss)
3706 http fetch GET 200 https://registry.npmjs.org/tailwindcss/-/tailwindcss-3.4.19.tgz 53557ms (cache miss)
3707 http fetch GET 200 https://registry.npmjs.org/resolve/-/resolve-1.22.12.tgz 53595ms (cache miss)
3708 http fetch GET 200 https://registry.npmjs.org/eslint-plugin-react/-/eslint-plugin-react-7.37.5.tgz 53643ms (cache miss)
3709 http fetch GET 200 https://registry.npmjs.org/@typescript-eslint/eslint-plugin/-/eslint-plugin-8.66.0.tgz 53930ms (cache miss)
3710 http fetch GET 200 https://registry.npmjs.org/eslint/-/eslint-9.39.5.tgz 54052ms (cache miss)
3711 http fetch GET https://registry.npmjs.org/ast-types-flow/-/ast-types-flow-0.0.8.tgz attempt 1 failed with ECONNRESET
3712 http fetch GET 200 https://registry.npmjs.org/caniuse-lite/-/caniuse-lite-1.0.30001806.tgz 54949ms (cache miss)
3713 http fetch GET 200 https://registry.npmjs.org/safe-regex-test/-/safe-regex-test-1.1.0.tgz 55254ms attempt #2 (cache miss)
3714 http fetch GET 200 https://registry.npmjs.org/typescript/-/typescript-5.9.3.tgz 55263ms (cache miss)
3715 http fetch GET https://registry.npmjs.org/possible-typed-array-names/-/possible-typed-array-names-1.1.0.tgz attempt 1 failed with ECONNRESET
3716 http fetch GET 200 https://registry.npmjs.org/next 3389ms (cache miss)
3717 silly packumentCache corgi:https://registry.npmjs.org/next set size:undefined disposed:false
3718 http fetch GET 200 https://registry.npmjs.org/set-proto/-/set-proto-1.0.0.tgz 57177ms attempt #2 (cache miss)
3719 http fetch GET 200 https://registry.npmjs.org/is-shared-array-buffer/-/is-shared-array-buffer-1.0.4.tgz 58620ms attempt #2 (cache miss)
3720 http fetch GET 200 https://registry.npmjs.org/es-abstract/-/es-abstract-1.24.2.tgz 58776ms (cache miss)
3721 http fetch GET 200 https://registry.npmjs.org/lucide-react/-/lucide-react-0.468.0.tgz 62117ms (cache miss)
3722 http fetch GET 200 https://registry.npmjs.org/aria-query/-/aria-query-5.3.2.tgz 63205ms attempt #2 (cache miss)
3723 http fetch GET 200 https://registry.npmjs.org/@next/swc-win32-x64-msvc/-/swc-win32-x64-msvc-15.5.22.tgz 67207ms (cache miss)
3724 http fetch GET 200 https://registry.npmjs.org/ast-types-flow/-/ast-types-flow-0.0.8.tgz 69159ms attempt #2 (cache miss)
3725 http fetch GET 200 https://registry.npmjs.org/possible-typed-array-names/-/possible-typed-array-names-1.1.0.tgz 69200ms attempt #2 (cache miss)
